#! /c/Source/iverilog-install/bin/vvp
:ivl_version "12.0 (devel)" "(s20150603-1539-g2693dd32b)";
:ivl_delay_selection "TYPICAL";
:vpi_time_precision - 12;
:vpi_module "D:\AppDownload\iverilog\iverilog\lib\ivl\system.vpi";
:vpi_module "D:\AppDownload\iverilog\iverilog\lib\ivl\vhdl_sys.vpi";
:vpi_module "D:\AppDownload\iverilog\iverilog\lib\ivl\vhdl_textio.vpi";
:vpi_module "D:\AppDownload\iverilog\iverilog\lib\ivl\v2005_math.vpi";
:vpi_module "D:\AppDownload\iverilog\iverilog\lib\ivl\va_math.vpi";
S_00000236e6f37870 .scope module, "tb" "tb" 2 105;
 .timescale -9 -12;
L_00000236e7019480 .functor BUFZ 32, L_00000236e7023290, C4<00000000000000000000000000000000>, C4<00000000000000000000000000000000>, C4<00000000000000000000000000000000>;
L_00000236e70195d0 .functor BUFZ 32, L_00000236e7023bf0, C4<00000000000000000000000000000000>, C4<00000000000000000000000000000000>, C4<00000000000000000000000000000000>;
v00000236e6fb2320_0 .net "DM_read_data", 31 0, L_00000236e70195d0;  1 drivers
v00000236e6fb2e60_0 .net "DM_write_addr", 31 0, L_00000236e7019410;  1 drivers
v00000236e6fb2960_0 .net "DM_write_data", 31 0, L_00000236e7022c50;  1 drivers
v00000236e6fb2140_0 .net "DM_write_enable", 0 0, L_00000236e701a050;  1 drivers
v00000236e6fb19c0_0 .net *"_ivl_2", 31 0, L_00000236e7023290;  1 drivers
v00000236e6fb3360_0 .net *"_ivl_8", 31 0, L_00000236e7023bf0;  1 drivers
v00000236e6fb2aa0_0 .var "clk", 0 0;
v00000236e6fb2b40 .array "dmem", 255 0, 31 0;
v00000236e6fb23c0_0 .net "dmem_word_addr", 29 0, L_00000236e70244b0;  1 drivers
v00000236e6fb1ba0_0 .var/i "f_out", 31 0;
v00000236e6fb1ec0 .array "imem", 255 0, 31 0;
v00000236e6fb3b80_0 .net "instr", 31 0, L_00000236e7019480;  1 drivers
v00000236e6fb2d20_0 .net "instr_addr", 31 0, L_00000236e6f323f0;  1 drivers
v00000236e6fb4120_0 .var "reset", 0 0;
v00000236e6fb3cc0_0 .net "word_addr", 29 0, L_00000236e7024a50;  1 drivers
E_00000236e6f0a7e0 .event posedge, v00000236e6f2f080_0;
L_00000236e7024a50 .part L_00000236e6f323f0, 2, 30;
L_00000236e7023290 .array/port v00000236e6fb1ec0, L_00000236e7024a50;
L_00000236e70244b0 .part L_00000236e7019410, 2, 30;
L_00000236e7023bf0 .array/port v00000236e6fb2b40, L_00000236e70244b0;
S_00000236e6f37a00 .scope begin, "MEM_INIT" "MEM_INIT" 2 138, 2 138 0, S_00000236e6f37870;
 .timescale -9 -12;
v00000236e6f30340_0 .var/i "i", 31 0;
S_00000236e6a68660 .scope module, "u_cpu" "pipeline_top" 2 116, 3 9 0, S_00000236e6f37870;
 .timescale -9 -12;
    .port_info 0 /INPUT 1 "clk";
    .port_info 1 /INPUT 1 "reset";
    .port_info 2 /OUTPUT 32 "instr_addr";
    .port_info 3 /INPUT 32 "instr";
    .port_info 4 /OUTPUT 32 "DM_write_addr";
    .port_info 5 /OUTPUT 32 "DM_write_data";
    .port_info 6 /OUTPUT 1 "DM_write_enable";
    .port_info 7 /INPUT 32 "DM_read_data";
L_00000236e6f32fc0 .functor OR 1, L_00000236e7019a30, L_00000236e7019170, C4<0>, C4<0>;
L_00000236e6f33880 .functor OR 1, L_00000236e6f32fc0, L_00000236e701a590, C4<0>, C4<0>;
v00000236e6fa5270_0 .net "Branch_taken", 0 0, L_00000236e7019a30;  1 drivers
v00000236e6fa53b0_0 .net "Branch_target_addr", 31 0, L_00000236e7020630;  1 drivers
v00000236e6fa6490_0 .net "DM_read_data", 31 0, L_00000236e70195d0;  alias, 1 drivers
v00000236e6fa5450_0 .net "DM_write_addr", 31 0, L_00000236e7019410;  alias, 1 drivers
v00000236e6fa54f0_0 .net "DM_write_data", 31 0, L_00000236e7022c50;  alias, 1 drivers
v00000236e6fa5770_0 .net "DM_write_enable", 0 0, L_00000236e701a050;  alias, 1 drivers
v00000236e6fa5810_0 .net "EX_allowin", 0 0, L_00000236e701a8a0;  1 drivers
v00000236e6fa58b0_0 .net "EX_to_MA_bus", 99 0, L_00000236e7024050;  1 drivers
v00000236e6fa5c70_0 .net "EX_to_MA_valid", 0 0, L_00000236e7019640;  1 drivers
L_00000236e6fb4978 .functor BUFT 1, C4<0>, C4<0>, C4<0>, C4<0>;
v00000236e6fa5d10_0 .net "Flush_IDEX", 0 0, L_00000236e6fb4978;  1 drivers
v00000236e6f2f9e0_0 .net "Flush_IFID", 0 0, L_00000236e6f33880;  1 drivers
v00000236e6fb1b00_0 .net "ID_allowin", 0 0, L_00000236e6f33b20;  1 drivers
v00000236e6fb2820_0 .net "ID_to_EX_bus", 149 0, L_00000236e7021350;  1 drivers
v00000236e6fb2500_0 .net "ID_to_EX_valid", 0 0, L_00000236e6f339d0;  1 drivers
v00000236e6fb3ae0_0 .net "IF_to_ID_bus", 63 0, L_00000236e6fb3e00;  1 drivers
v00000236e6fb21e0_0 .net "IF_to_ID_valid", 0 0, L_00000236e6f33730;  1 drivers
v00000236e6fb2c80_0 .net "Jal_taken", 0 0, L_00000236e7019170;  1 drivers
v00000236e6fb3680_0 .net "Jal_target_addr", 31 0, L_00000236e7021030;  1 drivers
v00000236e6fb25a0_0 .net "Jalr_taken", 0 0, L_00000236e701a590;  1 drivers
v00000236e6fb1ce0_0 .net "Jalr_target_addr", 31 0, L_00000236e701aa60;  1 drivers
v00000236e6fb2a00_0 .net "MA_allowin", 0 0, L_00000236e70191e0;  1 drivers
v00000236e6fb2640_0 .net "MA_to_WB_bus", 69 0, L_00000236e70229d0;  1 drivers
v00000236e6fb2be0_0 .net "MA_to_WB_valid", 0 0, L_00000236e7019800;  1 drivers
v00000236e6fb26e0_0 .net "RF_write_addr", 4 0, L_00000236e701ab40;  1 drivers
v00000236e6fb28c0_0 .net "RF_write_data", 31 0, L_00000236e7023830;  1 drivers
v00000236e6fb2dc0_0 .net "RF_write_enable", 0 0, L_00000236e701a440;  1 drivers
v00000236e6fb3c20_0 .net "WB_allowin", 0 0, L_00000236e701a9f0;  1 drivers
v00000236e6fb3220_0 .net *"_ivl_1", 0 0, L_00000236e6f32fc0;  1 drivers
v00000236e6fb2780_0 .net "clk", 0 0, v00000236e6fb2aa0_0;  1 drivers
v00000236e6fb37c0_0 .net "instr", 31 0, L_00000236e7019480;  alias, 1 drivers
v00000236e6fb2280_0 .net "instr_addr", 31 0, L_00000236e6f323f0;  alias, 1 drivers
v00000236e6fb3f40_0 .net "reset", 0 0, v00000236e6fb4120_0;  1 drivers
S_00000236e6a687f0 .scope module, "u_EX_stage" "EX_stage" 3 106, 4 5 0, S_00000236e6a68660;
 .timescale -9 -12;
    .port_info 0 /INPUT 1 "clk";
    .port_info 1 /INPUT 1 "reset";
    .port_info 2 /INPUT 1 "FLUSH_IDEX";
    .port_info 3 /INPUT 1 "ID_to_EX_valid";
    .port_info 4 /INPUT 150 "ID_to_EX_bus";
    .port_info 5 /OUTPUT 1 "EX_allowin";
    .port_info 6 /INPUT 1 "MA_allowin";
    .port_info 7 /OUTPUT 1 "EX_to_MA_valid";
    .port_info 8 /OUTPUT 100 "EX_to_MA_bus";
L_00000236e6fb5038 .functor BUFT 1, C4<1>, C4<0>, C4<0>, C4<0>;
L_00000236e7019b10 .functor AND 1, L_00000236e6fb5038, L_00000236e70191e0, C4<1>, C4<1>;
L_00000236e701a8a0 .functor OR 1, L_00000236e70213f0, L_00000236e7019b10, C4<0>, C4<0>;
L_00000236e7019640 .functor AND 1, v00000236e6f2fee0_0, L_00000236e6fb5038, C4<1>, C4<1>;
L_00000236e6fb50c8 .functor BUFT 1, C4<0>, C4<0>, C4<0>, C4<0>;
L_00000236e701ac20 .functor XNOR 1, L_00000236e70240f0, L_00000236e6fb50c8, C4<0>, C4<0>;
L_00000236e6fb5110 .functor BUFT 1, C4<0>, C4<0>, C4<0>, C4<0>;
L_00000236e701abb0 .functor XNOR 1, L_00000236e7022750, L_00000236e6fb5110, C4<0>, C4<0>;
v00000236e6f2f1c0_0 .net "A", 31 0, L_00000236e7024cd0;  1 drivers
v00000236e6f2ea40_0 .net "ALUOp", 3 0, L_00000236e70235b0;  1 drivers
v00000236e6f2fda0_0 .net "ALUSrc1", 0 0, L_00000236e70240f0;  1 drivers
v00000236e6f2e400_0 .net "ALUSrc2", 0 0, L_00000236e7022750;  1 drivers
v00000236e6f2f620_0 .net "B", 31 0, L_00000236e7024eb0;  1 drivers
v00000236e6f2f760_0 .net "EX_DMType", 2 0, L_00000236e7023650;  1 drivers
v00000236e6f2fb20_0 .net "EX_MemWrite", 0 0, L_00000236e7024190;  1 drivers
v00000236e6f2e900_0 .net "EX_MemtoReg", 0 0, L_00000236e7023330;  1 drivers
v00000236e6f2e180_0 .net "EX_PC_plus_4", 31 0, L_00000236e7023d30;  1 drivers
v00000236e6f2fe40_0 .net "EX_RegWrite", 0 0, L_00000236e7023470;  1 drivers
v00000236e6f2f300_0 .net "EX_allowin", 0 0, L_00000236e701a8a0;  alias, 1 drivers
v00000236e6f30020_0 .net "EX_immout", 31 0, L_00000236e7024d70;  1 drivers
v00000236e6f2e9a0_0 .net "EX_rd", 4 0, L_00000236e7024730;  1 drivers
v00000236e6f305c0_0 .net "EX_ready_go", 0 0, L_00000236e6fb5038;  1 drivers
v00000236e6f300c0_0 .net "EX_to_MA_bus", 99 0, L_00000236e7024050;  alias, 1 drivers
v00000236e6f303e0_0 .net "EX_to_MA_valid", 0 0, L_00000236e7019640;  alias, 1 drivers
v00000236e6f2fee0_0 .var "EX_valid", 0 0;
v00000236e6f2ed60_0 .net "FLUSH_IDEX", 0 0, L_00000236e6fb4978;  alias, 1 drivers
v00000236e6f30840_0 .net "ID_to_EX_bus", 149 0, L_00000236e7021350;  alias, 1 drivers
v00000236e6f2f800_0 .var "ID_to_EX_bus_reg", 149 0;
v00000236e6f2f8a0_0 .net "ID_to_EX_valid", 0 0, L_00000236e6f339d0;  alias, 1 drivers
v00000236e6f2e220_0 .net "MA_allowin", 0 0, L_00000236e70191e0;  alias, 1 drivers
v00000236e6f2f260_0 .net "PC_addr", 31 0, L_00000236e7021530;  1 drivers
v00000236e6f30160_0 .net "RD1", 31 0, L_00000236e70247d0;  1 drivers
v00000236e6f30660_0 .net "RD2", 31 0, L_00000236e7023e70;  1 drivers
v00000236e6f2ee00_0 .net *"_ivl_24", 176 0, L_00000236e7024870;  1 drivers
L_00000236e6fb5080 .functor BUFT 1, C4<000000000000000000000000000>, C4<0>, C4<0>, C4<0>;
v00000236e6f2e680_0 .net *"_ivl_27", 26 0, L_00000236e6fb5080;  1 drivers
v00000236e6f2ff80_0 .net/2u *"_ivl_28", 0 0, L_00000236e6fb50c8;  1 drivers
v00000236e6f2e4a0_0 .net *"_ivl_3", 0 0, L_00000236e70213f0;  1 drivers
v00000236e6f2f940_0 .net *"_ivl_30", 0 0, L_00000236e701ac20;  1 drivers
v00000236e6f30480_0 .net/2u *"_ivl_34", 0 0, L_00000236e6fb5110;  1 drivers
v00000236e6f2efe0_0 .net *"_ivl_36", 0 0, L_00000236e701abb0;  1 drivers
v00000236e6f30520_0 .net *"_ivl_40", 106 0, L_00000236e7022b10;  1 drivers
v00000236e6f30700_0 .net *"_ivl_5", 0 0, L_00000236e7019b10;  1 drivers
v00000236e6f2eae0_0 .net "aluout", 31 0, v00000236e6f2f6c0_0;  1 drivers
v00000236e6f2f080_0 .net "clk", 0 0, v00000236e6fb2aa0_0;  alias, 1 drivers
v00000236e6f2eb80_0 .net "reset", 0 0, v00000236e6fb4120_0;  alias, 1 drivers
E_00000236e6f09ca0 .event posedge, v00000236e6f2eb80_0, v00000236e6f2f080_0;
L_00000236e70213f0 .reduce/nor v00000236e6f2fee0_0;
L_00000236e7021530 .part L_00000236e7024870, 145, 32;
L_00000236e7023d30 .part L_00000236e7024870, 113, 32;
L_00000236e70247d0 .part L_00000236e7024870, 81, 32;
L_00000236e7023e70 .part L_00000236e7024870, 49, 32;
L_00000236e7024d70 .part L_00000236e7024870, 17, 32;
L_00000236e70235b0 .part L_00000236e7024870, 13, 4;
L_00000236e70240f0 .part L_00000236e7024870, 12, 1;
L_00000236e7022750 .part L_00000236e7024870, 11, 1;
L_00000236e7024190 .part L_00000236e7024870, 10, 1;
L_00000236e7023650 .part L_00000236e7024870, 7, 3;
L_00000236e7023330 .part L_00000236e7024870, 6, 1;
L_00000236e7023470 .part L_00000236e7024870, 5, 1;
L_00000236e7024730 .part L_00000236e7024870, 0, 5;
L_00000236e7024870 .concat [ 150 27 0 0], v00000236e6f2f800_0, L_00000236e6fb5080;
L_00000236e7024cd0 .functor MUXZ 32, L_00000236e7021530, L_00000236e70247d0, L_00000236e701ac20, C4<>;
L_00000236e7024eb0 .functor MUXZ 32, L_00000236e7024d70, L_00000236e7023e70, L_00000236e701abb0, C4<>;
LS_00000236e7022b10_0_0 .concat [ 5 1 1 3], L_00000236e7024730, L_00000236e7023470, L_00000236e7023330, L_00000236e7023650;
LS_00000236e7022b10_0_4 .concat [ 1 32 32 32], L_00000236e7024190, L_00000236e7023d30, L_00000236e7023e70, v00000236e6f2f6c0_0;
L_00000236e7022b10 .concat [ 10 97 0 0], LS_00000236e7022b10_0_0, LS_00000236e7022b10_0_4;
L_00000236e7024050 .part L_00000236e7022b10, 0, 100;
S_00000236e6a5e590 .scope module, "ALU" "alu" 4 73, 5 6 0, S_00000236e6a687f0;
 .timescale -9 -12;
    .port_info 0 /INPUT 32 "A";
    .port_info 1 /INPUT 32 "B";
    .port_info 2 /INPUT 4 "ALUOp";
    .port_info 3 /OUTPUT 32 "C";
v00000236e6f2e0e0_0 .net/s "A", 31 0, L_00000236e7024cd0;  alias, 1 drivers
v00000236e6f2ecc0_0 .net "ALUOp", 3 0, L_00000236e70235b0;  alias, 1 drivers
v00000236e6f2f580_0 .net/s "B", 31 0, L_00000236e7024eb0;  alias, 1 drivers
v00000236e6f2f6c0_0 .var/s "C", 31 0;
E_00000236e6f0a260 .event anyedge, v00000236e6f2ecc0_0, v00000236e6f2e0e0_0, v00000236e6f2f580_0;
S_00000236e6a8ad70 .scope module, "u_ID_stage" "ID_stage" 3 81, 6 5 0, S_00000236e6a68660;
 .timescale -9 -12;
    .port_info 0 /INPUT 1 "clk";
    .port_info 1 /INPUT 1 "reset";
    .port_info 2 /INPUT 1 "FLUSH_IFID";
    .port_info 3 /INPUT 1 "IF_to_ID_valid";
    .port_info 4 /INPUT 64 "IF_to_ID_bus";
    .port_info 5 /OUTPUT 1 "ID_allowin";
    .port_info 6 /INPUT 1 "EX_allowin";
    .port_info 7 /OUTPUT 1 "ID_to_EX_valid";
    .port_info 8 /OUTPUT 150 "ID_to_EX_bus";
    .port_info 9 /INPUT 1 "WB_RF_write_enable";
    .port_info 10 /INPUT 5 "WB_RF_write_addr";
    .port_info 11 /INPUT 32 "WB_RF_write_data";
    .port_info 12 /OUTPUT 1 "Branch_taken";
    .port_info 13 /OUTPUT 32 "Branch_target_addr";
    .port_info 14 /OUTPUT 1 "Jal_taken";
    .port_info 15 /OUTPUT 32 "Jal_target_addr";
    .port_info 16 /OUTPUT 1 "Jalr_taken";
    .port_info 17 /OUTPUT 32 "Jalr_target_addr";
L_00000236e6fb4a50 .functor BUFT 1, C4<1>, C4<0>, C4<0>, C4<0>;
L_00000236e6f332d0 .functor AND 1, L_00000236e6fb4a50, L_00000236e701a8a0, C4<1>, C4<1>;
L_00000236e6f33b20 .functor OR 1, L_00000236e6fb30e0, L_00000236e6f332d0, C4<0>, C4<0>;
L_00000236e6f339d0 .functor AND 1, v00000236e6fa8ab0_0, L_00000236e6fb4a50, C4<1>, C4<1>;
L_00000236e7019090 .functor AND 1, v00000236e6fa8ab0_0, L_00000236e7020b30, C4<1>, C4<1>;
L_00000236e7019a30 .functor AND 1, L_00000236e7019090, L_00000236e7021710, C4<1>, C4<1>;
L_00000236e7019170 .functor AND 1, v00000236e6fa8ab0_0, L_00000236e7020d10, C4<1>, C4<1>;
L_00000236e701a590 .functor AND 1, v00000236e6fa8ab0_0, L_00000236e70210d0, C4<1>, C4<1>;
L_00000236e6fb4fa8 .functor BUFT 1, C4<11111111111111111111111111111110>, C4<0>, C4<0>, C4<0>;
L_00000236e701aa60 .functor AND 32, L_00000236e7021170, L_00000236e6fb4fa8, C4<11111111111111111111111111111111>, C4<11111111111111111111111111111111>;
v00000236e6fa81f0_0 .net "ALUOp", 3 0, v00000236e6f30b60_0;  1 drivers
v00000236e6fa8010_0 .net "ALUSrc1", 0 0, v00000236e6f31420_0;  1 drivers
v00000236e6fa79d0_0 .net "ALUSrc2", 0 0, v00000236e6f31a60_0;  1 drivers
v00000236e6fa8290_0 .net "BranchOp", 2 0, v00000236e6efa8b0_0;  1 drivers
v00000236e6fa7c50_0 .net "Branch_taken", 0 0, L_00000236e7019a30;  alias, 1 drivers
v00000236e6fa90f0_0 .net "Branch_target_addr", 31 0, L_00000236e7020630;  alias, 1 drivers
v00000236e6fa8e70_0 .net "DMType", 2 0, v00000236e6ef8470_0;  1 drivers
v00000236e6fa94b0_0 .net "EXTOp", 2 0, L_00000236e70192c0;  1 drivers
v00000236e6fa8330_0 .net "EX_allowin", 0 0, L_00000236e701a8a0;  alias, 1 drivers
v00000236e6fa83d0_0 .net "FLUSH_IFID", 0 0, L_00000236e6f33880;  alias, 1 drivers
v00000236e6fa7250_0 .net "ID_allowin", 0 0, L_00000236e6f33b20;  alias, 1 drivers
v00000236e6fa7b10_0 .net "ID_ready_go", 0 0, L_00000236e6fb4a50;  1 drivers
v00000236e6fa95f0_0 .net "ID_to_EX_bus", 149 0, L_00000236e7021350;  alias, 1 drivers
v00000236e6fa8790_0 .net "ID_to_EX_valid", 0 0, L_00000236e6f339d0;  alias, 1 drivers
v00000236e6fa8ab0_0 .var "ID_valid", 0 0;
v00000236e6fa72f0_0 .net "IF_to_ID_bus", 63 0, L_00000236e6fb3e00;  alias, 1 drivers
v00000236e6fa8f10_0 .var "IF_to_ID_bus_reg", 63 0;
v00000236e6fa85b0_0 .net "IF_to_ID_valid", 0 0, L_00000236e6f33730;  alias, 1 drivers
v00000236e6fa9410_0 .net "Jal_taken", 0 0, L_00000236e7019170;  alias, 1 drivers
v00000236e6fa7610_0 .net "Jal_target_addr", 31 0, L_00000236e7021030;  alias, 1 drivers
v00000236e6fa8fb0_0 .net "Jalr_taken", 0 0, L_00000236e701a590;  alias, 1 drivers
v00000236e6fa9230_0 .net "Jalr_target_addr", 31 0, L_00000236e701aa60;  alias, 1 drivers
v00000236e6fa8510_0 .net "MemWrite", 0 0, L_00000236e7019250;  1 drivers
v00000236e6fa7750_0 .net "MemtoReg", 1 0, v00000236e6f946a0_0;  1 drivers
v00000236e6fa7e30_0 .net "PC_addr", 31 0, L_00000236e6fb3ea0;  1 drivers
v00000236e6fa9550_0 .net "PC_plus_4", 31 0, L_00000236e7021210;  1 drivers
v00000236e6fa88d0_0 .net "RD1", 31 0, L_00000236e7022430;  1 drivers
v00000236e6fa9050_0 .net "RD2", 31 0, L_00000236e70224d0;  1 drivers
v00000236e6fa8b50_0 .net "RegWrite", 0 0, L_00000236e70193a0;  1 drivers
v00000236e6fa8bf0_0 .net "WB_RF_write_addr", 4 0, L_00000236e701ab40;  alias, 1 drivers
v00000236e6fa8650_0 .net "WB_RF_write_data", 31 0, L_00000236e7023830;  alias, 1 drivers
v00000236e6fa77f0_0 .net "WB_RF_write_enable", 0 0, L_00000236e701a440;  alias, 1 drivers
v00000236e6fa7ed0_0 .net *"_ivl_101", 0 0, L_00000236e701fff0;  1 drivers
L_00000236e6fb4ed0 .functor BUFT 1, C4<0>, C4<0>, C4<0>, C4<0>;
v00000236e6fa86f0_0 .net/2u *"_ivl_103", 0 0, L_00000236e6fb4ed0;  1 drivers
v00000236e6fa92d0_0 .net *"_ivl_105", 0 0, L_00000236e7020f90;  1 drivers
v00000236e6fa76b0_0 .net *"_ivl_107", 0 0, L_00000236e7020590;  1 drivers
v00000236e6fa7a70_0 .net *"_ivl_109", 0 0, L_00000236e7020130;  1 drivers
v00000236e6fa7f70_0 .net *"_ivl_111", 0 0, L_00000236e70209f0;  1 drivers
v00000236e6fa9370_0 .net *"_ivl_113", 0 0, L_00000236e7020c70;  1 drivers
v00000236e6fa80b0_0 .net *"_ivl_115", 0 0, L_00000236e7021710;  1 drivers
L_00000236e6fb4f18 .functor BUFT 1, C4<1101111>, C4<0>, C4<0>, C4<0>;
v00000236e6fa8150_0 .net/2u *"_ivl_121", 6 0, L_00000236e6fb4f18;  1 drivers
v00000236e6fa8830_0 .net *"_ivl_123", 0 0, L_00000236e7020d10;  1 drivers
L_00000236e6fb4f60 .functor BUFT 1, C4<1100111>, C4<0>, C4<0>, C4<0>;
v00000236e6fa7bb0_0 .net/2u *"_ivl_129", 6 0, L_00000236e6fb4f60;  1 drivers
v00000236e6fa9690_0 .net *"_ivl_131", 0 0, L_00000236e70210d0;  1 drivers
v00000236e6fa7390_0 .net *"_ivl_135", 31 0, L_00000236e7021170;  1 drivers
v00000236e6fa8970_0 .net/2u *"_ivl_137", 31 0, L_00000236e6fb4fa8;  1 drivers
v00000236e6fa8a10_0 .net *"_ivl_14", 63 0, v00000236e6fa8f10_0;  1 drivers
L_00000236e6fb4ff0 .functor BUFT 1, C4<00000000000000000000000000000100>, C4<0>, C4<0>, C4<0>;
v00000236e6fa8c90_0 .net/2u *"_ivl_141", 31 0, L_00000236e6fb4ff0;  1 drivers
v00000236e6fa8d30_0 .net *"_ivl_145", 177 0, L_00000236e70212b0;  1 drivers
v00000236e6fa9730_0 .net *"_ivl_3", 0 0, L_00000236e6fb30e0;  1 drivers
v00000236e6fa97d0_0 .net *"_ivl_32", 6 0, L_00000236e6fb4080;  1 drivers
v00000236e6fa7430_0 .net *"_ivl_34", 4 0, L_00000236e6fb3720;  1 drivers
v00000236e6fa74d0_0 .net *"_ivl_38", 0 0, L_00000236e6fb1e20;  1 drivers
v00000236e6fa7570_0 .net *"_ivl_40", 0 0, L_00000236e6fb1a60;  1 drivers
v00000236e6fa7890_0 .net *"_ivl_42", 5 0, L_00000236e6fb39a0;  1 drivers
v00000236e6fab490_0 .net *"_ivl_44", 3 0, L_00000236e6fb1c40;  1 drivers
v00000236e6fab530_0 .net *"_ivl_5", 0 0, L_00000236e6f332d0;  1 drivers
v00000236e6faa1d0_0 .net *"_ivl_50", 0 0, L_00000236e6fb2000;  1 drivers
v00000236e6faad10_0 .net *"_ivl_52", 7 0, L_00000236e6fb20a0;  1 drivers
v00000236e6fabfd0_0 .net *"_ivl_54", 0 0, L_00000236e6fb2460;  1 drivers
v00000236e6fa9e10_0 .net *"_ivl_56", 9 0, L_00000236e6fb41c0;  1 drivers
v00000236e6faa130_0 .net *"_ivl_72", 6 0, L_00000236e701ff50;  1 drivers
L_00000236e6fb4cd8 .functor BUFT 1, C4<1100011>, C4<0>, C4<0>, C4<0>;
v00000236e6fa9c30_0 .net/2u *"_ivl_73", 6 0, L_00000236e6fb4cd8;  1 drivers
v00000236e6fab350_0 .net *"_ivl_78", 0 0, L_00000236e7019090;  1 drivers
L_00000236e6fb4d20 .functor BUFT 1, C4<001>, C4<0>, C4<0>, C4<0>;
v00000236e6faabd0_0 .net/2u *"_ivl_79", 2 0, L_00000236e6fb4d20;  1 drivers
v00000236e6faa590_0 .net *"_ivl_81", 0 0, L_00000236e7020770;  1 drivers
L_00000236e6fb4d68 .functor BUFT 1, C4<010>, C4<0>, C4<0>, C4<0>;
v00000236e6faa270_0 .net/2u *"_ivl_83", 2 0, L_00000236e6fb4d68;  1 drivers
v00000236e6fabe90_0 .net *"_ivl_85", 0 0, L_00000236e7022610;  1 drivers
L_00000236e6fb4db0 .functor BUFT 1, C4<011>, C4<0>, C4<0>, C4<0>;
v00000236e6fab990_0 .net/2u *"_ivl_87", 2 0, L_00000236e6fb4db0;  1 drivers
v00000236e6fabad0_0 .net *"_ivl_89", 0 0, L_00000236e7020810;  1 drivers
L_00000236e6fb4df8 .functor BUFT 1, C4<100>, C4<0>, C4<0>, C4<0>;
v00000236e6fab7b0_0 .net/2u *"_ivl_91", 2 0, L_00000236e6fb4df8;  1 drivers
v00000236e6faa4f0_0 .net *"_ivl_93", 0 0, L_00000236e70226b0;  1 drivers
L_00000236e6fb4e40 .functor BUFT 1, C4<101>, C4<0>, C4<0>, C4<0>;
v00000236e6fac110_0 .net/2u *"_ivl_95", 2 0, L_00000236e6fb4e40;  1 drivers
v00000236e6faac70_0 .net *"_ivl_97", 0 0, L_00000236e7020950;  1 drivers
L_00000236e6fb4e88 .functor BUFT 1, C4<110>, C4<0>, C4<0>, C4<0>;
v00000236e6faaef0_0 .net/2u *"_ivl_99", 2 0, L_00000236e6fb4e88;  1 drivers
v00000236e6fa9d70_0 .net "bimm", 11 0, L_00000236e6fb1f60;  1 drivers
v00000236e6fabb70_0 .net "branch_eq", 0 0, L_00000236e7022570;  1 drivers
v00000236e6faadb0_0 .net "branch_ge", 0 0, L_00000236e7020450;  1 drivers
v00000236e6fac070_0 .net "branch_geu", 0 0, L_00000236e7021e90;  1 drivers
v00000236e6faa310_0 .net "branch_lt", 0 0, L_00000236e7021df0;  1 drivers
v00000236e6faa630_0 .net "branch_ltu", 0 0, L_00000236e7020bd0;  1 drivers
v00000236e6fa99b0_0 .net "branch_ne", 0 0, L_00000236e7020a90;  1 drivers
v00000236e6faba30_0 .net "clk", 0 0, v00000236e6fb2aa0_0;  alias, 1 drivers
v00000236e6fab5d0_0 .net "funct3", 2 0, L_00000236e6fb32c0;  1 drivers
v00000236e6fa9eb0_0 .net "funct7", 6 0, L_00000236e6fb3900;  1 drivers
v00000236e6fab670_0 .net "iimm", 11 0, L_00000236e6fb3fe0;  1 drivers
v00000236e6fabc10_0 .net "iimm_shamt", 4 0, L_00000236e6fb3540;  1 drivers
v00000236e6fab8f0_0 .net "immout", 31 0, v00000236e6f2e720_0;  1 drivers
v00000236e6faae50_0 .net "instr", 31 0, L_00000236e6fb3180;  1 drivers
v00000236e6fa9a50_0 .net "is_branch_type", 0 0, L_00000236e7020b30;  1 drivers
v00000236e6faa6d0_0 .net "jimm", 19 0, L_00000236e6fb44e0;  1 drivers
v00000236e6faa950_0 .net "opcode", 6 0, L_00000236e6fb1d80;  1 drivers
v00000236e6fa9f50_0 .net "rd", 4 0, L_00000236e6fb34a0;  1 drivers
v00000236e6fabcb0_0 .net "reset", 0 0, v00000236e6fb4120_0;  alias, 1 drivers
v00000236e6fa9af0_0 .net "rs1", 4 0, L_00000236e6fb3400;  1 drivers
v00000236e6faaa90_0 .net "rs2", 4 0, L_00000236e6fb35e0;  1 drivers
v00000236e6fabdf0_0 .net "simm", 11 0, L_00000236e6fb3860;  1 drivers
v00000236e6faaf90_0 .net "uimm", 19 0, L_00000236e6fb3a40;  1 drivers
L_00000236e6fb30e0 .reduce/nor v00000236e6fa8ab0_0;
L_00000236e6fb3ea0 .part v00000236e6fa8f10_0, 32, 32;
L_00000236e6fb3180 .part v00000236e6fa8f10_0, 0, 32;
L_00000236e6fb1d80 .part L_00000236e6fb3180, 0, 7;
L_00000236e6fb3900 .part L_00000236e6fb3180, 25, 7;
L_00000236e6fb32c0 .part L_00000236e6fb3180, 12, 3;
L_00000236e6fb3400 .part L_00000236e6fb3180, 15, 5;
L_00000236e6fb35e0 .part L_00000236e6fb3180, 20, 5;
L_00000236e6fb34a0 .part L_00000236e6fb3180, 7, 5;
L_00000236e6fb3540 .part L_00000236e6fb3180, 20, 5;
L_00000236e6fb3fe0 .part L_00000236e6fb3180, 20, 12;
L_00000236e6fb4080 .part L_00000236e6fb3180, 25, 7;
L_00000236e6fb3720 .part L_00000236e6fb3180, 7, 5;
L_00000236e6fb3860 .concat [ 5 7 0 0], L_00000236e6fb3720, L_00000236e6fb4080;
L_00000236e6fb1e20 .part L_00000236e6fb3180, 31, 1;
L_00000236e6fb1a60 .part L_00000236e6fb3180, 7, 1;
L_00000236e6fb39a0 .part L_00000236e6fb3180, 25, 6;
L_00000236e6fb1c40 .part L_00000236e6fb3180, 8, 4;
L_00000236e6fb1f60 .concat [ 4 6 1 1], L_00000236e6fb1c40, L_00000236e6fb39a0, L_00000236e6fb1a60, L_00000236e6fb1e20;
L_00000236e6fb3a40 .part L_00000236e6fb3180, 12, 20;
L_00000236e6fb2000 .part L_00000236e6fb3180, 31, 1;
L_00000236e6fb20a0 .part L_00000236e6fb3180, 12, 8;
L_00000236e6fb2460 .part L_00000236e6fb3180, 20, 1;
L_00000236e6fb41c0 .part L_00000236e6fb3180, 21, 10;
L_00000236e6fb44e0 .concat [ 10 1 8 1], L_00000236e6fb41c0, L_00000236e6fb2460, L_00000236e6fb20a0, L_00000236e6fb2000;
L_00000236e7022570 .cmp/eq 32, L_00000236e7022430, L_00000236e70224d0;
L_00000236e7020a90 .cmp/ne 32, L_00000236e7022430, L_00000236e70224d0;
L_00000236e7021df0 .cmp/gt.s 32, L_00000236e70224d0, L_00000236e7022430;
L_00000236e7020450 .cmp/ge.s 32, L_00000236e7022430, L_00000236e70224d0;
L_00000236e7020bd0 .cmp/gt 32, L_00000236e70224d0, L_00000236e7022430;
L_00000236e7021e90 .cmp/ge 32, L_00000236e7022430, L_00000236e70224d0;
L_00000236e701ff50 .part L_00000236e6fb3180, 0, 7;
L_00000236e7020b30 .cmp/eq 7, L_00000236e701ff50, L_00000236e6fb4cd8;
L_00000236e7020770 .cmp/eq 3, v00000236e6efa8b0_0, L_00000236e6fb4d20;
L_00000236e7022610 .cmp/eq 3, v00000236e6efa8b0_0, L_00000236e6fb4d68;
L_00000236e7020810 .cmp/eq 3, v00000236e6efa8b0_0, L_00000236e6fb4db0;
L_00000236e70226b0 .cmp/eq 3, v00000236e6efa8b0_0, L_00000236e6fb4df8;
L_00000236e7020950 .cmp/eq 3, v00000236e6efa8b0_0, L_00000236e6fb4e40;
L_00000236e701fff0 .cmp/eq 3, v00000236e6efa8b0_0, L_00000236e6fb4e88;
L_00000236e7020f90 .functor MUXZ 1, L_00000236e6fb4ed0, L_00000236e7021e90, L_00000236e701fff0, C4<>;
L_00000236e7020590 .functor MUXZ 1, L_00000236e7020f90, L_00000236e7020bd0, L_00000236e7020950, C4<>;
L_00000236e7020130 .functor MUXZ 1, L_00000236e7020590, L_00000236e7020450, L_00000236e70226b0, C4<>;
L_00000236e70209f0 .functor MUXZ 1, L_00000236e7020130, L_00000236e7021df0, L_00000236e7020810, C4<>;
L_00000236e7020c70 .functor MUXZ 1, L_00000236e70209f0, L_00000236e7020a90, L_00000236e7022610, C4<>;
L_00000236e7021710 .functor MUXZ 1, L_00000236e7020c70, L_00000236e7022570, L_00000236e7020770, C4<>;
L_00000236e7020630 .arith/sum 32, L_00000236e6fb3ea0, v00000236e6f2e720_0;
L_00000236e7020d10 .cmp/eq 7, L_00000236e6fb1d80, L_00000236e6fb4f18;
L_00000236e7021030 .arith/sum 32, L_00000236e6fb3ea0, v00000236e6f2e720_0;
L_00000236e70210d0 .cmp/eq 7, L_00000236e6fb1d80, L_00000236e6fb4f60;
L_00000236e7021170 .arith/sum 32, L_00000236e7022430, v00000236e6f2e720_0;
L_00000236e7021210 .arith/sum 32, L_00000236e6fb3ea0, L_00000236e6fb4ff0;
LS_00000236e70212b0_0_0 .concat [ 5 1 2 3], L_00000236e6fb34a0, L_00000236e70193a0, v00000236e6f946a0_0, v00000236e6ef8470_0;
LS_00000236e70212b0_0_4 .concat [ 1 1 1 4], L_00000236e7019250, v00000236e6f31a60_0, v00000236e6f31420_0, v00000236e6f30b60_0;
LS_00000236e70212b0_0_8 .concat [ 32 32 32 32], v00000236e6f2e720_0, L_00000236e70224d0, L_00000236e7022430, L_00000236e7021210;
LS_00000236e70212b0_0_12 .concat [ 32 0 0 0], L_00000236e6fb3ea0;
L_00000236e70212b0 .concat [ 11 7 128 32], LS_00000236e70212b0_0_0, LS_00000236e70212b0_0_4, LS_00000236e70212b0_0_8, LS_00000236e70212b0_0_12;
L_00000236e7021350 .part L_00000236e70212b0, 0, 150;
S_00000236e6a8af00 .scope module, "U_EXT" "EXT" 6 112, 7 2 0, S_00000236e6a8ad70;
 .timescale -9 -12;
    .port_info 0 /INPUT 5 "iimm_shamt";
    .port_info 1 /INPUT 12 "iimm";
    .port_info 2 /INPUT 12 "simm";
    .port_info 3 /INPUT 12 "bimm";
    .port_info 4 /INPUT 20 "uimm";
    .port_info 5 /INPUT 20 "jimm";
    .port_info 6 /INPUT 3 "EXTOp";
    .port_info 7 /OUTPUT 32 "immout";
v00000236e6f307a0_0 .net "EXTOp", 2 0, L_00000236e70192c0;  alias, 1 drivers
v00000236e6f2f120_0 .net "bimm", 11 0, L_00000236e6fb1f60;  alias, 1 drivers
v00000236e6f2e2c0_0 .net "iimm", 11 0, L_00000236e6fb3fe0;  alias, 1 drivers
v00000236e6f2e5e0_0 .net "iimm_shamt", 4 0, L_00000236e6fb3540;  alias, 1 drivers
v00000236e6f2e720_0 .var "immout", 31 0;
v00000236e6f2e7c0_0 .net "jimm", 19 0, L_00000236e6fb44e0;  alias, 1 drivers
v00000236e6f30e80_0 .net "simm", 11 0, L_00000236e6fb3860;  alias, 1 drivers
v00000236e6f30c00_0 .net "uimm", 19 0, L_00000236e6fb3a40;  alias, 1 drivers
E_00000236e6f09f20/0 .event anyedge, v00000236e6f307a0_0, v00000236e6f2e5e0_0, v00000236e6f2e2c0_0, v00000236e6f30e80_0;
E_00000236e6f09f20/1 .event anyedge, v00000236e6f2f120_0, v00000236e6f30c00_0, v00000236e6f2e7c0_0;
E_00000236e6f09f20 .event/or E_00000236e6f09f20/0, E_00000236e6f09f20/1;
S_00000236e6a7c8f0 .scope module, "U_RF" "RF" 6 98, 8 1 0, S_00000236e6a8ad70;
 .timescale -9 -12;
    .port_info 0 /INPUT 1 "clk";
    .port_info 1 /INPUT 1 "reset";
    .port_info 2 /INPUT 1 "RFWrite";
    .port_info 3 /INPUT 5 "rs1";
    .port_info 4 /INPUT 5 "rs2";
    .port_info 5 /INPUT 5 "rd";
    .port_info 6 /INPUT 32 "WriteData";
    .port_info 7 /OUTPUT 32 "RD1";
    .port_info 8 /OUTPUT 32 "RD2";
v00000236e6f31e20_0 .net "RD1", 31 0, L_00000236e7022430;  alias, 1 drivers
v00000236e6f31240_0 .net "RD2", 31 0, L_00000236e70224d0;  alias, 1 drivers
v00000236e6f30ca0_0 .net "RFWrite", 0 0, L_00000236e701a440;  alias, 1 drivers
v00000236e6f30fc0_0 .net "WriteData", 31 0, L_00000236e7023830;  alias, 1 drivers
v00000236e6f31d80_0 .net *"_ivl_0", 31 0, L_00000236e7020e50;  1 drivers
v00000236e6f31c40_0 .net *"_ivl_10", 6 0, L_00000236e70204f0;  1 drivers
L_00000236e6fb4b28 .functor BUFT 1, C4<00>, C4<0>, C4<0>, C4<0>;
v00000236e6f31060_0 .net *"_ivl_13", 1 0, L_00000236e6fb4b28;  1 drivers
L_00000236e6fb4b70 .functor BUFT 1, C4<00000000000000000000000000000000>, C4<0>, C4<0>, C4<0>;
v00000236e6f31100_0 .net/2u *"_ivl_14", 31 0, L_00000236e6fb4b70;  1 drivers
v00000236e6f31ec0_0 .net *"_ivl_18", 31 0, L_00000236e7020ef0;  1 drivers
L_00000236e6fb4bb8 .functor BUFT 1, C4<000000000000000000000000000>, C4<0>, C4<0>, C4<0>;
v00000236e6f30d40_0 .net *"_ivl_21", 26 0, L_00000236e6fb4bb8;  1 drivers
L_00000236e6fb4c00 .functor BUFT 1, C4<00000000000000000000000000000000>, C4<0>, C4<0>, C4<0>;
v00000236e6f30980_0 .net/2u *"_ivl_22", 31 0, L_00000236e6fb4c00;  1 drivers
v00000236e6f31f60_0 .net *"_ivl_24", 0 0, L_00000236e7021d50;  1 drivers
v00000236e6f30de0_0 .net *"_ivl_26", 31 0, L_00000236e7021ad0;  1 drivers
v00000236e6f316a0_0 .net *"_ivl_28", 6 0, L_00000236e70203b0;  1 drivers
L_00000236e6fb4a98 .functor BUFT 1, C4<000000000000000000000000000>, C4<0>, C4<0>, C4<0>;
v00000236e6f308e0_0 .net *"_ivl_3", 26 0, L_00000236e6fb4a98;  1 drivers
L_00000236e6fb4c48 .functor BUFT 1, C4<00>, C4<0>, C4<0>, C4<0>;
v00000236e6f314c0_0 .net *"_ivl_31", 1 0, L_00000236e6fb4c48;  1 drivers
L_00000236e6fb4c90 .functor BUFT 1, C4<00000000000000000000000000000000>, C4<0>, C4<0>, C4<0>;
v00000236e6f30f20_0 .net/2u *"_ivl_32", 31 0, L_00000236e6fb4c90;  1 drivers
L_00000236e6fb4ae0 .functor BUFT 1, C4<00000000000000000000000000000000>, C4<0>, C4<0>, C4<0>;
v00000236e6f31600_0 .net/2u *"_ivl_4", 31 0, L_00000236e6fb4ae0;  1 drivers
v00000236e6f30a20_0 .net *"_ivl_6", 0 0, L_00000236e7021a30;  1 drivers
v00000236e6f30ac0_0 .net *"_ivl_8", 31 0, L_00000236e7022390;  1 drivers
v00000236e6f31740_0 .net "clk", 0 0, v00000236e6fb2aa0_0;  alias, 1 drivers
v00000236e6f31ba0_0 .var/i "i", 31 0;
v00000236e6f311a0_0 .net "rd", 4 0, L_00000236e701ab40;  alias, 1 drivers
v00000236e6f312e0 .array "regfile", 0 31, 31 0;
v00000236e6f317e0_0 .net "reset", 0 0, v00000236e6fb4120_0;  alias, 1 drivers
v00000236e6f319c0_0 .net "rs1", 4 0, L_00000236e6fb3400;  alias, 1 drivers
v00000236e6f31880_0 .net "rs2", 4 0, L_00000236e6fb35e0;  alias, 1 drivers
E_00000236e6f0a360/0 .event negedge, v00000236e6f2f080_0;
E_00000236e6f0a360/1 .event posedge, v00000236e6f2eb80_0;
E_00000236e6f0a360 .event/or E_00000236e6f0a360/0, E_00000236e6f0a360/1;
L_00000236e7020e50 .concat [ 5 27 0 0], L_00000236e6fb3400, L_00000236e6fb4a98;
L_00000236e7021a30 .cmp/ne 32, L_00000236e7020e50, L_00000236e6fb4ae0;
L_00000236e7022390 .array/port v00000236e6f312e0, L_00000236e70204f0;
L_00000236e70204f0 .concat [ 5 2 0 0], L_00000236e6fb3400, L_00000236e6fb4b28;
L_00000236e7022430 .functor MUXZ 32, L_00000236e6fb4b70, L_00000236e7022390, L_00000236e7021a30, C4<>;
L_00000236e7020ef0 .concat [ 5 27 0 0], L_00000236e6fb35e0, L_00000236e6fb4bb8;
L_00000236e7021d50 .cmp/ne 32, L_00000236e7020ef0, L_00000236e6fb4c00;
L_00000236e7021ad0 .array/port v00000236e6f312e0, L_00000236e70203b0;
L_00000236e70203b0 .concat [ 5 2 0 0], L_00000236e6fb35e0, L_00000236e6fb4c48;
L_00000236e70224d0 .functor MUXZ 32, L_00000236e6fb4c90, L_00000236e7021ad0, L_00000236e7021d50, C4<>;
S_00000236e6a7ca80 .scope module, "u_ctrl" "ctrl" 6 81, 9 2 0, S_00000236e6a8ad70;
 .timescale -9 -12;
    .port_info 0 /INPUT 7 "Op";
    .port_info 1 /INPUT 7 "Funct7";
    .port_info 2 /INPUT 3 "Funct3";
    .port_info 3 /OUTPUT 1 "RegWrite";
    .port_info 4 /OUTPUT 1 "ALUSrc1";
    .port_info 5 /OUTPUT 1 "ALUSrc2";
    .port_info 6 /OUTPUT 1 "MemWrite";
    .port_info 7 /OUTPUT 3 "EXTOp";
    .port_info 8 /OUTPUT 3 "BranchOp";
    .port_info 9 /OUTPUT 4 "ALUOp";
    .port_info 10 /OUTPUT 3 "DMType";
    .port_info 11 /OUTPUT 2 "MemtoReg";
L_00000236e6f338f0 .functor NOT 1, L_00000236e6fb4800, C4<0>, C4<0>, C4<0>;
L_00000236e6f33b90 .functor AND 1, L_00000236e6f338f0, L_00000236e6fb4760, C4<1>, C4<1>;
L_00000236e6f33a40 .functor AND 1, L_00000236e6f33b90, L_00000236e6fb4440, C4<1>, C4<1>;
L_00000236e6f33260 .functor NOT 1, L_00000236e6fb48a0, C4<0>, C4<0>, C4<0>;
L_00000236e6f32ee0 .functor AND 1, L_00000236e6f33a40, L_00000236e6f33260, C4<1>, C4<1>;
L_00000236e6f33030 .functor NOT 1, L_00000236e6fb4260, C4<0>, C4<0>, C4<0>;
L_00000236e6f32620 .functor AND 1, L_00000236e6f32ee0, L_00000236e6f33030, C4<1>, C4<1>;
L_00000236e6f32700 .functor AND 1, L_00000236e6f32620, L_00000236e6fb43a0, C4<1>, C4<1>;
L_00000236e6f32690 .functor AND 1, L_00000236e6f32700, L_00000236e6fb4300, C4<1>, C4<1>;
L_00000236e6f32c40 .functor NOT 1, L_00000236e6fb4580, C4<0>, C4<0>, C4<0>;
L_00000236e6f32d90 .functor AND 1, L_00000236e6f32690, L_00000236e6f32c40, C4<1>, C4<1>;
L_00000236e6f330a0 .functor NOT 1, L_00000236e6fb4620, C4<0>, C4<0>, C4<0>;
L_00000236e6f32770 .functor AND 1, L_00000236e6f32d90, L_00000236e6f330a0, C4<1>, C4<1>;
L_00000236e6f33ab0 .functor NOT 1, L_00000236e6fb46c0, C4<0>, C4<0>, C4<0>;
L_00000236e6f32380 .functor AND 1, L_00000236e6f32770, L_00000236e6f33ab0, C4<1>, C4<1>;
L_00000236e6f33340 .functor NOT 1, L_00000236e6fadc80, C4<0>, C4<0>, C4<0>;
L_00000236e6f32460 .functor AND 1, L_00000236e6f32380, L_00000236e6f33340, C4<1>, C4<1>;
L_00000236e6f327e0 .functor NOT 1, L_00000236e6fad8c0, C4<0>, C4<0>, C4<0>;
L_00000236e6f32850 .functor AND 1, L_00000236e6f32690, L_00000236e6f327e0, C4<1>, C4<1>;
L_00000236e6f33110 .functor NOT 1, L_00000236e6fadfa0, C4<0>, C4<0>, C4<0>;
L_00000236e6f32150 .functor AND 1, L_00000236e6f32850, L_00000236e6f33110, C4<1>, C4<1>;
L_00000236e6f324d0 .functor NOT 1, L_00000236e6faec20, C4<0>, C4<0>, C4<0>;
L_00000236e6f32cb0 .functor AND 1, L_00000236e6f32150, L_00000236e6f324d0, C4<1>, C4<1>;
L_00000236e6f33c00 .functor AND 1, L_00000236e6f32cb0, L_00000236e6fac9c0, C4<1>, C4<1>;
L_00000236e6f33180 .functor NOT 1, L_00000236e6fae2c0, C4<0>, C4<0>, C4<0>;
L_00000236e6f32e00 .functor AND 1, L_00000236e6f32690, L_00000236e6f33180, C4<1>, C4<1>;
L_00000236e6f321c0 .functor NOT 1, L_00000236e6fadf00, C4<0>, C4<0>, C4<0>;
L_00000236e6f32d20 .functor AND 1, L_00000236e6f32e00, L_00000236e6f321c0, C4<1>, C4<1>;
L_00000236e6f32230 .functor AND 1, L_00000236e6f32d20, L_00000236e6fae7c0, C4<1>, C4<1>;
L_00000236e6f335e0 .functor NOT 1, L_00000236e6fae0e0, C4<0>, C4<0>, C4<0>;
L_00000236e6f329a0 .functor AND 1, L_00000236e6f32690, L_00000236e6f335e0, C4<1>, C4<1>;
L_00000236e6f32540 .functor AND 1, L_00000236e6f329a0, L_00000236e6faddc0, C4<1>, C4<1>;
L_00000236e6f32930 .functor NOT 1, L_00000236e6faca60, C4<0>, C4<0>, C4<0>;
L_00000236e6f325b0 .functor AND 1, L_00000236e6f32540, L_00000236e6f32930, C4<1>, C4<1>;
L_00000236e6f32a10 .functor NOT 1, L_00000236e6facec0, C4<0>, C4<0>, C4<0>;
L_00000236e6f32a80 .functor AND 1, L_00000236e6f32690, L_00000236e6f32a10, C4<1>, C4<1>;
L_00000236e6f33650 .functor AND 1, L_00000236e6f32a80, L_00000236e6faeae0, C4<1>, C4<1>;
L_00000236e6f32af0 .functor AND 1, L_00000236e6f33650, L_00000236e6fae680, C4<1>, C4<1>;
L_00000236e6f32bd0 .functor AND 1, L_00000236e6f32690, L_00000236e6fad500, C4<1>, C4<1>;
L_00000236e6f33570 .functor NOT 1, L_00000236e6fad5a0, C4<0>, C4<0>, C4<0>;
L_00000236e6f331f0 .functor AND 1, L_00000236e6f32bd0, L_00000236e6f33570, C4<1>, C4<1>;
L_00000236e6f33420 .functor NOT 1, L_00000236e6facce0, C4<0>, C4<0>, C4<0>;
L_00000236e6f32b60 .functor AND 1, L_00000236e6f331f0, L_00000236e6f33420, C4<1>, C4<1>;
L_00000236e6f33500 .functor AND 1, L_00000236e6f32690, L_00000236e6faea40, C4<1>, C4<1>;
L_00000236e6f32e70 .functor NOT 1, L_00000236e6fade60, C4<0>, C4<0>, C4<0>;
L_00000236e6f336c0 .functor AND 1, L_00000236e6f33500, L_00000236e6f32e70, C4<1>, C4<1>;
L_00000236e6f337a0 .functor AND 1, L_00000236e6f336c0, L_00000236e6facc40, C4<1>, C4<1>;
L_00000236e6f33810 .functor NOT 1, L_00000236e6fae900, C4<0>, C4<0>, C4<0>;
L_00000236e6f33ff0 .functor AND 1, L_00000236e6f337a0, L_00000236e6f33810, C4<1>, C4<1>;
L_00000236e6f33f80 .functor AND 1, L_00000236e6f32690, L_00000236e6faeb80, C4<1>, C4<1>;
L_00000236e6f33f10 .functor NOT 1, L_00000236e6face20, C4<0>, C4<0>, C4<0>;
L_00000236e6f33ea0 .functor AND 1, L_00000236e6f33f80, L_00000236e6f33f10, C4<1>, C4<1>;
L_00000236e6f33ce0 .functor AND 1, L_00000236e6f33ea0, L_00000236e6faef40, C4<1>, C4<1>;
L_00000236e6f33e30 .functor AND 1, L_00000236e6f33ce0, L_00000236e6fad140, C4<1>, C4<1>;
L_00000236e6f33d50 .functor AND 1, L_00000236e6f32690, L_00000236e6facd80, C4<1>, C4<1>;
L_00000236e6f33dc0 .functor AND 1, L_00000236e6f33d50, L_00000236e6fadb40, C4<1>, C4<1>;
L_00000236e6ee10b0 .functor NOT 1, L_00000236e6fae9a0, C4<0>, C4<0>, C4<0>;
L_00000236e6ee0cc0 .functor AND 1, L_00000236e6f33dc0, L_00000236e6ee10b0, C4<1>, C4<1>;
L_00000236e6a427b0 .functor AND 1, L_00000236e6f32690, L_00000236e6fad960, C4<1>, C4<1>;
L_00000236e6a84d20 .functor AND 1, L_00000236e6a427b0, L_00000236e6faecc0, C4<1>, C4<1>;
L_00000236e6ab8b80 .functor AND 1, L_00000236e6a84d20, L_00000236e6facf60, C4<1>, C4<1>;
L_00000236e700f0e0 .functor NOT 1, L_00000236e6facb00, C4<0>, C4<0>, C4<0>;
L_00000236e7010180 .functor NOT 1, L_00000236e6fadbe0, C4<0>, C4<0>, C4<0>;
L_00000236e700e6d0 .functor AND 1, L_00000236e700f0e0, L_00000236e7010180, C4<1>, C4<1>;
L_00000236e700f000 .functor NOT 1, L_00000236e6fadd20, C4<0>, C4<0>, C4<0>;
L_00000236e700e890 .functor AND 1, L_00000236e700e6d0, L_00000236e700f000, C4<1>, C4<1>;
L_00000236e700e740 .functor NOT 1, L_00000236e6fad460, C4<0>, C4<0>, C4<0>;
L_00000236e700fa10 .functor AND 1, L_00000236e700e890, L_00000236e700e740, C4<1>, C4<1>;
L_00000236e700eeb0 .functor NOT 1, L_00000236e6faed60, C4<0>, C4<0>, C4<0>;
L_00000236e700e5f0 .functor AND 1, L_00000236e700fa10, L_00000236e700eeb0, C4<1>, C4<1>;
L_00000236e700f540 .functor AND 1, L_00000236e700e5f0, L_00000236e6fad000, C4<1>, C4<1>;
L_00000236e700fa80 .functor AND 1, L_00000236e700f540, L_00000236e6fae040, C4<1>, C4<1>;
L_00000236e700f4d0 .functor NOT 1, L_00000236e6fae360, C4<0>, C4<0>, C4<0>;
L_00000236e700faf0 .functor AND 1, L_00000236e700fa80, L_00000236e700f4d0, C4<1>, C4<1>;
L_00000236e700e9e0 .functor NOT 1, L_00000236e6fada00, C4<0>, C4<0>, C4<0>;
L_00000236e700e7b0 .functor AND 1, L_00000236e700faf0, L_00000236e700e9e0, C4<1>, C4<1>;
L_00000236e700ff50 .functor NOT 1, L_00000236e6fae180, C4<0>, C4<0>, C4<0>;
L_00000236e700f770 .functor AND 1, L_00000236e700e7b0, L_00000236e700ff50, C4<1>, C4<1>;
L_00000236e700e660 .functor NOT 1, L_00000236e6fae220, C4<0>, C4<0>, C4<0>;
L_00000236e700e820 .functor AND 1, L_00000236e700fa80, L_00000236e700e660, C4<1>, C4<1>;
L_00000236e700fb60 .functor NOT 1, L_00000236e6fae720, C4<0>, C4<0>, C4<0>;
L_00000236e700fbd0 .functor AND 1, L_00000236e700e820, L_00000236e700fb60, C4<1>, C4<1>;
L_00000236e700ec10 .functor AND 1, L_00000236e700fbd0, L_00000236e6fad0a0, C4<1>, C4<1>;
L_00000236e700f5b0 .functor NOT 1, L_00000236e6fae400, C4<0>, C4<0>, C4<0>;
L_00000236e700f310 .functor AND 1, L_00000236e700fa80, L_00000236e700f5b0, C4<1>, C4<1>;
L_00000236e700f150 .functor AND 1, L_00000236e700f310, L_00000236e6fad1e0, C4<1>, C4<1>;
L_00000236e700ee40 .functor NOT 1, L_00000236e6fae4a0, C4<0>, C4<0>, C4<0>;
L_00000236e700f3f0 .functor AND 1, L_00000236e700f150, L_00000236e700ee40, C4<1>, C4<1>;
L_00000236e700eba0 .functor AND 1, L_00000236e700fa80, L_00000236e6fad640, C4<1>, C4<1>;
L_00000236e700ef20 .functor NOT 1, L_00000236e6faee00, C4<0>, C4<0>, C4<0>;
L_00000236e700f8c0 .functor AND 1, L_00000236e700eba0, L_00000236e700ef20, C4<1>, C4<1>;
L_00000236e700f1c0 .functor NOT 1, L_00000236e6fad280, C4<0>, C4<0>, C4<0>;
L_00000236e70100a0 .functor AND 1, L_00000236e700f8c0, L_00000236e700f1c0, C4<1>, C4<1>;
L_00000236e700fd90 .functor AND 1, L_00000236e700fa80, L_00000236e6fae540, C4<1>, C4<1>;
L_00000236e700f460 .functor NOT 1, L_00000236e6fad820, C4<0>, C4<0>, C4<0>;
L_00000236e700ef90 .functor AND 1, L_00000236e700fd90, L_00000236e700f460, C4<1>, C4<1>;
L_00000236e700fc40 .functor AND 1, L_00000236e700ef90, L_00000236e6faeea0, C4<1>, C4<1>;
L_00000236e700f230 .functor NOT 1, L_00000236e6fae860, C4<0>, C4<0>, C4<0>;
L_00000236e700f2a0 .functor NOT 1, L_00000236e6fae5e0, C4<0>, C4<0>, C4<0>;
L_00000236e700fe00 .functor AND 1, L_00000236e700f230, L_00000236e700f2a0, C4<1>, C4<1>;
L_00000236e700e900 .functor AND 1, L_00000236e700fe00, L_00000236e6faefe0, C4<1>, C4<1>;
L_00000236e700e970 .functor NOT 1, L_00000236e6fad6e0, C4<0>, C4<0>, C4<0>;
L_00000236e700f9a0 .functor AND 1, L_00000236e700e900, L_00000236e700e970, C4<1>, C4<1>;
L_00000236e700ffc0 .functor NOT 1, L_00000236e6faf080, C4<0>, C4<0>, C4<0>;
L_00000236e700ea50 .functor AND 1, L_00000236e700f9a0, L_00000236e700ffc0, C4<1>, C4<1>;
L_00000236e700eac0 .functor AND 1, L_00000236e700ea50, L_00000236e6fadaa0, C4<1>, C4<1>;
L_00000236e7010030 .functor AND 1, L_00000236e700eac0, L_00000236e6faf120, C4<1>, C4<1>;
L_00000236e700f380 .functor NOT 1, L_00000236e6facba0, C4<0>, C4<0>, C4<0>;
L_00000236e700eb30 .functor AND 1, L_00000236e7010030, L_00000236e700f380, C4<1>, C4<1>;
L_00000236e700ec80 .functor NOT 1, L_00000236e6fad320, C4<0>, C4<0>, C4<0>;
L_00000236e700ecf0 .functor AND 1, L_00000236e700eb30, L_00000236e700ec80, C4<1>, C4<1>;
L_00000236e700f070 .functor NOT 1, L_00000236e6fad3c0, C4<0>, C4<0>, C4<0>;
L_00000236e700f7e0 .functor AND 1, L_00000236e700ecf0, L_00000236e700f070, C4<1>, C4<1>;
L_00000236e700f620 .functor AND 1, L_00000236e7010030, L_00000236e6fad780, C4<1>, C4<1>;
L_00000236e700ed60 .functor NOT 1, L_00000236e6fb03e0, C4<0>, C4<0>, C4<0>;
L_00000236e700edd0 .functor AND 1, L_00000236e700f620, L_00000236e700ed60, C4<1>, C4<1>;
L_00000236e700f690 .functor NOT 1, L_00000236e6fb0480, C4<0>, C4<0>, C4<0>;
L_00000236e700f700 .functor AND 1, L_00000236e700edd0, L_00000236e700f690, C4<1>, C4<1>;
L_00000236e700f850 .functor AND 1, L_00000236e7010030, L_00000236e6fafc60, C4<1>, C4<1>;
L_00000236e700fe70 .functor AND 1, L_00000236e700f850, L_00000236e6fb08e0, C4<1>, C4<1>;
L_00000236e700fcb0 .functor NOT 1, L_00000236e6fb16a0, C4<0>, C4<0>, C4<0>;
L_00000236e700fd20 .functor AND 1, L_00000236e700fe70, L_00000236e700fcb0, C4<1>, C4<1>;
L_00000236e700f930 .functor AND 1, L_00000236e7010030, L_00000236e6faf440, C4<1>, C4<1>;
L_00000236e700fee0 .functor AND 1, L_00000236e700f930, L_00000236e6fb0e80, C4<1>, C4<1>;
L_00000236e7010110 .functor AND 1, L_00000236e700fee0, L_00000236e6fb0700, C4<1>, C4<1>;
L_00000236e7010490 .functor NOT 1, L_00000236e6fb0200, C4<0>, C4<0>, C4<0>;
L_00000236e7010810 .functor AND 1, L_00000236e7010030, L_00000236e7010490, C4<1>, C4<1>;
L_00000236e70103b0 .functor AND 1, L_00000236e7010810, L_00000236e6fb1420, C4<1>, C4<1>;
L_00000236e7010650 .functor NOT 1, L_00000236e6fafee0, C4<0>, C4<0>, C4<0>;
L_00000236e7010880 .functor AND 1, L_00000236e70103b0, L_00000236e7010650, C4<1>, C4<1>;
L_00000236e70101f0 .functor NOT 1, L_00000236e6fb14c0, C4<0>, C4<0>, C4<0>;
L_00000236e7010340 .functor AND 1, L_00000236e7010030, L_00000236e70101f0, C4<1>, C4<1>;
L_00000236e7010730 .functor AND 1, L_00000236e7010340, L_00000236e6fafe40, C4<1>, C4<1>;
L_00000236e7010260 .functor AND 1, L_00000236e7010730, L_00000236e6faf3a0, C4<1>, C4<1>;
L_00000236e70108f0 .functor NOT 1, L_00000236e6fafd00, C4<0>, C4<0>, C4<0>;
L_00000236e70102d0 .functor AND 1, L_00000236e7010030, L_00000236e70108f0, C4<1>, C4<1>;
L_00000236e70107a0 .functor NOT 1, L_00000236e6fafda0, C4<0>, C4<0>, C4<0>;
L_00000236e7010420 .functor AND 1, L_00000236e70102d0, L_00000236e70107a0, C4<1>, C4<1>;
L_00000236e7010500 .functor AND 1, L_00000236e7010420, L_00000236e6faff80, C4<1>, C4<1>;
L_00000236e7010570 .functor AND 1, L_00000236e7010030, L_00000236e6fb07a0, C4<1>, C4<1>;
L_00000236e70105e0 .functor NOT 1, L_00000236e6fb0a20, C4<0>, C4<0>, C4<0>;
L_00000236e70106c0 .functor AND 1, L_00000236e7010570, L_00000236e70105e0, C4<1>, C4<1>;
L_00000236e700cbb0 .functor AND 1, L_00000236e70106c0, L_00000236e6fb0840, C4<1>, C4<1>;
L_00000236e700d400 .functor NOT 1, L_00000236e6fb17e0, C4<0>, C4<0>, C4<0>;
L_00000236e700cf30 .functor AND 1, L_00000236e700cbb0, L_00000236e700d400, C4<1>, C4<1>;
L_00000236e700d860 .functor AND 1, L_00000236e7010030, L_00000236e6fb0020, C4<1>, C4<1>;
L_00000236e700d010 .functor NOT 1, L_00000236e6fb00c0, C4<0>, C4<0>, C4<0>;
L_00000236e700dd30 .functor AND 1, L_00000236e700d860, L_00000236e700d010, C4<1>, C4<1>;
L_00000236e700def0 .functor AND 1, L_00000236e700dd30, L_00000236e6fb11a0, C4<1>, C4<1>;
L_00000236e700da20 .functor AND 1, L_00000236e700def0, L_00000236e6fb1560, C4<1>, C4<1>;
L_00000236e700cc90 .functor OR 1, L_00000236e7010500, L_00000236e700cf30, C4<0>, C4<0>;
L_00000236e700e190 .functor OR 1, L_00000236e700cc90, L_00000236e700da20, C4<0>, C4<0>;
L_00000236e700ca60 .functor AND 1, L_00000236e6fb1600, L_00000236e6faf300, C4<1>, C4<1>;
L_00000236e700cfa0 .functor NOT 1, L_00000236e6fb0ca0, C4<0>, C4<0>, C4<0>;
L_00000236e700e040 .functor AND 1, L_00000236e700ca60, L_00000236e700cfa0, C4<1>, C4<1>;
L_00000236e700e3c0 .functor NOT 1, L_00000236e6fafa80, C4<0>, C4<0>, C4<0>;
L_00000236e700e120 .functor AND 1, L_00000236e700e040, L_00000236e700e3c0, C4<1>, C4<1>;
L_00000236e700de10 .functor AND 1, L_00000236e700e120, L_00000236e6fb0520, C4<1>, C4<1>;
L_00000236e700d1d0 .functor AND 1, L_00000236e700de10, L_00000236e6fb02a0, C4<1>, C4<1>;
L_00000236e700d470 .functor AND 1, L_00000236e700d1d0, L_00000236e6fb0160, C4<1>, C4<1>;
L_00000236e700d240 .functor NOT 1, L_00000236e6fb0ac0, C4<0>, C4<0>, C4<0>;
L_00000236e700e200 .functor AND 1, L_00000236e700d240, L_00000236e6faf9e0, C4<1>, C4<1>;
L_00000236e700e270 .functor NOT 1, L_00000236e6fafb20, C4<0>, C4<0>, C4<0>;
L_00000236e700d080 .functor AND 1, L_00000236e700e200, L_00000236e700e270, C4<1>, C4<1>;
L_00000236e700d710 .functor NOT 1, L_00000236e6faf6c0, C4<0>, C4<0>, C4<0>;
L_00000236e700dbe0 .functor AND 1, L_00000236e700d080, L_00000236e700d710, C4<1>, C4<1>;
L_00000236e700dc50 .functor NOT 1, L_00000236e6faf4e0, C4<0>, C4<0>, C4<0>;
L_00000236e700dfd0 .functor AND 1, L_00000236e700dbe0, L_00000236e700dc50, C4<1>, C4<1>;
L_00000236e700cb40 .functor AND 1, L_00000236e700dfd0, L_00000236e6fb0340, C4<1>, C4<1>;
L_00000236e700e2e0 .functor AND 1, L_00000236e700cb40, L_00000236e6fb1380, C4<1>, C4<1>;
L_00000236e700d6a0 .functor NOT 1, L_00000236e6fb0b60, C4<0>, C4<0>, C4<0>;
L_00000236e700e350 .functor AND 1, L_00000236e700e2e0, L_00000236e700d6a0, C4<1>, C4<1>;
L_00000236e700cd00 .functor NOT 1, L_00000236e6fb1740, C4<0>, C4<0>, C4<0>;
L_00000236e700dcc0 .functor AND 1, L_00000236e700e350, L_00000236e700cd00, C4<1>, C4<1>;
L_00000236e700dda0 .functor NOT 1, L_00000236e6fb1240, C4<0>, C4<0>, C4<0>;
L_00000236e700d2b0 .functor AND 1, L_00000236e700dcc0, L_00000236e700dda0, C4<1>, C4<1>;
L_00000236e700cc20 .functor NOT 1, L_00000236e6fb12e0, C4<0>, C4<0>, C4<0>;
L_00000236e700d780 .functor AND 1, L_00000236e700e2e0, L_00000236e700cc20, C4<1>, C4<1>;
L_00000236e700d4e0 .functor NOT 1, L_00000236e6fb05c0, C4<0>, C4<0>, C4<0>;
L_00000236e700d7f0 .functor AND 1, L_00000236e700d780, L_00000236e700d4e0, C4<1>, C4<1>;
L_00000236e700d0f0 .functor AND 1, L_00000236e700d7f0, L_00000236e6fb1880, C4<1>, C4<1>;
L_00000236e700d160 .functor NOT 1, L_00000236e6fb0980, C4<0>, C4<0>, C4<0>;
L_00000236e700e430 .functor AND 1, L_00000236e700e2e0, L_00000236e700d160, C4<1>, C4<1>;
L_00000236e700e0b0 .functor AND 1, L_00000236e700e430, L_00000236e6fb0660, C4<1>, C4<1>;
L_00000236e700d320 .functor NOT 1, L_00000236e6faf760, C4<0>, C4<0>, C4<0>;
L_00000236e700e4a0 .functor AND 1, L_00000236e700e0b0, L_00000236e700d320, C4<1>, C4<1>;
L_00000236e700d550 .functor AND 1, L_00000236e6fafbc0, L_00000236e6fb1920, C4<1>, C4<1>;
L_00000236e700de80 .functor NOT 1, L_00000236e6faf1c0, C4<0>, C4<0>, C4<0>;
L_00000236e700e510 .functor AND 1, L_00000236e700d550, L_00000236e700de80, C4<1>, C4<1>;
L_00000236e700e580 .functor NOT 1, L_00000236e6faf620, C4<0>, C4<0>, C4<0>;
L_00000236e700df60 .functor AND 1, L_00000236e700e510, L_00000236e700e580, C4<1>, C4<1>;
L_00000236e700d390 .functor NOT 1, L_00000236e6faf260, C4<0>, C4<0>, C4<0>;
L_00000236e700c9f0 .functor AND 1, L_00000236e700df60, L_00000236e700d390, C4<1>, C4<1>;
L_00000236e700cad0 .functor AND 1, L_00000236e700c9f0, L_00000236e6fb0c00, C4<1>, C4<1>;
L_00000236e700cd70 .functor AND 1, L_00000236e700cad0, L_00000236e6faf580, C4<1>, C4<1>;
L_00000236e700cde0 .functor NOT 1, L_00000236e6fb1060, C4<0>, C4<0>, C4<0>;
L_00000236e700ce50 .functor AND 1, L_00000236e700cd70, L_00000236e700cde0, C4<1>, C4<1>;
L_00000236e700d5c0 .functor NOT 1, L_00000236e6faf800, C4<0>, C4<0>, C4<0>;
L_00000236e700d630 .functor AND 1, L_00000236e700ce50, L_00000236e700d5c0, C4<1>, C4<1>;
L_00000236e700d8d0 .functor NOT 1, L_00000236e6fb0d40, C4<0>, C4<0>, C4<0>;
L_00000236e700d940 .functor AND 1, L_00000236e700d630, L_00000236e700d8d0, C4<1>, C4<1>;
L_00000236e700d9b0 .functor NOT 1, L_00000236e6fb0de0, C4<0>, C4<0>, C4<0>;
L_00000236e700da90 .functor AND 1, L_00000236e700cd70, L_00000236e700d9b0, C4<1>, C4<1>;
L_00000236e700db00 .functor NOT 1, L_00000236e6faf8a0, C4<0>, C4<0>, C4<0>;
L_00000236e700db70 .functor AND 1, L_00000236e700da90, L_00000236e700db00, C4<1>, C4<1>;
L_00000236e700cec0 .functor AND 1, L_00000236e700db70, L_00000236e6faf940, C4<1>, C4<1>;
L_00000236e701cc80 .functor AND 1, L_00000236e700cd70, L_00000236e6fb0f20, C4<1>, C4<1>;
L_00000236e701cc10 .functor NOT 1, L_00000236e6fb0fc0, C4<0>, C4<0>, C4<0>;
L_00000236e701ccf0 .functor AND 1, L_00000236e701cc80, L_00000236e701cc10, C4<1>, C4<1>;
L_00000236e701cd60 .functor NOT 1, L_00000236e6fb1100, C4<0>, C4<0>, C4<0>;
L_00000236e701ce40 .functor AND 1, L_00000236e701ccf0, L_00000236e701cd60, C4<1>, C4<1>;
L_00000236e701ceb0 .functor AND 1, L_00000236e700cd70, L_00000236e70215d0, C4<1>, C4<1>;
L_00000236e701cf20 .functor NOT 1, L_00000236e7022110, C4<0>, C4<0>, C4<0>;
L_00000236e701cf90 .functor AND 1, L_00000236e701ceb0, L_00000236e701cf20, C4<1>, C4<1>;
L_00000236e701c890 .functor AND 1, L_00000236e701cf90, L_00000236e7021490, C4<1>, C4<1>;
L_00000236e701c970 .functor AND 1, L_00000236e700cd70, L_00000236e7022250, C4<1>, C4<1>;
L_00000236e701cdd0 .functor AND 1, L_00000236e701c970, L_00000236e70218f0, C4<1>, C4<1>;
L_00000236e701c900 .functor NOT 1, L_00000236e7021b70, C4<0>, C4<0>, C4<0>;
L_00000236e701c9e0 .functor AND 1, L_00000236e701cdd0, L_00000236e701c900, C4<1>, C4<1>;
L_00000236e701ca50 .functor AND 1, L_00000236e700cd70, L_00000236e7020270, C4<1>, C4<1>;
L_00000236e701cac0 .functor AND 1, L_00000236e701ca50, L_00000236e7021c10, C4<1>, C4<1>;
L_00000236e701cb30 .functor AND 1, L_00000236e701cac0, L_00000236e70206d0, C4<1>, C4<1>;
L_00000236e701cba0 .functor AND 1, L_00000236e7020090, L_00000236e7021990, C4<1>, C4<1>;
L_00000236e7019330 .functor NOT 1, L_00000236e7021670, C4<0>, C4<0>, C4<0>;
L_00000236e701a210 .functor AND 1, L_00000236e701cba0, L_00000236e7019330, C4<1>, C4<1>;
L_00000236e701a4b0 .functor AND 1, L_00000236e701a210, L_00000236e70221b0, C4<1>, C4<1>;
L_00000236e7019950 .functor AND 1, L_00000236e701a4b0, L_00000236e7022070, C4<1>, C4<1>;
L_00000236e701a600 .functor AND 1, L_00000236e7019950, L_00000236e7021f30, C4<1>, C4<1>;
L_00000236e70199c0 .functor AND 1, L_00000236e701a600, L_00000236e70201d0, C4<1>, C4<1>;
L_00000236e701a980 .functor BUFZ 1, L_00000236e70199c0, C4<0>, C4<0>, C4<0>;
L_00000236e7019f70 .functor NOT 1, L_00000236e7021850, C4<0>, C4<0>, C4<0>;
L_00000236e701a670 .functor AND 1, L_00000236e7019f70, L_00000236e7021cb0, C4<1>, C4<1>;
L_00000236e7019fe0 .functor NOT 1, L_00000236e7021fd0, C4<0>, C4<0>, C4<0>;
L_00000236e701a6e0 .functor AND 1, L_00000236e701a670, L_00000236e7019fe0, C4<1>, C4<1>;
L_00000236e701a2f0 .functor AND 1, L_00000236e701a6e0, L_00000236e7020db0, C4<1>, C4<1>;
L_00000236e7019aa0 .functor AND 1, L_00000236e701a2f0, L_00000236e7020310, C4<1>, C4<1>;
L_00000236e70198e0 .functor AND 1, L_00000236e7019aa0, L_00000236e70208b0, C4<1>, C4<1>;
L_00000236e701a280 .functor AND 1, L_00000236e70198e0, L_00000236e70217b0, C4<1>, C4<1>;
L_00000236e7019870 .functor NOT 1, L_00000236e70222f0, C4<0>, C4<0>, C4<0>;
L_00000236e701a7c0 .functor AND 1, L_00000236e70198e0, L_00000236e7019870, C4<1>, C4<1>;
L_00000236e701aad0 .functor OR 1, L_00000236e6f32690, L_00000236e7010030, C4<0>, C4<0>;
L_00000236e70196b0 .functor OR 1, L_00000236e701aad0, L_00000236e700fa80, C4<0>, C4<0>;
L_00000236e7019db0 .functor OR 1, L_00000236e70196b0, L_00000236e701a980, C4<0>, C4<0>;
L_00000236e701a360 .functor OR 1, L_00000236e7019db0, L_00000236e700d470, C4<0>, C4<0>;
L_00000236e701a750 .functor OR 1, L_00000236e701a360, L_00000236e701a280, C4<0>, C4<0>;
L_00000236e70193a0 .functor OR 1, L_00000236e701a750, L_00000236e701a7c0, C4<0>, C4<0>;
L_00000236e7019250 .functor BUFZ 1, L_00000236e700e2e0, C4<0>, C4<0>, C4<0>;
L_00000236e70192c0 .functor BUFZ 3, v00000236e6f935c0_0, C4<000>, C4<000>, C4<000>;
v00000236e6f31560_0 .net "ALUOp", 3 0, v00000236e6f30b60_0;  alias, 1 drivers
v00000236e6f30b60_0 .var "ALUOp_reg", 3 0;
v00000236e6f31380_0 .net "ALUSrc1", 0 0, v00000236e6f31420_0;  alias, 1 drivers
v00000236e6f31420_0 .var "ALUSrc1_reg", 0 0;
v00000236e6f31920_0 .net "ALUSrc2", 0 0, v00000236e6f31a60_0;  alias, 1 drivers
v00000236e6f31a60_0 .var "ALUSrc2_reg", 0 0;
v00000236e6f31b00_0 .net "BranchOp", 2 0, v00000236e6efa8b0_0;  alias, 1 drivers
v00000236e6efa8b0_0 .var "BranchOp_reg", 2 0;
v00000236e6efa950_0 .net "DMType", 2 0, v00000236e6ef8470_0;  alias, 1 drivers
v00000236e6ef8470_0 .var "DMType_reg", 2 0;
v00000236e6ef88d0_0 .net "EXTOp", 2 0, L_00000236e70192c0;  alias, 1 drivers
v00000236e6f935c0_0 .var "EXTOp_reg", 2 0;
v00000236e6f938e0_0 .net "Funct3", 2 0, L_00000236e6fb32c0;  alias, 1 drivers
v00000236e6f93ca0_0 .net "Funct7", 6 0, L_00000236e6fb3900;  alias, 1 drivers
v00000236e6f94d80_0 .net "MemWrite", 0 0, L_00000236e7019250;  alias, 1 drivers
v00000236e6f93d40_0 .net "MemtoReg", 1 0, v00000236e6f946a0_0;  alias, 1 drivers
v00000236e6f946a0_0 .var "MemtoReg_reg", 1 0;
v00000236e6f947e0_0 .net "Op", 6 0, L_00000236e6fb1d80;  alias, 1 drivers
v00000236e6f956e0_0 .net "RegWrite", 0 0, L_00000236e70193a0;  alias, 1 drivers
v00000236e6f955a0_0 .net *"_ivl_1", 0 0, L_00000236e6fb4800;  1 drivers
v00000236e6f93de0_0 .net *"_ivl_10", 0 0, L_00000236e6f33a40;  1 drivers
v00000236e6f941a0_0 .net *"_ivl_101", 0 0, L_00000236e6faddc0;  1 drivers
v00000236e6f93160_0 .net *"_ivl_102", 0 0, L_00000236e6f32540;  1 drivers
v00000236e6f93660_0 .net *"_ivl_105", 0 0, L_00000236e6faca60;  1 drivers
v00000236e6f93fc0_0 .net *"_ivl_106", 0 0, L_00000236e6f32930;  1 drivers
v00000236e6f953c0_0 .net *"_ivl_111", 0 0, L_00000236e6facec0;  1 drivers
v00000236e6f94740_0 .net *"_ivl_112", 0 0, L_00000236e6f32a10;  1 drivers
v00000236e6f93980_0 .net *"_ivl_114", 0 0, L_00000236e6f32a80;  1 drivers
v00000236e6f949c0_0 .net *"_ivl_117", 0 0, L_00000236e6faeae0;  1 drivers
v00000236e6f94560_0 .net *"_ivl_118", 0 0, L_00000236e6f33650;  1 drivers
v00000236e6f93ac0_0 .net *"_ivl_121", 0 0, L_00000236e6fae680;  1 drivers
v00000236e6f94a60_0 .net *"_ivl_125", 0 0, L_00000236e6fad500;  1 drivers
v00000236e6f93a20_0 .net *"_ivl_126", 0 0, L_00000236e6f32bd0;  1 drivers
v00000236e6f944c0_0 .net *"_ivl_129", 0 0, L_00000236e6fad5a0;  1 drivers
v00000236e6f95780_0 .net *"_ivl_13", 0 0, L_00000236e6fb48a0;  1 drivers
v00000236e6f93700_0 .net *"_ivl_130", 0 0, L_00000236e6f33570;  1 drivers
v00000236e6f93b60_0 .net *"_ivl_132", 0 0, L_00000236e6f331f0;  1 drivers
v00000236e6f933e0_0 .net *"_ivl_135", 0 0, L_00000236e6facce0;  1 drivers
v00000236e6f94b00_0 .net *"_ivl_136", 0 0, L_00000236e6f33420;  1 drivers
v00000236e6f94060_0 .net *"_ivl_14", 0 0, L_00000236e6f33260;  1 drivers
v00000236e6f93c00_0 .net *"_ivl_141", 0 0, L_00000236e6faea40;  1 drivers
v00000236e6f94100_0 .net *"_ivl_142", 0 0, L_00000236e6f33500;  1 drivers
v00000236e6f95140_0 .net *"_ivl_145", 0 0, L_00000236e6fade60;  1 drivers
v00000236e6f95280_0 .net *"_ivl_146", 0 0, L_00000236e6f32e70;  1 drivers
v00000236e6f95500_0 .net *"_ivl_148", 0 0, L_00000236e6f336c0;  1 drivers
v00000236e6f937a0_0 .net *"_ivl_151", 0 0, L_00000236e6facc40;  1 drivers
v00000236e6f95320_0 .net *"_ivl_152", 0 0, L_00000236e6f337a0;  1 drivers
v00000236e6f94880_0 .net *"_ivl_155", 0 0, L_00000236e6fae900;  1 drivers
v00000236e6f93200_0 .net *"_ivl_156", 0 0, L_00000236e6f33810;  1 drivers
v00000236e6f95000_0 .net *"_ivl_16", 0 0, L_00000236e6f32ee0;  1 drivers
v00000236e6f93840_0 .net *"_ivl_161", 0 0, L_00000236e6faeb80;  1 drivers
v00000236e6f93e80_0 .net *"_ivl_162", 0 0, L_00000236e6f33f80;  1 drivers
v00000236e6f94600_0 .net *"_ivl_165", 0 0, L_00000236e6face20;  1 drivers
v00000236e6f951e0_0 .net *"_ivl_166", 0 0, L_00000236e6f33f10;  1 drivers
v00000236e6f932a0_0 .net *"_ivl_168", 0 0, L_00000236e6f33ea0;  1 drivers
v00000236e6f93f20_0 .net *"_ivl_171", 0 0, L_00000236e6faef40;  1 drivers
v00000236e6f950a0_0 .net *"_ivl_172", 0 0, L_00000236e6f33ce0;  1 drivers
v00000236e6f94240_0 .net *"_ivl_175", 0 0, L_00000236e6fad140;  1 drivers
v00000236e6f942e0_0 .net *"_ivl_179", 0 0, L_00000236e6facd80;  1 drivers
v00000236e6f94380_0 .net *"_ivl_180", 0 0, L_00000236e6f33d50;  1 drivers
v00000236e6f94420_0 .net *"_ivl_183", 0 0, L_00000236e6fadb40;  1 drivers
v00000236e6f94920_0 .net *"_ivl_184", 0 0, L_00000236e6f33dc0;  1 drivers
v00000236e6f94ba0_0 .net *"_ivl_187", 0 0, L_00000236e6fae9a0;  1 drivers
v00000236e6f94c40_0 .net *"_ivl_188", 0 0, L_00000236e6ee10b0;  1 drivers
v00000236e6f93340_0 .net *"_ivl_19", 0 0, L_00000236e6fb4260;  1 drivers
v00000236e6f94ce0_0 .net *"_ivl_193", 0 0, L_00000236e6fad960;  1 drivers
v00000236e6f94e20_0 .net *"_ivl_194", 0 0, L_00000236e6a427b0;  1 drivers
v00000236e6f94ec0_0 .net *"_ivl_197", 0 0, L_00000236e6faecc0;  1 drivers
v00000236e6f95460_0 .net *"_ivl_198", 0 0, L_00000236e6a84d20;  1 drivers
v00000236e6f94f60_0 .net *"_ivl_2", 0 0, L_00000236e6f338f0;  1 drivers
v00000236e6f93480_0 .net *"_ivl_20", 0 0, L_00000236e6f33030;  1 drivers
v00000236e6f95640_0 .net *"_ivl_201", 0 0, L_00000236e6facf60;  1 drivers
v00000236e6f95820_0 .net *"_ivl_205", 0 0, L_00000236e6facb00;  1 drivers
v00000236e6f958c0_0 .net *"_ivl_206", 0 0, L_00000236e700f0e0;  1 drivers
v00000236e6f93520_0 .net *"_ivl_209", 0 0, L_00000236e6fadbe0;  1 drivers
v00000236e6f95960_0 .net *"_ivl_210", 0 0, L_00000236e7010180;  1 drivers
v00000236e6f96180_0 .net *"_ivl_212", 0 0, L_00000236e700e6d0;  1 drivers
v00000236e6f96a40_0 .net *"_ivl_215", 0 0, L_00000236e6fadd20;  1 drivers
v00000236e6f964a0_0 .net *"_ivl_216", 0 0, L_00000236e700f000;  1 drivers
v00000236e6f96860_0 .net *"_ivl_218", 0 0, L_00000236e700e890;  1 drivers
v00000236e6f95c80_0 .net *"_ivl_22", 0 0, L_00000236e6f32620;  1 drivers
v00000236e6f96ae0_0 .net *"_ivl_221", 0 0, L_00000236e6fad460;  1 drivers
v00000236e6f96360_0 .net *"_ivl_222", 0 0, L_00000236e700e740;  1 drivers
v00000236e6f96c20_0 .net *"_ivl_224", 0 0, L_00000236e700fa10;  1 drivers
v00000236e6f96e00_0 .net *"_ivl_227", 0 0, L_00000236e6faed60;  1 drivers
v00000236e6f96b80_0 .net *"_ivl_228", 0 0, L_00000236e700eeb0;  1 drivers
v00000236e6f96040_0 .net *"_ivl_230", 0 0, L_00000236e700e5f0;  1 drivers
v00000236e6f96ea0_0 .net *"_ivl_233", 0 0, L_00000236e6fad000;  1 drivers
v00000236e6f95be0_0 .net *"_ivl_234", 0 0, L_00000236e700f540;  1 drivers
v00000236e6f96900_0 .net *"_ivl_237", 0 0, L_00000236e6fae040;  1 drivers
v00000236e6f96540_0 .net *"_ivl_241", 0 0, L_00000236e6fae360;  1 drivers
v00000236e6f95d20_0 .net *"_ivl_242", 0 0, L_00000236e700f4d0;  1 drivers
v00000236e6f95aa0_0 .net *"_ivl_244", 0 0, L_00000236e700faf0;  1 drivers
v00000236e6f965e0_0 .net *"_ivl_247", 0 0, L_00000236e6fada00;  1 drivers
v00000236e6f96cc0_0 .net *"_ivl_248", 0 0, L_00000236e700e9e0;  1 drivers
v00000236e6f95dc0_0 .net *"_ivl_25", 0 0, L_00000236e6fb43a0;  1 drivers
v00000236e6f96f40_0 .net *"_ivl_250", 0 0, L_00000236e700e7b0;  1 drivers
v00000236e6f95b40_0 .net *"_ivl_253", 0 0, L_00000236e6fae180;  1 drivers
v00000236e6f960e0_0 .net *"_ivl_254", 0 0, L_00000236e700ff50;  1 drivers
v00000236e6f96680_0 .net *"_ivl_259", 0 0, L_00000236e6fae220;  1 drivers
v00000236e6f96d60_0 .net *"_ivl_26", 0 0, L_00000236e6f32700;  1 drivers
v00000236e6f95e60_0 .net *"_ivl_260", 0 0, L_00000236e700e660;  1 drivers
v00000236e6f96fe0_0 .net *"_ivl_262", 0 0, L_00000236e700e820;  1 drivers
v00000236e6f96220_0 .net *"_ivl_265", 0 0, L_00000236e6fae720;  1 drivers
v00000236e6f96400_0 .net *"_ivl_266", 0 0, L_00000236e700fb60;  1 drivers
v00000236e6f95a00_0 .net *"_ivl_268", 0 0, L_00000236e700fbd0;  1 drivers
v00000236e6f962c0_0 .net *"_ivl_271", 0 0, L_00000236e6fad0a0;  1 drivers
v00000236e6f96720_0 .net *"_ivl_275", 0 0, L_00000236e6fae400;  1 drivers
v00000236e6f95f00_0 .net *"_ivl_276", 0 0, L_00000236e700f5b0;  1 drivers
v00000236e6f95fa0_0 .net *"_ivl_278", 0 0, L_00000236e700f310;  1 drivers
v00000236e6f967c0_0 .net *"_ivl_281", 0 0, L_00000236e6fad1e0;  1 drivers
v00000236e6f969a0_0 .net *"_ivl_282", 0 0, L_00000236e700f150;  1 drivers
v00000236e6f97850_0 .net *"_ivl_285", 0 0, L_00000236e6fae4a0;  1 drivers
v00000236e6f98c50_0 .net *"_ivl_286", 0 0, L_00000236e700ee40;  1 drivers
v00000236e6f98cf0_0 .net *"_ivl_29", 0 0, L_00000236e6fb4300;  1 drivers
v00000236e6f973f0_0 .net *"_ivl_291", 0 0, L_00000236e6fad640;  1 drivers
v00000236e6f98570_0 .net *"_ivl_292", 0 0, L_00000236e700eba0;  1 drivers
v00000236e6f98430_0 .net *"_ivl_295", 0 0, L_00000236e6faee00;  1 drivers
v00000236e6f98bb0_0 .net *"_ivl_296", 0 0, L_00000236e700ef20;  1 drivers
v00000236e6f99330_0 .net *"_ivl_298", 0 0, L_00000236e700f8c0;  1 drivers
v00000236e6f97350_0 .net *"_ivl_301", 0 0, L_00000236e6fad280;  1 drivers
v00000236e6f98610_0 .net *"_ivl_302", 0 0, L_00000236e700f1c0;  1 drivers
v00000236e6f990b0_0 .net *"_ivl_307", 0 0, L_00000236e6fae540;  1 drivers
v00000236e6f97a30_0 .net *"_ivl_308", 0 0, L_00000236e700fd90;  1 drivers
v00000236e6f99650_0 .net *"_ivl_311", 0 0, L_00000236e6fad820;  1 drivers
v00000236e6f98b10_0 .net *"_ivl_312", 0 0, L_00000236e700f460;  1 drivers
v00000236e6f993d0_0 .net *"_ivl_314", 0 0, L_00000236e700ef90;  1 drivers
v00000236e6f98250_0 .net *"_ivl_317", 0 0, L_00000236e6faeea0;  1 drivers
v00000236e6f998d0_0 .net *"_ivl_321", 0 0, L_00000236e6fae860;  1 drivers
v00000236e6f98390_0 .net *"_ivl_322", 0 0, L_00000236e700f230;  1 drivers
v00000236e6f984d0_0 .net *"_ivl_325", 0 0, L_00000236e6fae5e0;  1 drivers
v00000236e6f97210_0 .net *"_ivl_326", 0 0, L_00000236e700f2a0;  1 drivers
v00000236e6f986b0_0 .net *"_ivl_328", 0 0, L_00000236e700fe00;  1 drivers
v00000236e6f99830_0 .net *"_ivl_33", 0 0, L_00000236e6fb4580;  1 drivers
v00000236e6f98d90_0 .net *"_ivl_331", 0 0, L_00000236e6faefe0;  1 drivers
v00000236e6f97170_0 .net *"_ivl_332", 0 0, L_00000236e700e900;  1 drivers
v00000236e6f97490_0 .net *"_ivl_335", 0 0, L_00000236e6fad6e0;  1 drivers
v00000236e6f972b0_0 .net *"_ivl_336", 0 0, L_00000236e700e970;  1 drivers
v00000236e6f982f0_0 .net *"_ivl_338", 0 0, L_00000236e700f9a0;  1 drivers
v00000236e6f97530_0 .net *"_ivl_34", 0 0, L_00000236e6f32c40;  1 drivers
v00000236e6f975d0_0 .net *"_ivl_341", 0 0, L_00000236e6faf080;  1 drivers
v00000236e6f98110_0 .net *"_ivl_342", 0 0, L_00000236e700ffc0;  1 drivers
v00000236e6f978f0_0 .net *"_ivl_344", 0 0, L_00000236e700ea50;  1 drivers
v00000236e6f97cb0_0 .net *"_ivl_347", 0 0, L_00000236e6fadaa0;  1 drivers
v00000236e6f981b0_0 .net *"_ivl_348", 0 0, L_00000236e700eac0;  1 drivers
v00000236e6f97670_0 .net *"_ivl_351", 0 0, L_00000236e6faf120;  1 drivers
v00000236e6f99470_0 .net *"_ivl_355", 0 0, L_00000236e6facba0;  1 drivers
v00000236e6f97990_0 .net *"_ivl_356", 0 0, L_00000236e700f380;  1 drivers
v00000236e6f97710_0 .net *"_ivl_358", 0 0, L_00000236e700eb30;  1 drivers
v00000236e6f97fd0_0 .net *"_ivl_36", 0 0, L_00000236e6f32d90;  1 drivers
v00000236e6f97ad0_0 .net *"_ivl_361", 0 0, L_00000236e6fad320;  1 drivers
v00000236e6f98750_0 .net *"_ivl_362", 0 0, L_00000236e700ec80;  1 drivers
v00000236e6f97c10_0 .net *"_ivl_364", 0 0, L_00000236e700ecf0;  1 drivers
v00000236e6f99150_0 .net *"_ivl_367", 0 0, L_00000236e6fad3c0;  1 drivers
v00000236e6f98e30_0 .net *"_ivl_368", 0 0, L_00000236e700f070;  1 drivers
v00000236e6f99510_0 .net *"_ivl_373", 0 0, L_00000236e6fad780;  1 drivers
v00000236e6f987f0_0 .net *"_ivl_374", 0 0, L_00000236e700f620;  1 drivers
v00000236e6f98890_0 .net *"_ivl_377", 0 0, L_00000236e6fb03e0;  1 drivers
v00000236e6f991f0_0 .net *"_ivl_378", 0 0, L_00000236e700ed60;  1 drivers
v00000236e6f995b0_0 .net *"_ivl_380", 0 0, L_00000236e700edd0;  1 drivers
v00000236e6f98930_0 .net *"_ivl_383", 0 0, L_00000236e6fb0480;  1 drivers
v00000236e6f989d0_0 .net *"_ivl_384", 0 0, L_00000236e700f690;  1 drivers
v00000236e6f977b0_0 .net *"_ivl_389", 0 0, L_00000236e6fafc60;  1 drivers
v00000236e6f996f0_0 .net *"_ivl_39", 0 0, L_00000236e6fb4620;  1 drivers
v00000236e6f98a70_0 .net *"_ivl_390", 0 0, L_00000236e700f850;  1 drivers
v00000236e6f98ed0_0 .net *"_ivl_393", 0 0, L_00000236e6fb08e0;  1 drivers
v00000236e6f97b70_0 .net *"_ivl_394", 0 0, L_00000236e700fe70;  1 drivers
v00000236e6f97d50_0 .net *"_ivl_397", 0 0, L_00000236e6fb16a0;  1 drivers
v00000236e6f97df0_0 .net *"_ivl_398", 0 0, L_00000236e700fcb0;  1 drivers
v00000236e6f98f70_0 .net *"_ivl_40", 0 0, L_00000236e6f330a0;  1 drivers
v00000236e6f98070_0 .net *"_ivl_403", 0 0, L_00000236e6faf440;  1 drivers
v00000236e6f97e90_0 .net *"_ivl_404", 0 0, L_00000236e700f930;  1 drivers
v00000236e6f99010_0 .net *"_ivl_407", 0 0, L_00000236e6fb0e80;  1 drivers
v00000236e6f99790_0 .net *"_ivl_408", 0 0, L_00000236e700fee0;  1 drivers
v00000236e6f99290_0 .net *"_ivl_411", 0 0, L_00000236e6fb0700;  1 drivers
v00000236e6f97f30_0 .net *"_ivl_415", 0 0, L_00000236e6fb0200;  1 drivers
v00000236e6f9ab90_0 .net *"_ivl_416", 0 0, L_00000236e7010490;  1 drivers
v00000236e6f9a230_0 .net *"_ivl_418", 0 0, L_00000236e7010810;  1 drivers
v00000236e6f9a050_0 .net *"_ivl_42", 0 0, L_00000236e6f32770;  1 drivers
v00000236e6f9aa50_0 .net *"_ivl_421", 0 0, L_00000236e6fb1420;  1 drivers
v00000236e6f9a910_0 .net *"_ivl_422", 0 0, L_00000236e70103b0;  1 drivers
v00000236e6f9a0f0_0 .net *"_ivl_425", 0 0, L_00000236e6fafee0;  1 drivers
v00000236e6f99ab0_0 .net *"_ivl_426", 0 0, L_00000236e7010650;  1 drivers
v00000236e6f9acd0_0 .net *"_ivl_431", 0 0, L_00000236e6fb14c0;  1 drivers
v00000236e6f99d30_0 .net *"_ivl_432", 0 0, L_00000236e70101f0;  1 drivers
v00000236e6f9a9b0_0 .net *"_ivl_434", 0 0, L_00000236e7010340;  1 drivers
v00000236e6f9aaf0_0 .net *"_ivl_437", 0 0, L_00000236e6fafe40;  1 drivers
v00000236e6f99b50_0 .net *"_ivl_438", 0 0, L_00000236e7010730;  1 drivers
v00000236e6f9a4b0_0 .net *"_ivl_441", 0 0, L_00000236e6faf3a0;  1 drivers
v00000236e6f9a410_0 .net *"_ivl_445", 0 0, L_00000236e6fafd00;  1 drivers
v00000236e6f9a870_0 .net *"_ivl_446", 0 0, L_00000236e70108f0;  1 drivers
v00000236e6f9ad70_0 .net *"_ivl_448", 0 0, L_00000236e70102d0;  1 drivers
v00000236e6f99bf0_0 .net *"_ivl_45", 0 0, L_00000236e6fb46c0;  1 drivers
v00000236e6f9a550_0 .net *"_ivl_451", 0 0, L_00000236e6fafda0;  1 drivers
v00000236e6f9ac30_0 .net *"_ivl_452", 0 0, L_00000236e70107a0;  1 drivers
v00000236e6f99e70_0 .net *"_ivl_454", 0 0, L_00000236e7010420;  1 drivers
v00000236e6f9aeb0_0 .net *"_ivl_457", 0 0, L_00000236e6faff80;  1 drivers
v00000236e6f9ae10_0 .net *"_ivl_46", 0 0, L_00000236e6f33ab0;  1 drivers
v00000236e6f9af50_0 .net *"_ivl_461", 0 0, L_00000236e6fb07a0;  1 drivers
v00000236e6f9a370_0 .net *"_ivl_462", 0 0, L_00000236e7010570;  1 drivers
v00000236e6f9aff0_0 .net *"_ivl_465", 0 0, L_00000236e6fb0a20;  1 drivers
v00000236e6f9a5f0_0 .net *"_ivl_466", 0 0, L_00000236e70105e0;  1 drivers
v00000236e6f9a690_0 .net *"_ivl_468", 0 0, L_00000236e70106c0;  1 drivers
v00000236e6f99970_0 .net *"_ivl_471", 0 0, L_00000236e6fb0840;  1 drivers
v00000236e6f9a730_0 .net *"_ivl_472", 0 0, L_00000236e700cbb0;  1 drivers
v00000236e6f99a10_0 .net *"_ivl_475", 0 0, L_00000236e6fb17e0;  1 drivers
v00000236e6f99c90_0 .net *"_ivl_476", 0 0, L_00000236e700d400;  1 drivers
v00000236e6f99dd0_0 .net *"_ivl_48", 0 0, L_00000236e6f32380;  1 drivers
v00000236e6f9a190_0 .net *"_ivl_481", 0 0, L_00000236e6fb0020;  1 drivers
v00000236e6f99f10_0 .net *"_ivl_482", 0 0, L_00000236e700d860;  1 drivers
v00000236e6f99fb0_0 .net *"_ivl_485", 0 0, L_00000236e6fb00c0;  1 drivers
v00000236e6f9a7d0_0 .net *"_ivl_486", 0 0, L_00000236e700d010;  1 drivers
v00000236e6f9a2d0_0 .net *"_ivl_488", 0 0, L_00000236e700dd30;  1 drivers
v00000236e6f9f3b0_0 .net *"_ivl_491", 0 0, L_00000236e6fb11a0;  1 drivers
v00000236e6f9e230_0 .net *"_ivl_492", 0 0, L_00000236e700def0;  1 drivers
v00000236e6f9f770_0 .net *"_ivl_495", 0 0, L_00000236e6fb1560;  1 drivers
v00000236e6f9e4b0_0 .net *"_ivl_498", 0 0, L_00000236e700cc90;  1 drivers
v00000236e6fa0530_0 .net *"_ivl_5", 0 0, L_00000236e6fb4760;  1 drivers
v00000236e6fa0490_0 .net *"_ivl_503", 0 0, L_00000236e6fb1600;  1 drivers
v00000236e6f9fb30_0 .net *"_ivl_505", 0 0, L_00000236e6faf300;  1 drivers
v00000236e6f9f450_0 .net *"_ivl_506", 0 0, L_00000236e700ca60;  1 drivers
v00000236e6f9e910_0 .net *"_ivl_509", 0 0, L_00000236e6fb0ca0;  1 drivers
v00000236e6f9e550_0 .net *"_ivl_51", 0 0, L_00000236e6fadc80;  1 drivers
v00000236e6fa08f0_0 .net *"_ivl_510", 0 0, L_00000236e700cfa0;  1 drivers
v00000236e6f9eff0_0 .net *"_ivl_512", 0 0, L_00000236e700e040;  1 drivers
v00000236e6fa03f0_0 .net *"_ivl_515", 0 0, L_00000236e6fafa80;  1 drivers
v00000236e6f9f8b0_0 .net *"_ivl_516", 0 0, L_00000236e700e3c0;  1 drivers
v00000236e6f9ed70_0 .net *"_ivl_518", 0 0, L_00000236e700e120;  1 drivers
v00000236e6f9ee10_0 .net *"_ivl_52", 0 0, L_00000236e6f33340;  1 drivers
v00000236e6fa0210_0 .net *"_ivl_521", 0 0, L_00000236e6fb0520;  1 drivers
v00000236e6f9eaf0_0 .net *"_ivl_522", 0 0, L_00000236e700de10;  1 drivers
v00000236e6f9e7d0_0 .net *"_ivl_525", 0 0, L_00000236e6fb02a0;  1 drivers
v00000236e6f9e410_0 .net *"_ivl_526", 0 0, L_00000236e700d1d0;  1 drivers
v00000236e6f9e190_0 .net *"_ivl_529", 0 0, L_00000236e6fb0160;  1 drivers
v00000236e6f9fe50_0 .net *"_ivl_533", 0 0, L_00000236e6fb0ac0;  1 drivers
v00000236e6fa02b0_0 .net *"_ivl_534", 0 0, L_00000236e700d240;  1 drivers
v00000236e6fa05d0_0 .net *"_ivl_537", 0 0, L_00000236e6faf9e0;  1 drivers
v00000236e6f9e5f0_0 .net *"_ivl_538", 0 0, L_00000236e700e200;  1 drivers
v00000236e6f9fd10_0 .net *"_ivl_541", 0 0, L_00000236e6fafb20;  1 drivers
v00000236e6fa07b0_0 .net *"_ivl_542", 0 0, L_00000236e700e270;  1 drivers
v00000236e6f9e730_0 .net *"_ivl_544", 0 0, L_00000236e700d080;  1 drivers
v00000236e6f9eeb0_0 .net *"_ivl_547", 0 0, L_00000236e6faf6c0;  1 drivers
v00000236e6fa0670_0 .net *"_ivl_548", 0 0, L_00000236e700d710;  1 drivers
v00000236e6f9f950_0 .net *"_ivl_550", 0 0, L_00000236e700dbe0;  1 drivers
v00000236e6f9ff90_0 .net *"_ivl_553", 0 0, L_00000236e6faf4e0;  1 drivers
v00000236e6f9fa90_0 .net *"_ivl_554", 0 0, L_00000236e700dc50;  1 drivers
v00000236e6f9fef0_0 .net *"_ivl_556", 0 0, L_00000236e700dfd0;  1 drivers
v00000236e6f9e870_0 .net *"_ivl_559", 0 0, L_00000236e6fb0340;  1 drivers
v00000236e6fa0710_0 .net *"_ivl_560", 0 0, L_00000236e700cb40;  1 drivers
v00000236e6f9e690_0 .net *"_ivl_563", 0 0, L_00000236e6fb1380;  1 drivers
v00000236e6f9ef50_0 .net *"_ivl_567", 0 0, L_00000236e6fb0b60;  1 drivers
v00000236e6f9f6d0_0 .net *"_ivl_568", 0 0, L_00000236e700d6a0;  1 drivers
v00000236e6fa0350_0 .net *"_ivl_57", 0 0, L_00000236e6fad8c0;  1 drivers
v00000236e6f9e9b0_0 .net *"_ivl_570", 0 0, L_00000236e700e350;  1 drivers
v00000236e6fa0850_0 .net *"_ivl_573", 0 0, L_00000236e6fb1740;  1 drivers
v00000236e6f9ecd0_0 .net *"_ivl_574", 0 0, L_00000236e700cd00;  1 drivers
v00000236e6f9f1d0_0 .net *"_ivl_576", 0 0, L_00000236e700dcc0;  1 drivers
v00000236e6f9e2d0_0 .net *"_ivl_579", 0 0, L_00000236e6fb1240;  1 drivers
v00000236e6f9ea50_0 .net *"_ivl_58", 0 0, L_00000236e6f327e0;  1 drivers
v00000236e6f9f090_0 .net *"_ivl_580", 0 0, L_00000236e700dda0;  1 drivers
v00000236e6f9e370_0 .net *"_ivl_585", 0 0, L_00000236e6fb12e0;  1 drivers
v00000236e6f9f810_0 .net *"_ivl_586", 0 0, L_00000236e700cc20;  1 drivers
v00000236e6f9eb90_0 .net *"_ivl_588", 0 0, L_00000236e700d780;  1 drivers
v00000236e6f9f9f0_0 .net *"_ivl_591", 0 0, L_00000236e6fb05c0;  1 drivers
v00000236e6f9f130_0 .net *"_ivl_592", 0 0, L_00000236e700d4e0;  1 drivers
v00000236e6f9ec30_0 .net *"_ivl_594", 0 0, L_00000236e700d7f0;  1 drivers
v00000236e6f9f270_0 .net *"_ivl_597", 0 0, L_00000236e6fb1880;  1 drivers
v00000236e6f9f310_0 .net *"_ivl_6", 0 0, L_00000236e6f33b90;  1 drivers
v00000236e6f9f4f0_0 .net *"_ivl_60", 0 0, L_00000236e6f32850;  1 drivers
v00000236e6f9f590_0 .net *"_ivl_601", 0 0, L_00000236e6fb0980;  1 drivers
v00000236e6f9f630_0 .net *"_ivl_602", 0 0, L_00000236e700d160;  1 drivers
v00000236e6f9fbd0_0 .net *"_ivl_604", 0 0, L_00000236e700e430;  1 drivers
v00000236e6f9fc70_0 .net *"_ivl_607", 0 0, L_00000236e6fb0660;  1 drivers
v00000236e6f9fdb0_0 .net *"_ivl_608", 0 0, L_00000236e700e0b0;  1 drivers
v00000236e6fa0030_0 .net *"_ivl_611", 0 0, L_00000236e6faf760;  1 drivers
v00000236e6fa00d0_0 .net *"_ivl_612", 0 0, L_00000236e700d320;  1 drivers
v00000236e6fa0170_0 .net *"_ivl_617", 0 0, L_00000236e6fafbc0;  1 drivers
v00000236e6fa2970_0 .net *"_ivl_619", 0 0, L_00000236e6fb1920;  1 drivers
v00000236e6fa2ab0_0 .net *"_ivl_620", 0 0, L_00000236e700d550;  1 drivers
v00000236e6fa2d30_0 .net *"_ivl_623", 0 0, L_00000236e6faf1c0;  1 drivers
v00000236e6fa0df0_0 .net *"_ivl_624", 0 0, L_00000236e700de80;  1 drivers
v00000236e6fa2b50_0 .net *"_ivl_626", 0 0, L_00000236e700e510;  1 drivers
v00000236e6fa1ed0_0 .net *"_ivl_629", 0 0, L_00000236e6faf620;  1 drivers
v00000236e6fa0a30_0 .net *"_ivl_63", 0 0, L_00000236e6fadfa0;  1 drivers
v00000236e6fa2830_0 .net *"_ivl_630", 0 0, L_00000236e700e580;  1 drivers
v00000236e6fa0e90_0 .net *"_ivl_632", 0 0, L_00000236e700df60;  1 drivers
v00000236e6fa1110_0 .net *"_ivl_635", 0 0, L_00000236e6faf260;  1 drivers
v00000236e6fa1cf0_0 .net *"_ivl_636", 0 0, L_00000236e700d390;  1 drivers
v00000236e6fa2a10_0 .net *"_ivl_638", 0 0, L_00000236e700c9f0;  1 drivers
v00000236e6fa0990_0 .net *"_ivl_64", 0 0, L_00000236e6f33110;  1 drivers
v00000236e6fa14d0_0 .net *"_ivl_641", 0 0, L_00000236e6fb0c00;  1 drivers
v00000236e6fa28d0_0 .net *"_ivl_642", 0 0, L_00000236e700cad0;  1 drivers
v00000236e6fa1890_0 .net *"_ivl_645", 0 0, L_00000236e6faf580;  1 drivers
v00000236e6fa21f0_0 .net *"_ivl_649", 0 0, L_00000236e6fb1060;  1 drivers
v00000236e6fa0f30_0 .net *"_ivl_650", 0 0, L_00000236e700cde0;  1 drivers
v00000236e6fa19d0_0 .net *"_ivl_652", 0 0, L_00000236e700ce50;  1 drivers
v00000236e6fa11b0_0 .net *"_ivl_655", 0 0, L_00000236e6faf800;  1 drivers
v00000236e6fa1750_0 .net *"_ivl_656", 0 0, L_00000236e700d5c0;  1 drivers
v00000236e6fa2470_0 .net *"_ivl_658", 0 0, L_00000236e700d630;  1 drivers
v00000236e6fa0ad0_0 .net *"_ivl_66", 0 0, L_00000236e6f32150;  1 drivers
v00000236e6fa1a70_0 .net *"_ivl_661", 0 0, L_00000236e6fb0d40;  1 drivers
v00000236e6fa1f70_0 .net *"_ivl_662", 0 0, L_00000236e700d8d0;  1 drivers
v00000236e6fa2010_0 .net *"_ivl_667", 0 0, L_00000236e6fb0de0;  1 drivers
v00000236e6fa2bf0_0 .net *"_ivl_668", 0 0, L_00000236e700d9b0;  1 drivers
v00000236e6fa2290_0 .net *"_ivl_670", 0 0, L_00000236e700da90;  1 drivers
v00000236e6fa0b70_0 .net *"_ivl_673", 0 0, L_00000236e6faf8a0;  1 drivers
v00000236e6fa2dd0_0 .net *"_ivl_674", 0 0, L_00000236e700db00;  1 drivers
v00000236e6fa0fd0_0 .net *"_ivl_676", 0 0, L_00000236e700db70;  1 drivers
v00000236e6fa2c90_0 .net *"_ivl_679", 0 0, L_00000236e6faf940;  1 drivers
v00000236e6fa2e70_0 .net *"_ivl_683", 0 0, L_00000236e6fb0f20;  1 drivers
v00000236e6fa0c10_0 .net *"_ivl_684", 0 0, L_00000236e701cc80;  1 drivers
v00000236e6fa2f10_0 .net *"_ivl_687", 0 0, L_00000236e6fb0fc0;  1 drivers
v00000236e6fa1930_0 .net *"_ivl_688", 0 0, L_00000236e701cc10;  1 drivers
v00000236e6fa2330_0 .net *"_ivl_69", 0 0, L_00000236e6faec20;  1 drivers
v00000236e6fa20b0_0 .net *"_ivl_690", 0 0, L_00000236e701ccf0;  1 drivers
v00000236e6fa2fb0_0 .net *"_ivl_693", 0 0, L_00000236e6fb1100;  1 drivers
v00000236e6fa1d90_0 .net *"_ivl_694", 0 0, L_00000236e701cd60;  1 drivers
v00000236e6fa2150_0 .net *"_ivl_699", 0 0, L_00000236e70215d0;  1 drivers
v00000236e6fa3050_0 .net *"_ivl_70", 0 0, L_00000236e6f324d0;  1 drivers
v00000236e6fa30f0_0 .net *"_ivl_700", 0 0, L_00000236e701ceb0;  1 drivers
v00000236e6fa1b10_0 .net *"_ivl_703", 0 0, L_00000236e7022110;  1 drivers
v00000236e6fa2790_0 .net *"_ivl_704", 0 0, L_00000236e701cf20;  1 drivers
v00000236e6fa0cb0_0 .net *"_ivl_706", 0 0, L_00000236e701cf90;  1 drivers
v00000236e6fa23d0_0 .net *"_ivl_709", 0 0, L_00000236e7021490;  1 drivers
v00000236e6fa0d50_0 .net *"_ivl_713", 0 0, L_00000236e7022250;  1 drivers
v00000236e6fa16b0_0 .net *"_ivl_714", 0 0, L_00000236e701c970;  1 drivers
v00000236e6fa1610_0 .net *"_ivl_717", 0 0, L_00000236e70218f0;  1 drivers
v00000236e6fa1070_0 .net *"_ivl_718", 0 0, L_00000236e701cdd0;  1 drivers
v00000236e6fa1250_0 .net *"_ivl_72", 0 0, L_00000236e6f32cb0;  1 drivers
v00000236e6fa1570_0 .net *"_ivl_721", 0 0, L_00000236e7021b70;  1 drivers
v00000236e6fa12f0_0 .net *"_ivl_722", 0 0, L_00000236e701c900;  1 drivers
v00000236e6fa2510_0 .net *"_ivl_727", 0 0, L_00000236e7020270;  1 drivers
v00000236e6fa1390_0 .net *"_ivl_728", 0 0, L_00000236e701ca50;  1 drivers
v00000236e6fa1430_0 .net *"_ivl_731", 0 0, L_00000236e7021c10;  1 drivers
v00000236e6fa17f0_0 .net *"_ivl_732", 0 0, L_00000236e701cac0;  1 drivers
v00000236e6fa25b0_0 .net *"_ivl_735", 0 0, L_00000236e70206d0;  1 drivers
v00000236e6fa1bb0_0 .net *"_ivl_739", 0 0, L_00000236e7020090;  1 drivers
v00000236e6fa1c50_0 .net *"_ivl_741", 0 0, L_00000236e7021990;  1 drivers
v00000236e6fa1e30_0 .net *"_ivl_742", 0 0, L_00000236e701cba0;  1 drivers
v00000236e6fa2650_0 .net *"_ivl_745", 0 0, L_00000236e7021670;  1 drivers
v00000236e6fa26f0_0 .net *"_ivl_746", 0 0, L_00000236e7019330;  1 drivers
v00000236e6fa37d0_0 .net *"_ivl_748", 0 0, L_00000236e701a210;  1 drivers
v00000236e6fa3550_0 .net *"_ivl_75", 0 0, L_00000236e6fac9c0;  1 drivers
v00000236e6fa3370_0 .net *"_ivl_751", 0 0, L_00000236e70221b0;  1 drivers
v00000236e6fa3410_0 .net *"_ivl_752", 0 0, L_00000236e701a4b0;  1 drivers
v00000236e6fa3730_0 .net *"_ivl_755", 0 0, L_00000236e7022070;  1 drivers
v00000236e6fa32d0_0 .net *"_ivl_756", 0 0, L_00000236e7019950;  1 drivers
v00000236e6fa3230_0 .net *"_ivl_759", 0 0, L_00000236e7021f30;  1 drivers
v00000236e6fa3190_0 .net *"_ivl_760", 0 0, L_00000236e701a600;  1 drivers
v00000236e6fa34b0_0 .net *"_ivl_763", 0 0, L_00000236e70201d0;  1 drivers
v00000236e6fa35f0_0 .net *"_ivl_769", 0 0, L_00000236e7021850;  1 drivers
v00000236e6fa3690_0 .net *"_ivl_770", 0 0, L_00000236e7019f70;  1 drivers
v00000236e6fa3870_0 .net *"_ivl_773", 0 0, L_00000236e7021cb0;  1 drivers
v00000236e6f9bc10_0 .net *"_ivl_774", 0 0, L_00000236e701a670;  1 drivers
v00000236e6f9d510_0 .net *"_ivl_777", 0 0, L_00000236e7021fd0;  1 drivers
v00000236e6f9dfb0_0 .net *"_ivl_778", 0 0, L_00000236e7019fe0;  1 drivers
v00000236e6f9bf30_0 .net *"_ivl_780", 0 0, L_00000236e701a6e0;  1 drivers
v00000236e6f9c570_0 .net *"_ivl_783", 0 0, L_00000236e7020db0;  1 drivers
v00000236e6f9dbf0_0 .net *"_ivl_784", 0 0, L_00000236e701a2f0;  1 drivers
v00000236e6f9d0b0_0 .net *"_ivl_787", 0 0, L_00000236e7020310;  1 drivers
v00000236e6f9d790_0 .net *"_ivl_788", 0 0, L_00000236e7019aa0;  1 drivers
v00000236e6f9d290_0 .net *"_ivl_79", 0 0, L_00000236e6fae2c0;  1 drivers
v00000236e6f9d1f0_0 .net *"_ivl_791", 0 0, L_00000236e70208b0;  1 drivers
v00000236e6f9e0f0_0 .net *"_ivl_795", 0 0, L_00000236e70217b0;  1 drivers
v00000236e6f9dc90_0 .net *"_ivl_799", 0 0, L_00000236e70222f0;  1 drivers
v00000236e6f9cb10_0 .net *"_ivl_80", 0 0, L_00000236e6f33180;  1 drivers
v00000236e6f9d6f0_0 .net *"_ivl_800", 0 0, L_00000236e7019870;  1 drivers
v00000236e6f9bdf0_0 .net *"_ivl_804", 0 0, L_00000236e701aad0;  1 drivers
v00000236e6f9c110_0 .net *"_ivl_806", 0 0, L_00000236e70196b0;  1 drivers
v00000236e6f9c4d0_0 .net *"_ivl_808", 0 0, L_00000236e7019db0;  1 drivers
v00000236e6f9d5b0_0 .net *"_ivl_810", 0 0, L_00000236e701a360;  1 drivers
v00000236e6f9c7f0_0 .net *"_ivl_812", 0 0, L_00000236e701a750;  1 drivers
v00000236e6f9c610_0 .net *"_ivl_82", 0 0, L_00000236e6f32e00;  1 drivers
v00000236e6f9d010_0 .net *"_ivl_85", 0 0, L_00000236e6fadf00;  1 drivers
v00000236e6f9df10_0 .net *"_ivl_86", 0 0, L_00000236e6f321c0;  1 drivers
v00000236e6f9d650_0 .net *"_ivl_88", 0 0, L_00000236e6f32d20;  1 drivers
v00000236e6f9bcb0_0 .net *"_ivl_9", 0 0, L_00000236e6fb4440;  1 drivers
v00000236e6f9d970_0 .net *"_ivl_91", 0 0, L_00000236e6fae7c0;  1 drivers
v00000236e6f9c930_0 .net *"_ivl_95", 0 0, L_00000236e6fae0e0;  1 drivers
v00000236e6f9c6b0_0 .net *"_ivl_96", 0 0, L_00000236e6f335e0;  1 drivers
v00000236e6f9d830_0 .net *"_ivl_98", 0 0, L_00000236e6f329a0;  1 drivers
v00000236e6f9d8d0_0 .net "branch", 0 0, L_00000236e700cd70;  1 drivers
v00000236e6f9cf70_0 .net "i_add", 0 0, L_00000236e6f32460;  1 drivers
v00000236e6f9da10_0 .net "i_addi", 0 0, L_00000236e700f7e0;  1 drivers
v00000236e6f9bd50_0 .net "i_and", 0 0, L_00000236e6ab8b80;  1 drivers
v00000236e6f9d330_0 .net "i_andi", 0 0, L_00000236e7010110;  1 drivers
v00000236e6f9e050_0 .net "i_auipc", 0 0, L_00000236e701a7c0;  1 drivers
v00000236e6f9c070_0 .net "i_beq", 0 0, L_00000236e700d940;  1 drivers
v00000236e6f9c1b0_0 .net "i_bge", 0 0, L_00000236e701c890;  1 drivers
v00000236e6f9dd30_0 .net "i_bgeu", 0 0, L_00000236e701cb30;  1 drivers
v00000236e6f9d470_0 .net "i_blt", 0 0, L_00000236e701ce40;  1 drivers
v00000236e6f9c250_0 .net "i_bltu", 0 0, L_00000236e701c9e0;  1 drivers
v00000236e6f9c9d0_0 .net "i_bne", 0 0, L_00000236e700cec0;  1 drivers
v00000236e6f9cd90_0 .net "i_jal", 0 0, L_00000236e701a980;  1 drivers
v00000236e6f9b990_0 .net "i_jalr", 0 0, L_00000236e700d470;  1 drivers
v00000236e6f9c890_0 .net "i_lb", 0 0, L_00000236e700f770;  1 drivers
v00000236e6f9d3d0_0 .net "i_lbu", 0 0, L_00000236e70100a0;  1 drivers
v00000236e6f9c2f0_0 .net "i_lh", 0 0, L_00000236e700ec10;  1 drivers
v00000236e6f9ba30_0 .net "i_lhu", 0 0, L_00000236e700fc40;  1 drivers
v00000236e6f9bb70_0 .net "i_lui", 0 0, L_00000236e701a280;  1 drivers
v00000236e6f9dab0_0 .net "i_lw", 0 0, L_00000236e700f3f0;  1 drivers
v00000236e6f9cbb0_0 .net "i_or", 0 0, L_00000236e6ee0cc0;  1 drivers
v00000236e6f9db50_0 .net "i_ori", 0 0, L_00000236e700fd20;  1 drivers
v00000236e6f9c390_0 .net "i_sb", 0 0, L_00000236e700d2b0;  1 drivers
v00000236e6f9ce30_0 .net "i_sh", 0 0, L_00000236e700d0f0;  1 drivers
v00000236e6f9de70_0 .net "i_sll", 0 0, L_00000236e6f32230;  1 drivers
v00000236e6f9ddd0_0 .net "i_slli", 0 0, L_00000236e7010500;  1 drivers
v00000236e6f9be90_0 .net "i_slt", 0 0, L_00000236e6f325b0;  1 drivers
v00000236e6f9bad0_0 .net "i_slti", 0 0, L_00000236e7010880;  1 drivers
v00000236e6f9bfd0_0 .net "i_sltiu", 0 0, L_00000236e7010260;  1 drivers
v00000236e6f9c750_0 .net "i_sltu", 0 0, L_00000236e6f32af0;  1 drivers
v00000236e6f9c430_0 .net "i_sra", 0 0, L_00000236e6f33e30;  1 drivers
v00000236e6f9ca70_0 .net "i_srai", 0 0, L_00000236e700da20;  1 drivers
v00000236e6f9cc50_0 .net "i_srl", 0 0, L_00000236e6f33ff0;  1 drivers
v00000236e6f9ccf0_0 .net "i_srli", 0 0, L_00000236e700cf30;  1 drivers
v00000236e6f9ced0_0 .net "i_sub", 0 0, L_00000236e6f33c00;  1 drivers
v00000236e6f9d150_0 .net "i_sw", 0 0, L_00000236e700e4a0;  1 drivers
v00000236e6fa8470_0 .net "i_xor", 0 0, L_00000236e6f32b60;  1 drivers
v00000236e6fa9870_0 .net "i_xori", 0 0, L_00000236e700f700;  1 drivers
v00000236e6fa7930_0 .net "itype_r", 0 0, L_00000236e7010030;  1 drivers
v00000236e6fa7d90_0 .net "itype_shamt", 0 0, L_00000236e700e190;  1 drivers
v00000236e6fa9910_0 .net "jtype", 0 0, L_00000236e70199c0;  1 drivers
v00000236e6fa9190_0 .net "load", 0 0, L_00000236e700fa80;  1 drivers
v00000236e6fa8dd0_0 .net "rtype", 0 0, L_00000236e6f32690;  1 drivers
v00000236e6fa71b0_0 .net "store", 0 0, L_00000236e700e2e0;  1 drivers
v00000236e6fa7cf0_0 .net "utype", 0 0, L_00000236e70198e0;  1 drivers
E_00000236e6f0a2e0/0 .event anyedge, v00000236e6fa7d90_0, v00000236e6fa71b0_0, v00000236e6f9d8d0_0, v00000236e6fa7cf0_0;
E_00000236e6f0a2e0/1 .event anyedge, v00000236e6fa9910_0, v00000236e6f9c070_0, v00000236e6f9c9d0_0, v00000236e6f9d470_0;
E_00000236e6f0a2e0/2 .event anyedge, v00000236e6f9c1b0_0, v00000236e6f9c250_0, v00000236e6f9dd30_0, v00000236e6f9e050_0;
E_00000236e6f0a2e0/3 .event anyedge, v00000236e6fa7930_0, v00000236e6fa9190_0, v00000236e6f9ced0_0, v00000236e6f9bd50_0;
E_00000236e6f0a2e0/4 .event anyedge, v00000236e6f9d330_0, v00000236e6f9cbb0_0, v00000236e6f9db50_0, v00000236e6fa8470_0;
E_00000236e6f0a2e0/5 .event anyedge, v00000236e6fa9870_0, v00000236e6f9de70_0, v00000236e6f9ddd0_0, v00000236e6f9cc50_0;
E_00000236e6f0a2e0/6 .event anyedge, v00000236e6f9ccf0_0, v00000236e6f9c430_0, v00000236e6f9ca70_0, v00000236e6f9be90_0;
E_00000236e6f0a2e0/7 .event anyedge, v00000236e6f9bad0_0, v00000236e6f9c750_0, v00000236e6f9bfd0_0, v00000236e6f9bb70_0;
E_00000236e6f0a2e0/8 .event anyedge, v00000236e6f9c890_0, v00000236e6f9c390_0, v00000236e6f9c2f0_0, v00000236e6f9ce30_0;
E_00000236e6f0a2e0/9 .event anyedge, v00000236e6f9d3d0_0, v00000236e6f9ba30_0, v00000236e6f9cd90_0, v00000236e6f9b990_0;
E_00000236e6f0a2e0 .event/or E_00000236e6f0a2e0/0, E_00000236e6f0a2e0/1, E_00000236e6f0a2e0/2, E_00000236e6f0a2e0/3, E_00000236e6f0a2e0/4, E_00000236e6f0a2e0/5, E_00000236e6f0a2e0/6, E_00000236e6f0a2e0/7, E_00000236e6f0a2e0/8, E_00000236e6f0a2e0/9;
L_00000236e6fb4800 .part L_00000236e6fb1d80, 6, 1;
L_00000236e6fb4760 .part L_00000236e6fb1d80, 5, 1;
L_00000236e6fb4440 .part L_00000236e6fb1d80, 4, 1;
L_00000236e6fb48a0 .part L_00000236e6fb1d80, 3, 1;
L_00000236e6fb4260 .part L_00000236e6fb1d80, 2, 1;
L_00000236e6fb43a0 .part L_00000236e6fb1d80, 1, 1;
L_00000236e6fb4300 .part L_00000236e6fb1d80, 0, 1;
L_00000236e6fb4580 .part L_00000236e6fb32c0, 2, 1;
L_00000236e6fb4620 .part L_00000236e6fb32c0, 1, 1;
L_00000236e6fb46c0 .part L_00000236e6fb32c0, 0, 1;
L_00000236e6fadc80 .part L_00000236e6fb3900, 5, 1;
L_00000236e6fad8c0 .part L_00000236e6fb32c0, 2, 1;
L_00000236e6fadfa0 .part L_00000236e6fb32c0, 1, 1;
L_00000236e6faec20 .part L_00000236e6fb32c0, 0, 1;
L_00000236e6fac9c0 .part L_00000236e6fb3900, 5, 1;
L_00000236e6fae2c0 .part L_00000236e6fb32c0, 2, 1;
L_00000236e6fadf00 .part L_00000236e6fb32c0, 1, 1;
L_00000236e6fae7c0 .part L_00000236e6fb32c0, 0, 1;
L_00000236e6fae0e0 .part L_00000236e6fb32c0, 2, 1;
L_00000236e6faddc0 .part L_00000236e6fb32c0, 1, 1;
L_00000236e6faca60 .part L_00000236e6fb32c0, 0, 1;
L_00000236e6facec0 .part L_00000236e6fb32c0, 2, 1;
L_00000236e6faeae0 .part L_00000236e6fb32c0, 1, 1;
L_00000236e6fae680 .part L_00000236e6fb32c0, 0, 1;
L_00000236e6fad500 .part L_00000236e6fb32c0, 2, 1;
L_00000236e6fad5a0 .part L_00000236e6fb32c0, 1, 1;
L_00000236e6facce0 .part L_00000236e6fb32c0, 0, 1;
L_00000236e6faea40 .part L_00000236e6fb32c0, 2, 1;
L_00000236e6fade60 .part L_00000236e6fb32c0, 1, 1;
L_00000236e6facc40 .part L_00000236e6fb32c0, 0, 1;
L_00000236e6fae900 .part L_00000236e6fb3900, 5, 1;
L_00000236e6faeb80 .part L_00000236e6fb32c0, 2, 1;
L_00000236e6face20 .part L_00000236e6fb32c0, 1, 1;
L_00000236e6faef40 .part L_00000236e6fb32c0, 0, 1;
L_00000236e6fad140 .part L_00000236e6fb3900, 5, 1;
L_00000236e6facd80 .part L_00000236e6fb32c0, 2, 1;
L_00000236e6fadb40 .part L_00000236e6fb32c0, 1, 1;
L_00000236e6fae9a0 .part L_00000236e6fb32c0, 0, 1;
L_00000236e6fad960 .part L_00000236e6fb32c0, 2, 1;
L_00000236e6faecc0 .part L_00000236e6fb32c0, 1, 1;
L_00000236e6facf60 .part L_00000236e6fb32c0, 0, 1;
L_00000236e6facb00 .part L_00000236e6fb1d80, 6, 1;
L_00000236e6fadbe0 .part L_00000236e6fb1d80, 5, 1;
L_00000236e6fadd20 .part L_00000236e6fb1d80, 4, 1;
L_00000236e6fad460 .part L_00000236e6fb1d80, 3, 1;
L_00000236e6faed60 .part L_00000236e6fb1d80, 2, 1;
L_00000236e6fad000 .part L_00000236e6fb1d80, 1, 1;
L_00000236e6fae040 .part L_00000236e6fb1d80, 0, 1;
L_00000236e6fae360 .part L_00000236e6fb32c0, 2, 1;
L_00000236e6fada00 .part L_00000236e6fb32c0, 1, 1;
L_00000236e6fae180 .part L_00000236e6fb32c0, 0, 1;
L_00000236e6fae220 .part L_00000236e6fb32c0, 2, 1;
L_00000236e6fae720 .part L_00000236e6fb32c0, 1, 1;
L_00000236e6fad0a0 .part L_00000236e6fb32c0, 0, 1;
L_00000236e6fae400 .part L_00000236e6fb32c0, 2, 1;
L_00000236e6fad1e0 .part L_00000236e6fb32c0, 1, 1;
L_00000236e6fae4a0 .part L_00000236e6fb32c0, 0, 1;
L_00000236e6fad640 .part L_00000236e6fb32c0, 2, 1;
L_00000236e6faee00 .part L_00000236e6fb32c0, 1, 1;
L_00000236e6fad280 .part L_00000236e6fb32c0, 0, 1;
L_00000236e6fae540 .part L_00000236e6fb32c0, 2, 1;
L_00000236e6fad820 .part L_00000236e6fb32c0, 1, 1;
L_00000236e6faeea0 .part L_00000236e6fb32c0, 0, 1;
L_00000236e6fae860 .part L_00000236e6fb1d80, 6, 1;
L_00000236e6fae5e0 .part L_00000236e6fb1d80, 5, 1;
L_00000236e6faefe0 .part L_00000236e6fb1d80, 4, 1;
L_00000236e6fad6e0 .part L_00000236e6fb1d80, 3, 1;
L_00000236e6faf080 .part L_00000236e6fb1d80, 2, 1;
L_00000236e6fadaa0 .part L_00000236e6fb1d80, 1, 1;
L_00000236e6faf120 .part L_00000236e6fb1d80, 0, 1;
L_00000236e6facba0 .part L_00000236e6fb32c0, 2, 1;
L_00000236e6fad320 .part L_00000236e6fb32c0, 1, 1;
L_00000236e6fad3c0 .part L_00000236e6fb32c0, 0, 1;
L_00000236e6fad780 .part L_00000236e6fb32c0, 2, 1;
L_00000236e6fb03e0 .part L_00000236e6fb32c0, 1, 1;
L_00000236e6fb0480 .part L_00000236e6fb32c0, 0, 1;
L_00000236e6fafc60 .part L_00000236e6fb32c0, 2, 1;
L_00000236e6fb08e0 .part L_00000236e6fb32c0, 1, 1;
L_00000236e6fb16a0 .part L_00000236e6fb32c0, 0, 1;
L_00000236e6faf440 .part L_00000236e6fb32c0, 2, 1;
L_00000236e6fb0e80 .part L_00000236e6fb32c0, 1, 1;
L_00000236e6fb0700 .part L_00000236e6fb32c0, 0, 1;
L_00000236e6fb0200 .part L_00000236e6fb32c0, 2, 1;
L_00000236e6fb1420 .part L_00000236e6fb32c0, 1, 1;
L_00000236e6fafee0 .part L_00000236e6fb32c0, 0, 1;
L_00000236e6fb14c0 .part L_00000236e6fb32c0, 2, 1;
L_00000236e6fafe40 .part L_00000236e6fb32c0, 1, 1;
L_00000236e6faf3a0 .part L_00000236e6fb32c0, 0, 1;
L_00000236e6fafd00 .part L_00000236e6fb32c0, 2, 1;
L_00000236e6fafda0 .part L_00000236e6fb32c0, 1, 1;
L_00000236e6faff80 .part L_00000236e6fb32c0, 0, 1;
L_00000236e6fb07a0 .part L_00000236e6fb32c0, 2, 1;
L_00000236e6fb0a20 .part L_00000236e6fb32c0, 1, 1;
L_00000236e6fb0840 .part L_00000236e6fb32c0, 0, 1;
L_00000236e6fb17e0 .part L_00000236e6fb3900, 5, 1;
L_00000236e6fb0020 .part L_00000236e6fb32c0, 2, 1;
L_00000236e6fb00c0 .part L_00000236e6fb32c0, 1, 1;
L_00000236e6fb11a0 .part L_00000236e6fb32c0, 0, 1;
L_00000236e6fb1560 .part L_00000236e6fb3900, 5, 1;
L_00000236e6fb1600 .part L_00000236e6fb1d80, 6, 1;
L_00000236e6faf300 .part L_00000236e6fb1d80, 5, 1;
L_00000236e6fb0ca0 .part L_00000236e6fb1d80, 4, 1;
L_00000236e6fafa80 .part L_00000236e6fb1d80, 3, 1;
L_00000236e6fb0520 .part L_00000236e6fb1d80, 2, 1;
L_00000236e6fb02a0 .part L_00000236e6fb1d80, 1, 1;
L_00000236e6fb0160 .part L_00000236e6fb1d80, 0, 1;
L_00000236e6fb0ac0 .part L_00000236e6fb1d80, 6, 1;
L_00000236e6faf9e0 .part L_00000236e6fb1d80, 5, 1;
L_00000236e6fafb20 .part L_00000236e6fb1d80, 4, 1;
L_00000236e6faf6c0 .part L_00000236e6fb1d80, 3, 1;
L_00000236e6faf4e0 .part L_00000236e6fb1d80, 2, 1;
L_00000236e6fb0340 .part L_00000236e6fb1d80, 1, 1;
L_00000236e6fb1380 .part L_00000236e6fb1d80, 0, 1;
L_00000236e6fb0b60 .part L_00000236e6fb32c0, 2, 1;
L_00000236e6fb1740 .part L_00000236e6fb32c0, 1, 1;
L_00000236e6fb1240 .part L_00000236e6fb32c0, 0, 1;
L_00000236e6fb12e0 .part L_00000236e6fb32c0, 2, 1;
L_00000236e6fb05c0 .part L_00000236e6fb32c0, 1, 1;
L_00000236e6fb1880 .part L_00000236e6fb32c0, 0, 1;
L_00000236e6fb0980 .part L_00000236e6fb32c0, 2, 1;
L_00000236e6fb0660 .part L_00000236e6fb32c0, 1, 1;
L_00000236e6faf760 .part L_00000236e6fb32c0, 0, 1;
L_00000236e6fafbc0 .part L_00000236e6fb1d80, 6, 1;
L_00000236e6fb1920 .part L_00000236e6fb1d80, 5, 1;
L_00000236e6faf1c0 .part L_00000236e6fb1d80, 4, 1;
L_00000236e6faf620 .part L_00000236e6fb1d80, 3, 1;
L_00000236e6faf260 .part L_00000236e6fb1d80, 2, 1;
L_00000236e6fb0c00 .part L_00000236e6fb1d80, 1, 1;
L_00000236e6faf580 .part L_00000236e6fb1d80, 0, 1;
L_00000236e6fb1060 .part L_00000236e6fb32c0, 2, 1;
L_00000236e6faf800 .part L_00000236e6fb32c0, 1, 1;
L_00000236e6fb0d40 .part L_00000236e6fb32c0, 0, 1;
L_00000236e6fb0de0 .part L_00000236e6fb32c0, 2, 1;
L_00000236e6faf8a0 .part L_00000236e6fb32c0, 1, 1;
L_00000236e6faf940 .part L_00000236e6fb32c0, 0, 1;
L_00000236e6fb0f20 .part L_00000236e6fb32c0, 2, 1;
L_00000236e6fb0fc0 .part L_00000236e6fb32c0, 1, 1;
L_00000236e6fb1100 .part L_00000236e6fb32c0, 0, 1;
L_00000236e70215d0 .part L_00000236e6fb32c0, 2, 1;
L_00000236e7022110 .part L_00000236e6fb32c0, 1, 1;
L_00000236e7021490 .part L_00000236e6fb32c0, 0, 1;
L_00000236e7022250 .part L_00000236e6fb32c0, 2, 1;
L_00000236e70218f0 .part L_00000236e6fb32c0, 1, 1;
L_00000236e7021b70 .part L_00000236e6fb32c0, 0, 1;
L_00000236e7020270 .part L_00000236e6fb32c0, 2, 1;
L_00000236e7021c10 .part L_00000236e6fb32c0, 1, 1;
L_00000236e70206d0 .part L_00000236e6fb32c0, 0, 1;
L_00000236e7020090 .part L_00000236e6fb1d80, 6, 1;
L_00000236e7021990 .part L_00000236e6fb1d80, 5, 1;
L_00000236e7021670 .part L_00000236e6fb1d80, 4, 1;
L_00000236e70221b0 .part L_00000236e6fb1d80, 3, 1;
L_00000236e7022070 .part L_00000236e6fb1d80, 2, 1;
L_00000236e7021f30 .part L_00000236e6fb1d80, 1, 1;
L_00000236e70201d0 .part L_00000236e6fb1d80, 0, 1;
L_00000236e7021850 .part L_00000236e6fb1d80, 6, 1;
L_00000236e7021cb0 .part L_00000236e6fb1d80, 4, 1;
L_00000236e7021fd0 .part L_00000236e6fb1d80, 3, 1;
L_00000236e7020db0 .part L_00000236e6fb1d80, 2, 1;
L_00000236e7020310 .part L_00000236e6fb1d80, 1, 1;
L_00000236e70208b0 .part L_00000236e6fb1d80, 0, 1;
L_00000236e70217b0 .part L_00000236e6fb1d80, 5, 1;
L_00000236e70222f0 .part L_00000236e6fb1d80, 5, 1;
S_00000236e6a7cdf0 .scope module, "u_IF_stage" "IF_stage" 3 61, 10 6 0, S_00000236e6a68660;
 .timescale -9 -12;
    .port_info 0 /INPUT 1 "clk";
    .port_info 1 /INPUT 1 "reset";
    .port_info 2 /INPUT 1 "ID_allowin";
    .port_info 3 /OUTPUT 32 "instr_addr";
    .port_info 4 /INPUT 32 "instr";
    .port_info 5 /INPUT 1 "Branch_taken";
    .port_info 6 /INPUT 32 "Branch_target_addr";
    .port_info 7 /INPUT 1 "Jal_taken";
    .port_info 8 /INPUT 32 "Jal_target_addr";
    .port_info 9 /INPUT 1 "Jalr_taken";
    .port_info 10 /INPUT 32 "Jalr_target_addr";
    .port_info 11 /OUTPUT 1 "IF_to_ID_valid";
    .port_info 12 /OUTPUT 64 "IF_to_ID_bus";
L_00000236e6fb49c0 .functor BUFT 1, C4<1>, C4<0>, C4<0>, C4<0>;
L_00000236e6f320e0 .functor AND 1, L_00000236e6fb49c0, L_00000236e6f33b20, C4<1>, C4<1>;
L_00000236e6f323f0 .functor BUFZ 32, v00000236e6fa9b90_0, C4<00000000000000000000000000000000>, C4<00000000000000000000000000000000>, C4<00000000000000000000000000000000>;
L_00000236e6f33730 .functor BUFZ 1, L_00000236e6fb49c0, C4<0>, C4<0>, C4<0>;
v00000236e6fa9cd0_0 .net "Branch_taken", 0 0, L_00000236e7019a30;  alias, 1 drivers
v00000236e6fab850_0 .net "Branch_target_addr", 31 0, L_00000236e7020630;  alias, 1 drivers
v00000236e6fa9ff0_0 .net "ID_allowin", 0 0, L_00000236e6f33b20;  alias, 1 drivers
v00000236e6fac890_0 .net "IF_ready_go", 0 0, L_00000236e6fb49c0;  1 drivers
v00000236e6fac610_0 .net "IF_to_ID_bus", 63 0, L_00000236e6fb3e00;  alias, 1 drivers
v00000236e6fac250_0 .net "IF_to_ID_valid", 0 0, L_00000236e6f33730;  alias, 1 drivers
v00000236e6fac1b0_0 .net "Jal_taken", 0 0, L_00000236e7019170;  alias, 1 drivers
v00000236e6fac2f0_0 .net "Jal_target_addr", 31 0, L_00000236e7021030;  alias, 1 drivers
v00000236e6fac570_0 .net "Jalr_taken", 0 0, L_00000236e701a590;  alias, 1 drivers
v00000236e6fac390_0 .net "Jalr_target_addr", 31 0, L_00000236e701aa60;  alias, 1 drivers
v00000236e6fac6b0_0 .net "NPC_addr", 31 0, L_00000236e6fb3040;  1 drivers
v00000236e6fac430_0 .net "PCWrite", 0 0, L_00000236e6f320e0;  1 drivers
v00000236e6fac7f0_0 .net "PC_addr", 31 0, v00000236e6fa9b90_0;  1 drivers
v00000236e6fac4d0_0 .net "clk", 0 0, v00000236e6fb2aa0_0;  alias, 1 drivers
v00000236e6fac750_0 .net "instr", 31 0, L_00000236e7019480;  alias, 1 drivers
v00000236e6fa5950_0 .net "instr_addr", 31 0, L_00000236e6f323f0;  alias, 1 drivers
v00000236e6fa4e10_0 .net "reset", 0 0, v00000236e6fb4120_0;  alias, 1 drivers
L_00000236e6fb3e00 .concat [ 32 32 0 0], L_00000236e7019480, v00000236e6fa9b90_0;
S_00000236e6a7cf80 .scope module, "U_NPC" "NPC" 10 43, 11 3 0, S_00000236e6a7cdf0;
 .timescale -9 -12;
    .port_info 0 /INPUT 32 "PC_addr";
    .port_info 1 /INPUT 1 "Branch_taken";
    .port_info 2 /INPUT 32 "Branch_target_addr";
    .port_info 3 /INPUT 1 "Jal_taken";
    .port_info 4 /INPUT 32 "Jal_target_addr";
    .port_info 5 /INPUT 1 "Jalr_taken";
    .port_info 6 /INPUT 32 "Jalr_target_addr";
    .port_info 7 /OUTPUT 32 "NPC_addr";
v00000236e6faa770_0 .net "Branch_taken", 0 0, L_00000236e7019a30;  alias, 1 drivers
v00000236e6fab030_0 .net "Branch_target_addr", 31 0, L_00000236e7020630;  alias, 1 drivers
v00000236e6fab0d0_0 .net "Jal_taken", 0 0, L_00000236e7019170;  alias, 1 drivers
v00000236e6faa3b0_0 .net "Jal_target_addr", 31 0, L_00000236e7021030;  alias, 1 drivers
v00000236e6fab210_0 .net "Jalr_taken", 0 0, L_00000236e701a590;  alias, 1 drivers
v00000236e6faa810_0 .net "Jalr_target_addr", 31 0, L_00000236e701aa60;  alias, 1 drivers
v00000236e6faa450_0 .net "NPC_addr", 31 0, L_00000236e6fb3040;  alias, 1 drivers
v00000236e6fabd50_0 .net "PC_addr", 31 0, v00000236e6fa9b90_0;  alias, 1 drivers
L_00000236e6fb4a08 .functor BUFT 1, C4<00000000000000000000000000000100>, C4<0>, C4<0>, C4<0>;
v00000236e6faa8b0_0 .net/2u *"_ivl_0", 31 0, L_00000236e6fb4a08;  1 drivers
v00000236e6fab170_0 .net *"_ivl_2", 31 0, L_00000236e6fb2f00;  1 drivers
v00000236e6fab2b0_0 .net *"_ivl_4", 31 0, L_00000236e6fb3d60;  1 drivers
v00000236e6fab3f0_0 .net *"_ivl_6", 31 0, L_00000236e6fb2fa0;  1 drivers
L_00000236e6fb2f00 .arith/sum 32, v00000236e6fa9b90_0, L_00000236e6fb4a08;
L_00000236e6fb3d60 .functor MUXZ 32, L_00000236e6fb2f00, L_00000236e701aa60, L_00000236e701a590, C4<>;
L_00000236e6fb2fa0 .functor MUXZ 32, L_00000236e6fb3d60, L_00000236e7021030, L_00000236e7019170, C4<>;
L_00000236e6fb3040 .functor MUXZ 32, L_00000236e6fb2fa0, L_00000236e7020630, L_00000236e7019a30, C4<>;
S_00000236e6a78b30 .scope module, "U_PC" "PC" 10 35, 12 1 0, S_00000236e6a7cdf0;
 .timescale -9 -12;
    .port_info 0 /INPUT 1 "clk";
    .port_info 1 /INPUT 1 "reset";
    .port_info 2 /INPUT 1 "PCWrite";
    .port_info 3 /INPUT 32 "NPC_addr";
    .port_info 4 /OUTPUT 32 "PC_addr";
v00000236e6fab710_0 .net "NPC_addr", 31 0, L_00000236e6fb3040;  alias, 1 drivers
v00000236e6fabf30_0 .net "PCWrite", 0 0, L_00000236e6f320e0;  alias, 1 drivers
v00000236e6fa9b90_0 .var "PC_addr", 31 0;
v00000236e6faab30_0 .net "clk", 0 0, v00000236e6fb2aa0_0;  alias, 1 drivers
v00000236e6faa9f0_0 .net "reset", 0 0, v00000236e6fb4120_0;  alias, 1 drivers
S_00000236e6a78cc0 .scope module, "u_MA_stage" "MA_stage" 3 120, 13 5 0, S_00000236e6a68660;
 .timescale -9 -12;
    .port_info 0 /INPUT 1 "clk";
    .port_info 1 /INPUT 1 "reset";
    .port_info 2 /INPUT 1 "EX_to_MA_valid";
    .port_info 3 /INPUT 100 "EX_to_MA_bus";
    .port_info 4 /OUTPUT 1 "MA_allowin";
    .port_info 5 /INPUT 1 "WB_allowin";
    .port_info 6 /OUTPUT 1 "MA_to_WB_valid";
    .port_info 7 /OUTPUT 70 "MA_to_WB_bus";
    .port_info 8 /OUTPUT 32 "DM_write_addr";
    .port_info 9 /OUTPUT 32 "DM_write_data";
    .port_info 10 /OUTPUT 1 "DM_write_enable";
    .port_info 11 /INPUT 32 "DM_read_data";
L_00000236e6fb5158 .functor BUFT 1, C4<1>, C4<0>, C4<0>, C4<0>;
L_00000236e7019560 .functor AND 1, L_00000236e6fb5158, L_00000236e701a9f0, C4<1>, C4<1>;
L_00000236e70191e0 .functor OR 1, L_00000236e70227f0, L_00000236e7019560, C4<0>, C4<0>;
L_00000236e7019800 .functor AND 1, v00000236e6fa6cb0_0, L_00000236e6fb5158, C4<1>, C4<1>;
L_00000236e701a050 .functor AND 1, L_00000236e7023790, v00000236e6fa6cb0_0, C4<1>, C4<1>;
L_00000236e7019410 .functor BUFZ 32, L_00000236e70236f0, C4<00000000000000000000000000000000>, C4<00000000000000000000000000000000>, C4<00000000000000000000000000000000>;
v00000236e6fa7110_0 .net "DM_read_data", 31 0, L_00000236e70195d0;  alias, 1 drivers
v00000236e6fa4af0_0 .net "DM_write_addr", 31 0, L_00000236e7019410;  alias, 1 drivers
v00000236e6fa6670_0 .net "DM_write_data", 31 0, L_00000236e7022c50;  alias, 1 drivers
v00000236e6fa5590_0 .net "DM_write_enable", 0 0, L_00000236e701a050;  alias, 1 drivers
v00000236e6fa5a90_0 .net "EX_to_MA_bus", 99 0, L_00000236e7024050;  alias, 1 drivers
v00000236e6fa6a30_0 .var "EX_to_MA_bus_reg", 99 0;
v00000236e6fa5310_0 .net "EX_to_MA_valid", 0 0, L_00000236e7019640;  alias, 1 drivers
v00000236e6fa6df0_0 .net "MA_DMType", 2 0, L_00000236e7024b90;  1 drivers
v00000236e6fa5f90_0 .net "MA_MemWrite", 0 0, L_00000236e7023790;  1 drivers
v00000236e6fa56d0_0 .net "MA_MemtoReg", 1 0, L_00000236e7022cf0;  1 drivers
v00000236e6fa6710_0 .net "MA_PC_plus_4", 31 0, L_00000236e7022890;  1 drivers
v00000236e6fa5bd0_0 .net "MA_RegWrite", 0 0, L_00000236e7024910;  1 drivers
v00000236e6fa5db0_0 .net "MA_allowin", 0 0, L_00000236e70191e0;  alias, 1 drivers
v00000236e6fa6c10_0 .net "MA_aluout", 31 0, L_00000236e70236f0;  1 drivers
v00000236e6fa4c30_0 .net "MA_rd", 4 0, L_00000236e7024c30;  1 drivers
v00000236e6fa6530_0 .net "MA_ready_go", 0 0, L_00000236e6fb5158;  1 drivers
v00000236e6fa59f0_0 .net "MA_to_WB_bus", 69 0, L_00000236e70229d0;  alias, 1 drivers
v00000236e6fa4f50_0 .net "MA_to_WB_valid", 0 0, L_00000236e7019800;  alias, 1 drivers
v00000236e6fa6cb0_0 .var "MA_valid", 0 0;
v00000236e6fa4b90_0 .net "WB_allowin", 0 0, L_00000236e701a9f0;  alias, 1 drivers
v00000236e6fa6d50_0 .net *"_ivl_19", 107 0, L_00000236e70249b0;  1 drivers
L_00000236e6fb51a0 .functor BUFT 1, C4<00000000>, C4<0>, C4<0>, C4<0>;
v00000236e6fa60d0_0 .net *"_ivl_22", 7 0, L_00000236e6fb51a0;  1 drivers
v00000236e6fa67b0_0 .net *"_ivl_27", 103 0, L_00000236e7024af0;  1 drivers
v00000236e6fa62b0_0 .net *"_ivl_3", 0 0, L_00000236e70227f0;  1 drivers
v00000236e6fa63f0_0 .net *"_ivl_5", 0 0, L_00000236e7019560;  1 drivers
v00000236e6fa6b70_0 .net "clk", 0 0, v00000236e6fb2aa0_0;  alias, 1 drivers
v00000236e6fa5e50_0 .net "reset", 0 0, v00000236e6fb4120_0;  alias, 1 drivers
L_00000236e70227f0 .reduce/nor v00000236e6fa6cb0_0;
L_00000236e70236f0 .part L_00000236e70249b0, 76, 32;
L_00000236e7022c50 .part L_00000236e70249b0, 44, 32;
L_00000236e7022890 .part L_00000236e70249b0, 12, 32;
L_00000236e7023790 .part L_00000236e70249b0, 11, 1;
L_00000236e7024b90 .part L_00000236e70249b0, 8, 3;
L_00000236e7022cf0 .part L_00000236e70249b0, 6, 2;
L_00000236e7024910 .part L_00000236e70249b0, 5, 1;
L_00000236e7024c30 .part L_00000236e70249b0, 0, 5;
L_00000236e70249b0 .concat [ 100 8 0 0], v00000236e6fa6a30_0, L_00000236e6fb51a0;
LS_00000236e7024af0_0_0 .concat [ 5 1 2 32], L_00000236e7024c30, L_00000236e7024910, L_00000236e7022cf0, L_00000236e7022890;
LS_00000236e7024af0_0_4 .concat [ 32 32 0 0], L_00000236e70195d0, L_00000236e70236f0;
L_00000236e7024af0 .concat [ 40 64 0 0], LS_00000236e7024af0_0_0, LS_00000236e7024af0_0_4;
L_00000236e70229d0 .part L_00000236e7024af0, 0, 70;
S_00000236e6a7a050 .scope module, "u_WB_stage" "WB_stage" 3 138, 14 5 0, S_00000236e6a68660;
 .timescale -9 -12;
    .port_info 0 /INPUT 1 "clk";
    .port_info 1 /INPUT 1 "reset";
    .port_info 2 /INPUT 1 "MA_to_WB_valid";
    .port_info 3 /INPUT 70 "MA_to_WB_bus";
    .port_info 4 /OUTPUT 1 "WB_allowin";
    .port_info 5 /OUTPUT 1 "RF_write_enable_out";
    .port_info 6 /OUTPUT 5 "RF_write_addr_out";
    .port_info 7 /OUTPUT 32 "RF_write_data_out";
L_00000236e6fb51e8 .functor BUFT 1, C4<1>, C4<0>, C4<0>, C4<0>;
L_00000236e701a9f0 .functor OR 1, L_00000236e7024690, L_00000236e6fb51e8, C4<0>, C4<0>;
L_00000236e701a440 .functor AND 1, L_00000236e7022f70, v00000236e6fa6350_0, C4<1>, C4<1>;
L_00000236e701ab40 .functor BUFZ 5, L_00000236e7024230, C4<00000>, C4<00000>, C4<00000>;
v00000236e6fa4cd0_0 .net "MA_to_WB_bus", 69 0, L_00000236e70229d0;  alias, 1 drivers
v00000236e6fa7070_0 .var "MA_to_WB_bus_reg", 69 0;
v00000236e6fa5130_0 .net "MA_to_WB_valid", 0 0, L_00000236e7019800;  alias, 1 drivers
v00000236e6fa4d70_0 .net "RF_write_addr_out", 4 0, L_00000236e701ab40;  alias, 1 drivers
v00000236e6fa49b0_0 .net "RF_write_data_out", 31 0, L_00000236e7023830;  alias, 1 drivers
v00000236e6fa4eb0_0 .net "RF_write_enable_out", 0 0, L_00000236e701a440;  alias, 1 drivers
v00000236e6fa6e90_0 .net "WB_DM_read_data", 31 0, L_00000236e70233d0;  1 drivers
v00000236e6fa6170_0 .net "WB_MemtoReg", 1 0, L_00000236e7023fb0;  1 drivers
v00000236e6fa5630_0 .net "WB_PC_plus_4", 31 0, L_00000236e7023b50;  1 drivers
v00000236e6fa6f30_0 .net "WB_RegWrite", 0 0, L_00000236e7022f70;  1 drivers
v00000236e6fa6ad0_0 .net "WB_allowin", 0 0, L_00000236e701a9f0;  alias, 1 drivers
v00000236e6fa6990_0 .net "WB_aluout", 31 0, L_00000236e7022930;  1 drivers
v00000236e6fa6fd0_0 .net "WB_rd", 4 0, L_00000236e7024230;  1 drivers
v00000236e6fa6030_0 .net "WB_ready_go", 0 0, L_00000236e6fb51e8;  1 drivers
v00000236e6fa6350_0 .var "WB_valid", 0 0;
v00000236e6fa4a50_0 .net *"_ivl_13", 103 0, L_00000236e7023510;  1 drivers
L_00000236e6fb5230 .functor BUFT 1, C4<0000000000000000000000000000000000>, C4<0>, C4<0>, C4<0>;
v00000236e6fa6850_0 .net *"_ivl_16", 33 0, L_00000236e6fb5230;  1 drivers
L_00000236e6fb5278 .functor BUFT 1, C4<01>, C4<0>, C4<0>, C4<0>;
v00000236e6fa5ef0_0 .net/2u *"_ivl_21", 1 0, L_00000236e6fb5278;  1 drivers
v00000236e6fa6210_0 .net *"_ivl_23", 0 0, L_00000236e70242d0;  1 drivers
L_00000236e6fb52c0 .functor BUFT 1, C4<10>, C4<0>, C4<0>, C4<0>;
v00000236e6fa4ff0_0 .net/2u *"_ivl_25", 1 0, L_00000236e6fb52c0;  1 drivers
v00000236e6fa65d0_0 .net *"_ivl_27", 0 0, L_00000236e7022a70;  1 drivers
v00000236e6fa5b30_0 .net *"_ivl_29", 31 0, L_00000236e7023970;  1 drivers
v00000236e6fa5090_0 .net *"_ivl_3", 0 0, L_00000236e7024690;  1 drivers
v00000236e6fa68f0_0 .net "clk", 0 0, v00000236e6fb2aa0_0;  alias, 1 drivers
v00000236e6fa51d0_0 .net "reset", 0 0, v00000236e6fb4120_0;  alias, 1 drivers
L_00000236e7024690 .reduce/nor v00000236e6fa6350_0;
L_00000236e7022930 .part L_00000236e7023510, 72, 32;
L_00000236e70233d0 .part L_00000236e7023510, 40, 32;
L_00000236e7023b50 .part L_00000236e7023510, 8, 32;
L_00000236e7023fb0 .part L_00000236e7023510, 6, 2;
L_00000236e7022f70 .part L_00000236e7023510, 5, 1;
L_00000236e7024230 .part L_00000236e7023510, 0, 5;
L_00000236e7023510 .concat [ 70 34 0 0], v00000236e6fa7070_0, L_00000236e6fb5230;
L_00000236e70242d0 .cmp/eq 2, L_00000236e7023fb0, L_00000236e6fb5278;
L_00000236e7022a70 .cmp/eq 2, L_00000236e7023fb0, L_00000236e6fb52c0;
L_00000236e7023970 .functor MUXZ 32, L_00000236e7022930, L_00000236e7023b50, L_00000236e7022a70, C4<>;
L_00000236e7023830 .functor MUXZ 32, L_00000236e7023970, L_00000236e70233d0, L_00000236e70242d0, C4<>;
    .scope S_00000236e6a78b30;
T_0 ;
    %wait E_00000236e6f09ca0;
    %load/vec4 v00000236e6faa9f0_0;
    %flag_set/vec4 8;
    %jmp/0xz  T_0.0, 8;
    %pushi/vec4 0, 0, 32;
    %assign/vec4 v00000236e6fa9b90_0, 0;
    %jmp T_0.1;
T_0.0 ;
    %load/vec4 v00000236e6fabf30_0;
    %flag_set/vec4 8;
    %jmp/0xz  T_0.2, 8;
    %load/vec4 v00000236e6fab710_0;
    %assign/vec4 v00000236e6fa9b90_0, 0;
T_0.2 ;
T_0.1 ;
    %jmp T_0;
    .thread T_0;
    .scope S_00000236e6a7ca80;
T_1 ;
    %wait E_00000236e6f0a2e0;
    %pushi/vec4 1, 0, 3;
    %store/vec4 v00000236e6f935c0_0, 0, 3;
    %pushi/vec4 0, 0, 3;
    %store/vec4 v00000236e6efa8b0_0, 0, 3;
    %pushi/vec4 0, 0, 1;
    %store/vec4 v00000236e6f31420_0, 0, 1;
    %pushi/vec4 0, 0, 1;
    %store/vec4 v00000236e6f31a60_0, 0, 1;
    %pushi/vec4 0, 0, 4;
    %store/vec4 v00000236e6f30b60_0, 0, 4;
    %pushi/vec4 0, 0, 3;
    %store/vec4 v00000236e6ef8470_0, 0, 3;
    %pushi/vec4 0, 0, 2;
    %store/vec4 v00000236e6f946a0_0, 0, 2;
    %load/vec4 v00000236e6fa7d90_0;
    %flag_set/vec4 8;
    %jmp/0xz  T_1.0, 8;
    %pushi/vec4 0, 0, 3;
    %store/vec4 v00000236e6f935c0_0, 0, 3;
    %jmp T_1.1;
T_1.0 ;
    %load/vec4 v00000236e6fa71b0_0;
    %flag_set/vec4 8;
    %jmp/0xz  T_1.2, 8;
    %pushi/vec4 2, 0, 3;
    %store/vec4 v00000236e6f935c0_0, 0, 3;
    %jmp T_1.3;
T_1.2 ;
    %load/vec4 v00000236e6f9d8d0_0;
    %flag_set/vec4 8;
    %jmp/0xz  T_1.4, 8;
    %pushi/vec4 3, 0, 3;
    %store/vec4 v00000236e6f935c0_0, 0, 3;
    %jmp T_1.5;
T_1.4 ;
    %load/vec4 v00000236e6fa7cf0_0;
    %flag_set/vec4 8;
    %jmp/0xz  T_1.6, 8;
    %pushi/vec4 4, 0, 3;
    %store/vec4 v00000236e6f935c0_0, 0, 3;
    %jmp T_1.7;
T_1.6 ;
    %load/vec4 v00000236e6fa9910_0;
    %flag_set/vec4 8;
    %jmp/0xz  T_1.8, 8;
    %pushi/vec4 5, 0, 3;
    %store/vec4 v00000236e6f935c0_0, 0, 3;
T_1.8 ;
T_1.7 ;
T_1.5 ;
T_1.3 ;
T_1.1 ;
    %load/vec4 v00000236e6f9d8d0_0;
    %flag_set/vec4 8;
    %jmp/0xz  T_1.10, 8;
    %load/vec4 v00000236e6f9c070_0;
    %flag_set/vec4 8;
    %jmp/0xz  T_1.12, 8;
    %pushi/vec4 1, 0, 3;
    %store/vec4 v00000236e6efa8b0_0, 0, 3;
    %jmp T_1.13;
T_1.12 ;
    %load/vec4 v00000236e6f9c9d0_0;
    %flag_set/vec4 8;
    %jmp/0xz  T_1.14, 8;
    %pushi/vec4 2, 0, 3;
    %store/vec4 v00000236e6efa8b0_0, 0, 3;
    %jmp T_1.15;
T_1.14 ;
    %load/vec4 v00000236e6f9d470_0;
    %flag_set/vec4 8;
    %jmp/0xz  T_1.16, 8;
    %pushi/vec4 3, 0, 3;
    %store/vec4 v00000236e6efa8b0_0, 0, 3;
    %jmp T_1.17;
T_1.16 ;
    %load/vec4 v00000236e6f9c1b0_0;
    %flag_set/vec4 8;
    %jmp/0xz  T_1.18, 8;
    %pushi/vec4 4, 0, 3;
    %store/vec4 v00000236e6efa8b0_0, 0, 3;
    %jmp T_1.19;
T_1.18 ;
    %load/vec4 v00000236e6f9c250_0;
    %flag_set/vec4 8;
    %jmp/0xz  T_1.20, 8;
    %pushi/vec4 5, 0, 3;
    %store/vec4 v00000236e6efa8b0_0, 0, 3;
    %jmp T_1.21;
T_1.20 ;
    %load/vec4 v00000236e6f9dd30_0;
    %flag_set/vec4 8;
    %jmp/0xz  T_1.22, 8;
    %pushi/vec4 6, 0, 3;
    %store/vec4 v00000236e6efa8b0_0, 0, 3;
T_1.22 ;
T_1.21 ;
T_1.19 ;
T_1.17 ;
T_1.15 ;
T_1.13 ;
T_1.10 ;
    %load/vec4 v00000236e6f9e050_0;
    %flag_set/vec4 8;
    %jmp/0xz  T_1.24, 8;
    %pushi/vec4 1, 0, 1;
    %store/vec4 v00000236e6f31420_0, 0, 1;
T_1.24 ;
    %load/vec4 v00000236e6fa7930_0;
    %load/vec4 v00000236e6fa9190_0;
    %or;
    %load/vec4 v00000236e6fa71b0_0;
    %or;
    %flag_set/vec4 8;
    %jmp/0xz  T_1.26, 8;
    %pushi/vec4 1, 0, 1;
    %store/vec4 v00000236e6f31a60_0, 0, 1;
T_1.26 ;
    %load/vec4 v00000236e6f9ced0_0;
    %flag_set/vec4 8;
    %jmp/0xz  T_1.28, 8;
    %pushi/vec4 1, 0, 4;
    %store/vec4 v00000236e6f30b60_0, 0, 4;
    %jmp T_1.29;
T_1.28 ;
    %load/vec4 v00000236e6f9bd50_0;
    %load/vec4 v00000236e6f9d330_0;
    %or;
    %flag_set/vec4 8;
    %jmp/0xz  T_1.30, 8;
    %pushi/vec4 2, 0, 4;
    %store/vec4 v00000236e6f30b60_0, 0, 4;
    %jmp T_1.31;
T_1.30 ;
    %load/vec4 v00000236e6f9cbb0_0;
    %load/vec4 v00000236e6f9db50_0;
    %or;
    %flag_set/vec4 8;
    %jmp/0xz  T_1.32, 8;
    %pushi/vec4 3, 0, 4;
    %store/vec4 v00000236e6f30b60_0, 0, 4;
    %jmp T_1.33;
T_1.32 ;
    %load/vec4 v00000236e6fa8470_0;
    %load/vec4 v00000236e6fa9870_0;
    %or;
    %flag_set/vec4 8;
    %jmp/0xz  T_1.34, 8;
    %pushi/vec4 4, 0, 4;
    %store/vec4 v00000236e6f30b60_0, 0, 4;
    %jmp T_1.35;
T_1.34 ;
    %load/vec4 v00000236e6f9de70_0;
    %load/vec4 v00000236e6f9ddd0_0;
    %or;
    %flag_set/vec4 8;
    %jmp/0xz  T_1.36, 8;
    %pushi/vec4 8, 0, 4;
    %store/vec4 v00000236e6f30b60_0, 0, 4;
    %jmp T_1.37;
T_1.36 ;
    %load/vec4 v00000236e6f9cc50_0;
    %load/vec4 v00000236e6f9ccf0_0;
    %or;
    %flag_set/vec4 8;
    %jmp/0xz  T_1.38, 8;
    %pushi/vec4 9, 0, 4;
    %store/vec4 v00000236e6f30b60_0, 0, 4;
    %jmp T_1.39;
T_1.38 ;
    %load/vec4 v00000236e6f9c430_0;
    %load/vec4 v00000236e6f9ca70_0;
    %or;
    %flag_set/vec4 8;
    %jmp/0xz  T_1.40, 8;
    %pushi/vec4 10, 0, 4;
    %store/vec4 v00000236e6f30b60_0, 0, 4;
    %jmp T_1.41;
T_1.40 ;
    %load/vec4 v00000236e6f9be90_0;
    %load/vec4 v00000236e6f9bad0_0;
    %or;
    %flag_set/vec4 8;
    %jmp/0xz  T_1.42, 8;
    %pushi/vec4 12, 0, 4;
    %store/vec4 v00000236e6f30b60_0, 0, 4;
    %jmp T_1.43;
T_1.42 ;
    %load/vec4 v00000236e6f9c750_0;
    %load/vec4 v00000236e6f9bfd0_0;
    %or;
    %flag_set/vec4 8;
    %jmp/0xz  T_1.44, 8;
    %pushi/vec4 13, 0, 4;
    %store/vec4 v00000236e6f30b60_0, 0, 4;
    %jmp T_1.45;
T_1.44 ;
    %load/vec4 v00000236e6f9bb70_0;
    %flag_set/vec4 8;
    %jmp/0xz  T_1.46, 8;
    %pushi/vec4 5, 0, 4;
    %store/vec4 v00000236e6f30b60_0, 0, 4;
    %jmp T_1.47;
T_1.46 ;
    %load/vec4 v00000236e6f9e050_0;
    %flag_set/vec4 8;
    %jmp/0xz  T_1.48, 8;
    %pushi/vec4 6, 0, 4;
    %store/vec4 v00000236e6f30b60_0, 0, 4;
T_1.48 ;
T_1.47 ;
T_1.45 ;
T_1.43 ;
T_1.41 ;
T_1.39 ;
T_1.37 ;
T_1.35 ;
T_1.33 ;
T_1.31 ;
T_1.29 ;
    %load/vec4 v00000236e6f9c890_0;
    %load/vec4 v00000236e6f9c390_0;
    %or;
    %flag_set/vec4 8;
    %jmp/0xz  T_1.50, 8;
    %pushi/vec4 3, 0, 3;
    %store/vec4 v00000236e6ef8470_0, 0, 3;
    %jmp T_1.51;
T_1.50 ;
    %load/vec4 v00000236e6f9c2f0_0;
    %load/vec4 v00000236e6f9ce30_0;
    %or;
    %flag_set/vec4 8;
    %jmp/0xz  T_1.52, 8;
    %pushi/vec4 1, 0, 3;
    %store/vec4 v00000236e6ef8470_0, 0, 3;
    %jmp T_1.53;
T_1.52 ;
    %load/vec4 v00000236e6f9d3d0_0;
    %flag_set/vec4 8;
    %jmp/0xz  T_1.54, 8;
    %pushi/vec4 4, 0, 3;
    %store/vec4 v00000236e6ef8470_0, 0, 3;
    %jmp T_1.55;
T_1.54 ;
    %load/vec4 v00000236e6f9ba30_0;
    %flag_set/vec4 8;
    %jmp/0xz  T_1.56, 8;
    %pushi/vec4 2, 0, 3;
    %store/vec4 v00000236e6ef8470_0, 0, 3;
T_1.56 ;
T_1.55 ;
T_1.53 ;
T_1.51 ;
    %load/vec4 v00000236e6fa9190_0;
    %flag_set/vec4 8;
    %jmp/0xz  T_1.58, 8;
    %pushi/vec4 1, 0, 2;
    %store/vec4 v00000236e6f946a0_0, 0, 2;
    %jmp T_1.59;
T_1.58 ;
    %load/vec4 v00000236e6f9cd90_0;
    %load/vec4 v00000236e6f9b990_0;
    %or;
    %flag_set/vec4 8;
    %jmp/0xz  T_1.60, 8;
    %pushi/vec4 2, 0, 2;
    %store/vec4 v00000236e6f946a0_0, 0, 2;
T_1.60 ;
T_1.59 ;
    %jmp T_1;
    .thread T_1, $push;
    .scope S_00000236e6a7c8f0;
T_2 ;
    %wait E_00000236e6f0a360;
    %load/vec4 v00000236e6f317e0_0;
    %flag_set/vec4 8;
    %jmp/0xz  T_2.0, 8;
    %pushi/vec4 0, 0, 32;
    %store/vec4 v00000236e6f31ba0_0, 0, 32;
T_2.2 ;
    %load/vec4 v00000236e6f31ba0_0;
    %cmpi/s 32, 0, 32;
    %jmp/0xz T_2.3, 5;
    %load/vec4 v00000236e6f31ba0_0;
    %ix/getv/s 3, v00000236e6f31ba0_0;
    %ix/load 4, 0, 0; Constant delay
    %assign/vec4/a/d v00000236e6f312e0, 0, 4;
    %load/vec4 v00000236e6f31ba0_0;
    %addi 1, 0, 32;
    %store/vec4 v00000236e6f31ba0_0, 0, 32;
    %jmp T_2.2;
T_2.3 ;
    %jmp T_2.1;
T_2.0 ;
    %load/vec4 v00000236e6f30ca0_0;
    %flag_set/vec4 9;
    %flag_get/vec4 9;
    %jmp/0 T_2.6, 9;
    %load/vec4 v00000236e6f311a0_0;
    %pushi/vec4 0, 0, 5;
    %cmp/ne;
    %flag_get/vec4 4;
    %and;
T_2.6;
    %flag_set/vec4 8;
    %jmp/0xz  T_2.4, 8;
    %load/vec4 v00000236e6f30fc0_0;
    %load/vec4 v00000236e6f311a0_0;
    %pad/u 7;
    %ix/vec4 3;
    %ix/load 4, 0, 0; Constant delay
    %assign/vec4/a/d v00000236e6f312e0, 0, 4;
T_2.4 ;
T_2.1 ;
    %jmp T_2;
    .thread T_2;
    .scope S_00000236e6a8af00;
T_3 ;
    %wait E_00000236e6f09f20;
    %load/vec4 v00000236e6f307a0_0;
    %dup/vec4;
    %pushi/vec4 0, 0, 3;
    %cmp/u;
    %jmp/1 T_3.0, 6;
    %dup/vec4;
    %pushi/vec4 1, 0, 3;
    %cmp/u;
    %jmp/1 T_3.1, 6;
    %dup/vec4;
    %pushi/vec4 2, 0, 3;
    %cmp/u;
    %jmp/1 T_3.2, 6;
    %dup/vec4;
    %pushi/vec4 3, 0, 3;
    %cmp/u;
    %jmp/1 T_3.3, 6;
    %dup/vec4;
    %pushi/vec4 4, 0, 3;
    %cmp/u;
    %jmp/1 T_3.4, 6;
    %dup/vec4;
    %pushi/vec4 5, 0, 3;
    %cmp/u;
    %jmp/1 T_3.5, 6;
    %pushi/vec4 0, 0, 32;
    %assign/vec4 v00000236e6f2e720_0, 0;
    %jmp T_3.7;
T_3.0 ;
    %pushi/vec4 0, 0, 27;
    %load/vec4 v00000236e6f2e5e0_0;
    %concat/vec4; draw_concat_vec4
    %assign/vec4 v00000236e6f2e720_0, 0;
    %jmp T_3.7;
T_3.1 ;
    %load/vec4 v00000236e6f2e2c0_0;
    %parti/s 1, 11, 5;
    %replicate 20;
    %load/vec4 v00000236e6f2e2c0_0;
    %concat/vec4; draw_concat_vec4
    %assign/vec4 v00000236e6f2e720_0, 0;
    %jmp T_3.7;
T_3.2 ;
    %load/vec4 v00000236e6f30e80_0;
    %parti/s 1, 11, 5;
    %replicate 20;
    %load/vec4 v00000236e6f30e80_0;
    %concat/vec4; draw_concat_vec4
    %assign/vec4 v00000236e6f2e720_0, 0;
    %jmp T_3.7;
T_3.3 ;
    %load/vec4 v00000236e6f2f120_0;
    %parti/s 1, 11, 5;
    %replicate 19;
    %load/vec4 v00000236e6f2f120_0;
    %concat/vec4; draw_concat_vec4
    %concati/vec4 0, 0, 1;
    %assign/vec4 v00000236e6f2e720_0, 0;
    %jmp T_3.7;
T_3.4 ;
    %load/vec4 v00000236e6f30c00_0;
    %concati/vec4 0, 0, 12;
    %assign/vec4 v00000236e6f2e720_0, 0;
    %jmp T_3.7;
T_3.5 ;
    %load/vec4 v00000236e6f2e7c0_0;
    %parti/s 1, 19, 6;
    %replicate 11;
    %load/vec4 v00000236e6f2e7c0_0;
    %concat/vec4; draw_concat_vec4
    %concati/vec4 0, 0, 1;
    %assign/vec4 v00000236e6f2e720_0, 0;
    %jmp T_3.7;
T_3.7 ;
    %pop/vec4 1;
    %jmp T_3;
    .thread T_3, $push;
    .scope S_00000236e6a8ad70;
T_4 ;
    %wait E_00000236e6f09ca0;
    %load/vec4 v00000236e6fabcb0_0;
    %flag_set/vec4 8;
    %jmp/0xz  T_4.0, 8;
    %pushi/vec4 0, 0, 1;
    %assign/vec4 v00000236e6fa8ab0_0, 0;
    %jmp T_4.1;
T_4.0 ;
    %load/vec4 v00000236e6fa83d0_0;
    %flag_set/vec4 8;
    %jmp/0xz  T_4.2, 8;
    %pushi/vec4 0, 0, 1;
    %assign/vec4 v00000236e6fa8ab0_0, 0;
    %jmp T_4.3;
T_4.2 ;
    %load/vec4 v00000236e6fa7250_0;
    %flag_set/vec4 8;
    %jmp/0xz  T_4.4, 8;
    %load/vec4 v00000236e6fa85b0_0;
    %assign/vec4 v00000236e6fa8ab0_0, 0;
    %jmp T_4.5;
T_4.4 ;
    %load/vec4 v00000236e6fa7250_0;
    %flag_set/vec4 9;
    %flag_get/vec4 9;
    %jmp/0 T_4.8, 9;
    %load/vec4 v00000236e6fa85b0_0;
    %and;
T_4.8;
    %flag_set/vec4 8;
    %jmp/0xz  T_4.6, 8;
    %load/vec4 v00000236e6fa72f0_0;
    %assign/vec4 v00000236e6fa8f10_0, 0;
T_4.6 ;
T_4.5 ;
T_4.3 ;
T_4.1 ;
    %jmp T_4;
    .thread T_4;
    .scope S_00000236e6a5e590;
T_5 ;
    %wait E_00000236e6f0a260;
    %pushi/vec4 0, 0, 32;
    %store/vec4 v00000236e6f2f6c0_0, 0, 32;
    %load/vec4 v00000236e6f2ecc0_0;
    %dup/vec4;
    %pushi/vec4 0, 0, 4;
    %cmp/u;
    %jmp/1 T_5.0, 6;
    %dup/vec4;
    %pushi/vec4 1, 0, 4;
    %cmp/u;
    %jmp/1 T_5.1, 6;
    %dup/vec4;
    %pushi/vec4 2, 0, 4;
    %cmp/u;
    %jmp/1 T_5.2, 6;
    %dup/vec4;
    %pushi/vec4 3, 0, 4;
    %cmp/u;
    %jmp/1 T_5.3, 6;
    %dup/vec4;
    %pushi/vec4 4, 0, 4;
    %cmp/u;
    %jmp/1 T_5.4, 6;
    %dup/vec4;
    %pushi/vec4 5, 0, 4;
    %cmp/u;
    %jmp/1 T_5.5, 6;
    %dup/vec4;
    %pushi/vec4 6, 0, 4;
    %cmp/u;
    %jmp/1 T_5.6, 6;
    %dup/vec4;
    %pushi/vec4 8, 0, 4;
    %cmp/u;
    %jmp/1 T_5.7, 6;
    %dup/vec4;
    %pushi/vec4 9, 0, 4;
    %cmp/u;
    %jmp/1 T_5.8, 6;
    %dup/vec4;
    %pushi/vec4 10, 0, 4;
    %cmp/u;
    %jmp/1 T_5.9, 6;
    %dup/vec4;
    %pushi/vec4 12, 0, 4;
    %cmp/u;
    %jmp/1 T_5.10, 6;
    %dup/vec4;
    %pushi/vec4 13, 0, 4;
    %cmp/u;
    %jmp/1 T_5.11, 6;
    %pushi/vec4 0, 0, 32;
    %store/vec4 v00000236e6f2f6c0_0, 0, 32;
    %jmp T_5.13;
T_5.0 ;
    %load/vec4 v00000236e6f2e0e0_0;
    %load/vec4 v00000236e6f2f580_0;
    %add;
    %store/vec4 v00000236e6f2f6c0_0, 0, 32;
    %jmp T_5.13;
T_5.1 ;
    %load/vec4 v00000236e6f2e0e0_0;
    %load/vec4 v00000236e6f2f580_0;
    %sub;
    %store/vec4 v00000236e6f2f6c0_0, 0, 32;
    %jmp T_5.13;
T_5.2 ;
    %load/vec4 v00000236e6f2e0e0_0;
    %load/vec4 v00000236e6f2f580_0;
    %and;
    %store/vec4 v00000236e6f2f6c0_0, 0, 32;
    %jmp T_5.13;
T_5.3 ;
    %load/vec4 v00000236e6f2e0e0_0;
    %load/vec4 v00000236e6f2f580_0;
    %or;
    %store/vec4 v00000236e6f2f6c0_0, 0, 32;
    %jmp T_5.13;
T_5.4 ;
    %load/vec4 v00000236e6f2e0e0_0;
    %load/vec4 v00000236e6f2f580_0;
    %xor;
    %store/vec4 v00000236e6f2f6c0_0, 0, 32;
    %jmp T_5.13;
T_5.5 ;
    %load/vec4 v00000236e6f2f580_0;
    %store/vec4 v00000236e6f2f6c0_0, 0, 32;
    %jmp T_5.13;
T_5.6 ;
    %load/vec4 v00000236e6f2e0e0_0;
    %load/vec4 v00000236e6f2f580_0;
    %add;
    %store/vec4 v00000236e6f2f6c0_0, 0, 32;
    %jmp T_5.13;
T_5.7 ;
    %load/vec4 v00000236e6f2e0e0_0;
    %load/vec4 v00000236e6f2f580_0;
    %parti/s 5, 0, 2;
    %ix/vec4 4;
    %shiftl 4;
    %store/vec4 v00000236e6f2f6c0_0, 0, 32;
    %jmp T_5.13;
T_5.8 ;
    %load/vec4 v00000236e6f2e0e0_0;
    %load/vec4 v00000236e6f2f580_0;
    %parti/s 5, 0, 2;
    %ix/vec4 4;
    %shiftr 4;
    %store/vec4 v00000236e6f2f6c0_0, 0, 32;
    %jmp T_5.13;
T_5.9 ;
    %load/vec4 v00000236e6f2e0e0_0;
    %load/vec4 v00000236e6f2f580_0;
    %parti/s 5, 0, 2;
    %ix/vec4 4;
    %shiftr/s 4;
    %store/vec4 v00000236e6f2f6c0_0, 0, 32;
    %jmp T_5.13;
T_5.10 ;
    %load/vec4 v00000236e6f2e0e0_0;
    %load/vec4 v00000236e6f2f580_0;
    %cmp/s;
    %flag_mov 8, 5;
    %jmp/0 T_5.14, 8;
    %pushi/vec4 1, 0, 32;
    %jmp/1 T_5.15, 8;
T_5.14 ; End of true expr.
    %pushi/vec4 0, 0, 32;
    %jmp/0 T_5.15, 8;
 ; End of false expr.
    %blend;
T_5.15;
    %store/vec4 v00000236e6f2f6c0_0, 0, 32;
    %jmp T_5.13;
T_5.11 ;
    %load/vec4 v00000236e6f2e0e0_0;
    %load/vec4 v00000236e6f2f580_0;
    %cmp/u;
    %flag_mov 8, 5;
    %jmp/0 T_5.16, 8;
    %pushi/vec4 1, 0, 32;
    %jmp/1 T_5.17, 8;
T_5.16 ; End of true expr.
    %pushi/vec4 0, 0, 32;
    %jmp/0 T_5.17, 8;
 ; End of false expr.
    %blend;
T_5.17;
    %store/vec4 v00000236e6f2f6c0_0, 0, 32;
    %jmp T_5.13;
T_5.13 ;
    %pop/vec4 1;
    %jmp T_5;
    .thread T_5, $push;
    .scope S_00000236e6a687f0;
T_6 ;
    %wait E_00000236e6f09ca0;
    %load/vec4 v00000236e6f2eb80_0;
    %flag_set/vec4 8;
    %jmp/0xz  T_6.0, 8;
    %pushi/vec4 0, 0, 1;
    %assign/vec4 v00000236e6f2fee0_0, 0;
    %jmp T_6.1;
T_6.0 ;
    %load/vec4 v00000236e6f2ed60_0;
    %flag_set/vec4 8;
    %jmp/0xz  T_6.2, 8;
    %pushi/vec4 0, 0, 1;
    %assign/vec4 v00000236e6f2fee0_0, 0;
    %jmp T_6.3;
T_6.2 ;
    %load/vec4 v00000236e6f2f300_0;
    %flag_set/vec4 8;
    %jmp/0xz  T_6.4, 8;
    %load/vec4 v00000236e6f2f8a0_0;
    %assign/vec4 v00000236e6f2fee0_0, 0;
T_6.4 ;
    %load/vec4 v00000236e6f2f300_0;
    %flag_set/vec4 9;
    %flag_get/vec4 9;
    %jmp/0 T_6.8, 9;
    %load/vec4 v00000236e6f2f8a0_0;
    %and;
T_6.8;
    %flag_set/vec4 8;
    %jmp/0xz  T_6.6, 8;
    %load/vec4 v00000236e6f30840_0;
    %assign/vec4 v00000236e6f2f800_0, 0;
T_6.6 ;
T_6.3 ;
T_6.1 ;
    %jmp T_6;
    .thread T_6;
    .scope S_00000236e6a78cc0;
T_7 ;
    %wait E_00000236e6f09ca0;
    %load/vec4 v00000236e6fa5e50_0;
    %flag_set/vec4 8;
    %jmp/0xz  T_7.0, 8;
    %pushi/vec4 0, 0, 1;
    %assign/vec4 v00000236e6fa6cb0_0, 0;
    %jmp T_7.1;
T_7.0 ;
    %load/vec4 v00000236e6fa5db0_0;
    %flag_set/vec4 8;
    %jmp/0xz  T_7.2, 8;
    %load/vec4 v00000236e6fa5310_0;
    %assign/vec4 v00000236e6fa6cb0_0, 0;
T_7.2 ;
    %load/vec4 v00000236e6fa5db0_0;
    %flag_set/vec4 9;
    %flag_get/vec4 9;
    %jmp/0 T_7.6, 9;
    %load/vec4 v00000236e6fa5310_0;
    %and;
T_7.6;
    %flag_set/vec4 8;
    %jmp/0xz  T_7.4, 8;
    %load/vec4 v00000236e6fa5a90_0;
    %assign/vec4 v00000236e6fa6a30_0, 0;
T_7.4 ;
T_7.1 ;
    %jmp T_7;
    .thread T_7;
    .scope S_00000236e6a7a050;
T_8 ;
    %wait E_00000236e6f09ca0;
    %load/vec4 v00000236e6fa51d0_0;
    %flag_set/vec4 8;
    %jmp/0xz  T_8.0, 8;
    %pushi/vec4 0, 0, 1;
    %assign/vec4 v00000236e6fa6350_0, 0;
    %jmp T_8.1;
T_8.0 ;
    %load/vec4 v00000236e6fa6ad0_0;
    %flag_set/vec4 8;
    %jmp/0xz  T_8.2, 8;
    %load/vec4 v00000236e6fa5130_0;
    %assign/vec4 v00000236e6fa6350_0, 0;
T_8.2 ;
    %load/vec4 v00000236e6fa6ad0_0;
    %flag_set/vec4 9;
    %flag_get/vec4 9;
    %jmp/0 T_8.6, 9;
    %load/vec4 v00000236e6fa5130_0;
    %and;
T_8.6;
    %flag_set/vec4 8;
    %jmp/0xz  T_8.4, 8;
    %load/vec4 v00000236e6fa4cd0_0;
    %assign/vec4 v00000236e6fa7070_0, 0;
T_8.4 ;
T_8.1 ;
    %jmp T_8;
    .thread T_8;
    .scope S_00000236e6f37870;
T_9 ;
    %fork t_1, S_00000236e6f37a00;
    %jmp t_0;
    .scope S_00000236e6f37a00;
t_1 ;
    %pushi/vec4 0, 0, 32;
    %store/vec4 v00000236e6f30340_0, 0, 32;
T_9.0 ;
    %load/vec4 v00000236e6f30340_0;
    %cmpi/s 256, 0, 32;
    %jmp/0xz T_9.1, 5;
    %pushi/vec4 0, 0, 32;
    %ix/getv/s 4, v00000236e6f30340_0;
    %store/vec4a v00000236e6fb1ec0, 4, 0;
    %load/vec4 v00000236e6f30340_0;
    %addi 1, 0, 32;
    %store/vec4 v00000236e6f30340_0, 0, 32;
    %jmp T_9.0;
T_9.1 ;
    %vpi_call 2 143 "$readmemh", "inst.txt", v00000236e6fb1ec0 {0 0 0};
    %end;
    .scope S_00000236e6f37870;
t_0 %join;
    %end;
    .thread T_9;
    .scope S_00000236e6f37870;
T_10 ;
    %wait E_00000236e6f0a7e0;
    %load/vec4 v00000236e6fb2140_0;
    %flag_set/vec4 8;
    %jmp/0xz  T_10.0, 8;
    %load/vec4 v00000236e6fb2960_0;
    %ix/getv 3, v00000236e6fb23c0_0;
    %ix/load 4, 0, 0; Constant delay
    %assign/vec4/a/d v00000236e6fb2b40, 0, 4;
T_10.0 ;
    %jmp T_10;
    .thread T_10;
    .scope S_00000236e6f37870;
T_11 ;
    %pushi/vec4 0, 0, 1;
    %store/vec4 v00000236e6fb2aa0_0, 0, 1;
T_11.0 ;
    %delay 5000, 0;
    %load/vec4 v00000236e6fb2aa0_0;
    %inv;
    %store/vec4 v00000236e6fb2aa0_0, 0, 1;
    %jmp T_11.0;
    %end;
    .thread T_11;
    .scope S_00000236e6f37870;
T_12 ;
    %vpi_func 2 163 "$fopen" 32, "result.txt", "w" {0 0 0};
    %store/vec4 v00000236e6fb1ba0_0, 0, 32;
    %load/vec4 v00000236e6fb1ba0_0;
    %cmpi/e 0, 0, 32;
    %jmp/0xz  T_12.0, 4;
    %vpi_call 2 165 "$display", "Error: Could not open result.txt" {0 0 0};
    %vpi_call 2 166 "$finish" {0 0 0};
T_12.0 ;
    %vpi_call 2 168 "$fdisplay", v00000236e6fb1ba0_0, "========== RISC-V Pipeline X-Ray Debug Log ==========" {0 0 0};
    %vpi_call 2 170 "$dumpfile", "wave.vcd" {0 0 0};
    %vpi_call 2 171 "$dumpvars", 32'sb00000000000000000000000000000000, S_00000236e6f37870 {0 0 0};
    %pushi/vec4 1, 0, 1;
    %store/vec4 v00000236e6fb4120_0, 0, 1;
    %delay 18000, 0;
    %pushi/vec4 0, 0, 1;
    %store/vec4 v00000236e6fb4120_0, 0, 1;
    %delay 1000000, 0;
    %vpi_call 2 179 "$fdisplay", v00000236e6fb1ba0_0, "========== Simulation Timeout / Finished ==========" {0 0 0};
    %delay 1000, 0;
    %vpi_call 2 183 "$fclose", v00000236e6fb1ba0_0 {0 0 0};
    %vpi_call 2 184 "$finish" {0 0 0};
    %end;
    .thread T_12;
    .scope S_00000236e6f37870;
T_13 ;
    %wait E_00000236e6f0a7e0;
    %load/vec4 v00000236e6fb4120_0;
    %nor/r;
    %flag_set/vec4 8;
    %jmp/0xz  T_13.0, 8;
    %vpi_call 2 192 "$fdisplay", v00000236e6fb1ba0_0, "================= Time: %0t =================", $time {0 0 0};
    %vpi_call 2 195 "$fdisplay", v00000236e6fb1ba0_0, "[IF] PC = 0x%08h | Instr = 0x%08h", v00000236e6fb2d20_0, v00000236e6fb3b80_0 {0 0 0};
    %vpi_call 2 198 "$fdisplay", v00000236e6fb1ba0_0, "[ID] PC = 0x%08h | RD1 = 0x%08h | RD2 = 0x%08h | Imm = 0x%08h", v00000236e6fa7e30_0, v00000236e6fa88d0_0, v00000236e6fa9050_0, v00000236e6fab8f0_0 {0 0 0};
    %vpi_call 2 200 "$fdisplay", v00000236e6fb1ba0_0, "     Branch_taken = %b | Jal_taken = %b | Jalr_taken = %b", v00000236e6fa7c50_0, v00000236e6fa9410_0, v00000236e6fa8fb0_0 {0 0 0};
    %vpi_call 2 204 "$fdisplay", v00000236e6fb1ba0_0, "[EX] PC = 0x%08h | ALU_A = 0x%08h | ALU_B = 0x%08h | ALU_Out = 0x%08h", v00000236e6f2f260_0, v00000236e6f2f1c0_0, v00000236e6f2f620_0, v00000236e6f2eae0_0 {0 0 0};
    %load/vec4 v00000236e6fb2140_0;
    %flag_set/vec4 8;
    %jmp/0xz  T_13.2, 8;
    %vpi_call 2 209 "$fdisplay", v00000236e6fb1ba0_0, "[MA] WRITE MEM: Addr = 0x%08h, Data = 0x%08h", v00000236e6fb2e60_0, v00000236e6fb2960_0 {0 0 0};
    %vpi_call 2 210 "$display", "Time: %0t | [MEM] WRITE Addr = 0x%08h, Data = 0x%08h", $time, v00000236e6fb2e60_0, v00000236e6fb2960_0 {0 0 0};
T_13.2 ;
    %load/vec4 v00000236e6fb2dc0_0;
    %flag_set/vec4 9;
    %flag_get/vec4 9;
    %jmp/0 T_13.6, 9;
    %load/vec4 v00000236e6fb26e0_0;
    %pad/u 32;
    %pushi/vec4 0, 0, 32;
    %cmp/ne;
    %flag_get/vec4 4;
    %and;
T_13.6;
    %flag_set/vec4 8;
    %jmp/0xz  T_13.4, 8;
    %vpi_call 2 215 "$fdisplay", v00000236e6fb1ba0_0, "[WB] WRITE REG: x%0d = 0x%08h", v00000236e6fb26e0_0, v00000236e6fb28c0_0 {0 0 0};
T_13.4 ;
    %vpi_call 2 218 "$fdisplay", v00000236e6fb1ba0_0, "\000" {0 0 0};
T_13.0 ;
    %jmp T_13;
    .thread T_13;
# The file index is used to find the file name in the following table.
:file_names 15;
    "N/A";
    "<interactive>";
    "pipeline_tb.v";
    "../rtl/core/pipeline_top.v";
    "../rtl/core/EX_stage.v";
    "../rtl/utils/alu.v";
    "../rtl/core/ID_stage.v";
    "../rtl/utils/EXT.v";
    "../rtl/utils/RF.v";
    "../rtl/utils/ctrl.v";
    "../rtl/core/IF_stage.v";
    "../rtl/utils/NPC.v";
    "../rtl/utils/PC.v";
    "../rtl/core/MA_stage.v";
    "../rtl/core/WB_stage.v";
