#! /c/Source/iverilog-install/bin/vvp
:ivl_version "12.0 (devel)" "(s20150603-1539-g2693dd32b)";
:ivl_delay_selection "TYPICAL";
:vpi_time_precision - 12;
:vpi_module "D:\AppDownload\iverilog\iverilog\lib\ivl\system.vpi";
:vpi_module "D:\AppDownload\iverilog\iverilog\lib\ivl\vhdl_sys.vpi";
:vpi_module "D:\AppDownload\iverilog\iverilog\lib\ivl\vhdl_textio.vpi";
:vpi_module "D:\AppDownload\iverilog\iverilog\lib\ivl\v2005_math.vpi";
:vpi_module "D:\AppDownload\iverilog\iverilog\lib\ivl\va_math.vpi";
S_000002cc0921c980 .scope module, "sccomp_tb" "sccomp_tb" 2 3;
 .timescale -9 -12;
v000002cc09685cf0_0 .var "clk", 0 0;
v000002cc09684530_0 .var/i "counter", 31 0;
v000002cc096857f0_0 .var/i "foutput", 31 0;
v000002cc096860b0_0 .net "reg_data", 31 0, L_000002cc096fe050;  1 drivers
v000002cc096845d0_0 .var "reg_sel", 4 0;
v000002cc09684670_0 .var "rstn", 0 0;
S_000002cc0921cb10 .scope module, "U_SCCOMP" "sccomp" 2 10, 3 5 0, S_000002cc0921c980;
 .timescale -9 -12;
    .port_info 0 /INPUT 1 "clk";
    .port_info 1 /INPUT 1 "rstn";
    .port_info 2 /INPUT 5 "reg_sel";
    .port_info 3 /OUTPUT 32 "reg_data";
L_000002cc095ee010 .functor NOT 1, v000002cc09684670_0, C4<0>, C4<0>, C4<0>;
v000002cc096851b0_0 .net "MemWrite", 0 0, L_000002cc096fa290;  1 drivers
v000002cc096856b0_0 .net "PC", 31 0, L_000002cc096f9f80;  1 drivers
v000002cc096852f0_0 .net "clk", 0 0, v000002cc09685cf0_0;  1 drivers
v000002cc09685390_0 .net "dm_addr", 31 0, L_000002cc096fad10;  1 drivers
v000002cc09684490_0 .net "dm_din", 31 0, L_000002cc096fb640;  1 drivers
v000002cc09686010_0 .net "dm_dout", 31 0, v000002cc095ef7d0_0;  1 drivers
v000002cc096861f0_0 .net "instr", 31 0, L_000002cc096fb250;  1 drivers
v000002cc09685750_0 .net "reg_data", 31 0, L_000002cc096fe050;  alias, 1 drivers
v000002cc09684210_0 .net "reg_sel", 4 0, v000002cc096845d0_0;  1 drivers
v000002cc096843f0_0 .net "rst", 0 0, L_000002cc095ee010;  1 drivers
v000002cc09684d50_0 .net "rstn", 0 0, v000002cc09684670_0;  1 drivers
L_000002cc096fe0f0 .part L_000002cc096fad10, 2, 7;
L_000002cc09701070 .part L_000002cc096f9f80, 2, 7;
S_000002cc09215d90 .scope module, "U_DM" "dm" 3 33, 4 1 0, S_000002cc0921cb10;
 .timescale -9 -12;
    .port_info 0 /INPUT 1 "clk";
    .port_info 1 /INPUT 1 "DMWr";
    .port_info 2 /INPUT 7 "addr";
    .port_info 3 /INPUT 32 "din";
    .port_info 4 /OUTPUT 32 "dout";
v000002cc095ef370_0 .net "DMWr", 0 0, L_000002cc096fa290;  alias, 1 drivers
v000002cc095efa50 .array "RAM", 0 127, 31 0;
v000002cc095eff50_0 .net "addr", 6 0, L_000002cc096fe0f0;  1 drivers
v000002cc095ef410_0 .net "clk", 0 0, v000002cc09685cf0_0;  alias, 1 drivers
v000002cc095f0a90_0 .net "din", 31 0, L_000002cc096fb640;  alias, 1 drivers
v000002cc095ef7d0_0 .var "dout", 31 0;
v000002cc095f0090_0 .var/i "i", 31 0;
v000002cc095efa50_0 .array/port v000002cc095efa50, 0;
v000002cc095efa50_1 .array/port v000002cc095efa50, 1;
v000002cc095efa50_2 .array/port v000002cc095efa50, 2;
E_000002cc09601bb0/0 .event anyedge, v000002cc095eff50_0, v000002cc095efa50_0, v000002cc095efa50_1, v000002cc095efa50_2;
v000002cc095efa50_3 .array/port v000002cc095efa50, 3;
v000002cc095efa50_4 .array/port v000002cc095efa50, 4;
v000002cc095efa50_5 .array/port v000002cc095efa50, 5;
v000002cc095efa50_6 .array/port v000002cc095efa50, 6;
E_000002cc09601bb0/1 .event anyedge, v000002cc095efa50_3, v000002cc095efa50_4, v000002cc095efa50_5, v000002cc095efa50_6;
v000002cc095efa50_7 .array/port v000002cc095efa50, 7;
v000002cc095efa50_8 .array/port v000002cc095efa50, 8;
v000002cc095efa50_9 .array/port v000002cc095efa50, 9;
v000002cc095efa50_10 .array/port v000002cc095efa50, 10;
E_000002cc09601bb0/2 .event anyedge, v000002cc095efa50_7, v000002cc095efa50_8, v000002cc095efa50_9, v000002cc095efa50_10;
v000002cc095efa50_11 .array/port v000002cc095efa50, 11;
v000002cc095efa50_12 .array/port v000002cc095efa50, 12;
v000002cc095efa50_13 .array/port v000002cc095efa50, 13;
v000002cc095efa50_14 .array/port v000002cc095efa50, 14;
E_000002cc09601bb0/3 .event anyedge, v000002cc095efa50_11, v000002cc095efa50_12, v000002cc095efa50_13, v000002cc095efa50_14;
v000002cc095efa50_15 .array/port v000002cc095efa50, 15;
v000002cc095efa50_16 .array/port v000002cc095efa50, 16;
v000002cc095efa50_17 .array/port v000002cc095efa50, 17;
v000002cc095efa50_18 .array/port v000002cc095efa50, 18;
E_000002cc09601bb0/4 .event anyedge, v000002cc095efa50_15, v000002cc095efa50_16, v000002cc095efa50_17, v000002cc095efa50_18;
v000002cc095efa50_19 .array/port v000002cc095efa50, 19;
v000002cc095efa50_20 .array/port v000002cc095efa50, 20;
v000002cc095efa50_21 .array/port v000002cc095efa50, 21;
v000002cc095efa50_22 .array/port v000002cc095efa50, 22;
E_000002cc09601bb0/5 .event anyedge, v000002cc095efa50_19, v000002cc095efa50_20, v000002cc095efa50_21, v000002cc095efa50_22;
v000002cc095efa50_23 .array/port v000002cc095efa50, 23;
v000002cc095efa50_24 .array/port v000002cc095efa50, 24;
v000002cc095efa50_25 .array/port v000002cc095efa50, 25;
v000002cc095efa50_26 .array/port v000002cc095efa50, 26;
E_000002cc09601bb0/6 .event anyedge, v000002cc095efa50_23, v000002cc095efa50_24, v000002cc095efa50_25, v000002cc095efa50_26;
v000002cc095efa50_27 .array/port v000002cc095efa50, 27;
v000002cc095efa50_28 .array/port v000002cc095efa50, 28;
v000002cc095efa50_29 .array/port v000002cc095efa50, 29;
v000002cc095efa50_30 .array/port v000002cc095efa50, 30;
E_000002cc09601bb0/7 .event anyedge, v000002cc095efa50_27, v000002cc095efa50_28, v000002cc095efa50_29, v000002cc095efa50_30;
v000002cc095efa50_31 .array/port v000002cc095efa50, 31;
v000002cc095efa50_32 .array/port v000002cc095efa50, 32;
v000002cc095efa50_33 .array/port v000002cc095efa50, 33;
v000002cc095efa50_34 .array/port v000002cc095efa50, 34;
E_000002cc09601bb0/8 .event anyedge, v000002cc095efa50_31, v000002cc095efa50_32, v000002cc095efa50_33, v000002cc095efa50_34;
v000002cc095efa50_35 .array/port v000002cc095efa50, 35;
v000002cc095efa50_36 .array/port v000002cc095efa50, 36;
v000002cc095efa50_37 .array/port v000002cc095efa50, 37;
v000002cc095efa50_38 .array/port v000002cc095efa50, 38;
E_000002cc09601bb0/9 .event anyedge, v000002cc095efa50_35, v000002cc095efa50_36, v000002cc095efa50_37, v000002cc095efa50_38;
v000002cc095efa50_39 .array/port v000002cc095efa50, 39;
v000002cc095efa50_40 .array/port v000002cc095efa50, 40;
v000002cc095efa50_41 .array/port v000002cc095efa50, 41;
v000002cc095efa50_42 .array/port v000002cc095efa50, 42;
E_000002cc09601bb0/10 .event anyedge, v000002cc095efa50_39, v000002cc095efa50_40, v000002cc095efa50_41, v000002cc095efa50_42;
v000002cc095efa50_43 .array/port v000002cc095efa50, 43;
v000002cc095efa50_44 .array/port v000002cc095efa50, 44;
v000002cc095efa50_45 .array/port v000002cc095efa50, 45;
v000002cc095efa50_46 .array/port v000002cc095efa50, 46;
E_000002cc09601bb0/11 .event anyedge, v000002cc095efa50_43, v000002cc095efa50_44, v000002cc095efa50_45, v000002cc095efa50_46;
v000002cc095efa50_47 .array/port v000002cc095efa50, 47;
v000002cc095efa50_48 .array/port v000002cc095efa50, 48;
v000002cc095efa50_49 .array/port v000002cc095efa50, 49;
v000002cc095efa50_50 .array/port v000002cc095efa50, 50;
E_000002cc09601bb0/12 .event anyedge, v000002cc095efa50_47, v000002cc095efa50_48, v000002cc095efa50_49, v000002cc095efa50_50;
v000002cc095efa50_51 .array/port v000002cc095efa50, 51;
v000002cc095efa50_52 .array/port v000002cc095efa50, 52;
v000002cc095efa50_53 .array/port v000002cc095efa50, 53;
v000002cc095efa50_54 .array/port v000002cc095efa50, 54;
E_000002cc09601bb0/13 .event anyedge, v000002cc095efa50_51, v000002cc095efa50_52, v000002cc095efa50_53, v000002cc095efa50_54;
v000002cc095efa50_55 .array/port v000002cc095efa50, 55;
v000002cc095efa50_56 .array/port v000002cc095efa50, 56;
v000002cc095efa50_57 .array/port v000002cc095efa50, 57;
v000002cc095efa50_58 .array/port v000002cc095efa50, 58;
E_000002cc09601bb0/14 .event anyedge, v000002cc095efa50_55, v000002cc095efa50_56, v000002cc095efa50_57, v000002cc095efa50_58;
v000002cc095efa50_59 .array/port v000002cc095efa50, 59;
v000002cc095efa50_60 .array/port v000002cc095efa50, 60;
v000002cc095efa50_61 .array/port v000002cc095efa50, 61;
v000002cc095efa50_62 .array/port v000002cc095efa50, 62;
E_000002cc09601bb0/15 .event anyedge, v000002cc095efa50_59, v000002cc095efa50_60, v000002cc095efa50_61, v000002cc095efa50_62;
v000002cc095efa50_63 .array/port v000002cc095efa50, 63;
v000002cc095efa50_64 .array/port v000002cc095efa50, 64;
v000002cc095efa50_65 .array/port v000002cc095efa50, 65;
v000002cc095efa50_66 .array/port v000002cc095efa50, 66;
E_000002cc09601bb0/16 .event anyedge, v000002cc095efa50_63, v000002cc095efa50_64, v000002cc095efa50_65, v000002cc095efa50_66;
v000002cc095efa50_67 .array/port v000002cc095efa50, 67;
v000002cc095efa50_68 .array/port v000002cc095efa50, 68;
v000002cc095efa50_69 .array/port v000002cc095efa50, 69;
v000002cc095efa50_70 .array/port v000002cc095efa50, 70;
E_000002cc09601bb0/17 .event anyedge, v000002cc095efa50_67, v000002cc095efa50_68, v000002cc095efa50_69, v000002cc095efa50_70;
v000002cc095efa50_71 .array/port v000002cc095efa50, 71;
v000002cc095efa50_72 .array/port v000002cc095efa50, 72;
v000002cc095efa50_73 .array/port v000002cc095efa50, 73;
v000002cc095efa50_74 .array/port v000002cc095efa50, 74;
E_000002cc09601bb0/18 .event anyedge, v000002cc095efa50_71, v000002cc095efa50_72, v000002cc095efa50_73, v000002cc095efa50_74;
v000002cc095efa50_75 .array/port v000002cc095efa50, 75;
v000002cc095efa50_76 .array/port v000002cc095efa50, 76;
v000002cc095efa50_77 .array/port v000002cc095efa50, 77;
v000002cc095efa50_78 .array/port v000002cc095efa50, 78;
E_000002cc09601bb0/19 .event anyedge, v000002cc095efa50_75, v000002cc095efa50_76, v000002cc095efa50_77, v000002cc095efa50_78;
v000002cc095efa50_79 .array/port v000002cc095efa50, 79;
v000002cc095efa50_80 .array/port v000002cc095efa50, 80;
v000002cc095efa50_81 .array/port v000002cc095efa50, 81;
v000002cc095efa50_82 .array/port v000002cc095efa50, 82;
E_000002cc09601bb0/20 .event anyedge, v000002cc095efa50_79, v000002cc095efa50_80, v000002cc095efa50_81, v000002cc095efa50_82;
v000002cc095efa50_83 .array/port v000002cc095efa50, 83;
v000002cc095efa50_84 .array/port v000002cc095efa50, 84;
v000002cc095efa50_85 .array/port v000002cc095efa50, 85;
v000002cc095efa50_86 .array/port v000002cc095efa50, 86;
E_000002cc09601bb0/21 .event anyedge, v000002cc095efa50_83, v000002cc095efa50_84, v000002cc095efa50_85, v000002cc095efa50_86;
v000002cc095efa50_87 .array/port v000002cc095efa50, 87;
v000002cc095efa50_88 .array/port v000002cc095efa50, 88;
v000002cc095efa50_89 .array/port v000002cc095efa50, 89;
v000002cc095efa50_90 .array/port v000002cc095efa50, 90;
E_000002cc09601bb0/22 .event anyedge, v000002cc095efa50_87, v000002cc095efa50_88, v000002cc095efa50_89, v000002cc095efa50_90;
v000002cc095efa50_91 .array/port v000002cc095efa50, 91;
v000002cc095efa50_92 .array/port v000002cc095efa50, 92;
v000002cc095efa50_93 .array/port v000002cc095efa50, 93;
v000002cc095efa50_94 .array/port v000002cc095efa50, 94;
E_000002cc09601bb0/23 .event anyedge, v000002cc095efa50_91, v000002cc095efa50_92, v000002cc095efa50_93, v000002cc095efa50_94;
v000002cc095efa50_95 .array/port v000002cc095efa50, 95;
v000002cc095efa50_96 .array/port v000002cc095efa50, 96;
v000002cc095efa50_97 .array/port v000002cc095efa50, 97;
v000002cc095efa50_98 .array/port v000002cc095efa50, 98;
E_000002cc09601bb0/24 .event anyedge, v000002cc095efa50_95, v000002cc095efa50_96, v000002cc095efa50_97, v000002cc095efa50_98;
v000002cc095efa50_99 .array/port v000002cc095efa50, 99;
v000002cc095efa50_100 .array/port v000002cc095efa50, 100;
v000002cc095efa50_101 .array/port v000002cc095efa50, 101;
v000002cc095efa50_102 .array/port v000002cc095efa50, 102;
E_000002cc09601bb0/25 .event anyedge, v000002cc095efa50_99, v000002cc095efa50_100, v000002cc095efa50_101, v000002cc095efa50_102;
v000002cc095efa50_103 .array/port v000002cc095efa50, 103;
v000002cc095efa50_104 .array/port v000002cc095efa50, 104;
v000002cc095efa50_105 .array/port v000002cc095efa50, 105;
v000002cc095efa50_106 .array/port v000002cc095efa50, 106;
E_000002cc09601bb0/26 .event anyedge, v000002cc095efa50_103, v000002cc095efa50_104, v000002cc095efa50_105, v000002cc095efa50_106;
v000002cc095efa50_107 .array/port v000002cc095efa50, 107;
v000002cc095efa50_108 .array/port v000002cc095efa50, 108;
v000002cc095efa50_109 .array/port v000002cc095efa50, 109;
v000002cc095efa50_110 .array/port v000002cc095efa50, 110;
E_000002cc09601bb0/27 .event anyedge, v000002cc095efa50_107, v000002cc095efa50_108, v000002cc095efa50_109, v000002cc095efa50_110;
v000002cc095efa50_111 .array/port v000002cc095efa50, 111;
v000002cc095efa50_112 .array/port v000002cc095efa50, 112;
v000002cc095efa50_113 .array/port v000002cc095efa50, 113;
v000002cc095efa50_114 .array/port v000002cc095efa50, 114;
E_000002cc09601bb0/28 .event anyedge, v000002cc095efa50_111, v000002cc095efa50_112, v000002cc095efa50_113, v000002cc095efa50_114;
v000002cc095efa50_115 .array/port v000002cc095efa50, 115;
v000002cc095efa50_116 .array/port v000002cc095efa50, 116;
v000002cc095efa50_117 .array/port v000002cc095efa50, 117;
v000002cc095efa50_118 .array/port v000002cc095efa50, 118;
E_000002cc09601bb0/29 .event anyedge, v000002cc095efa50_115, v000002cc095efa50_116, v000002cc095efa50_117, v000002cc095efa50_118;
v000002cc095efa50_119 .array/port v000002cc095efa50, 119;
v000002cc095efa50_120 .array/port v000002cc095efa50, 120;
v000002cc095efa50_121 .array/port v000002cc095efa50, 121;
v000002cc095efa50_122 .array/port v000002cc095efa50, 122;
E_000002cc09601bb0/30 .event anyedge, v000002cc095efa50_119, v000002cc095efa50_120, v000002cc095efa50_121, v000002cc095efa50_122;
v000002cc095efa50_123 .array/port v000002cc095efa50, 123;
v000002cc095efa50_124 .array/port v000002cc095efa50, 124;
v000002cc095efa50_125 .array/port v000002cc095efa50, 125;
v000002cc095efa50_126 .array/port v000002cc095efa50, 126;
E_000002cc09601bb0/31 .event anyedge, v000002cc095efa50_123, v000002cc095efa50_124, v000002cc095efa50_125, v000002cc095efa50_126;
v000002cc095efa50_127 .array/port v000002cc095efa50, 127;
E_000002cc09601bb0/32 .event anyedge, v000002cc095efa50_127;
E_000002cc09601bb0 .event/or E_000002cc09601bb0/0, E_000002cc09601bb0/1, E_000002cc09601bb0/2, E_000002cc09601bb0/3, E_000002cc09601bb0/4, E_000002cc09601bb0/5, E_000002cc09601bb0/6, E_000002cc09601bb0/7, E_000002cc09601bb0/8, E_000002cc09601bb0/9, E_000002cc09601bb0/10, E_000002cc09601bb0/11, E_000002cc09601bb0/12, E_000002cc09601bb0/13, E_000002cc09601bb0/14, E_000002cc09601bb0/15, E_000002cc09601bb0/16, E_000002cc09601bb0/17, E_000002cc09601bb0/18, E_000002cc09601bb0/19, E_000002cc09601bb0/20, E_000002cc09601bb0/21, E_000002cc09601bb0/22, E_000002cc09601bb0/23, E_000002cc09601bb0/24, E_000002cc09601bb0/25, E_000002cc09601bb0/26, E_000002cc09601bb0/27, E_000002cc09601bb0/28, E_000002cc09601bb0/29, E_000002cc09601bb0/30, E_000002cc09601bb0/31, E_000002cc09601bb0/32;
E_000002cc09601eb0 .event posedge, v000002cc095ef410_0;
S_000002cc09215f20 .scope module, "U_IM" "im" 3 42, 5 1 0, S_000002cc0921cb10;
 .timescale -9 -12;
    .port_info 0 /INPUT 7 "addr";
    .port_info 1 /OUTPUT 32 "dout";
L_000002cc096fb250 .functor BUFZ 32, L_000002cc096fe190, C4<00000000000000000000000000000000>, C4<00000000000000000000000000000000>, C4<00000000000000000000000000000000>;
v000002cc095f1670 .array "ROM", 0 255, 31 0;
v000002cc095f0130_0 .net *"_ivl_0", 31 0, L_000002cc096fe190;  1 drivers
v000002cc095f0270_0 .net *"_ivl_2", 9 0, L_000002cc096fe230;  1 drivers
L_000002cc0968e850 .functor BUFT 1, C4<000>, C4<0>, C4<0>, C4<0>;
v000002cc095f04f0_0 .net *"_ivl_5", 2 0, L_000002cc0968e850;  1 drivers
v000002cc095f0590_0 .net "addr", 6 0, L_000002cc09701070;  1 drivers
v000002cc095f0b30_0 .net "dout", 31 0, L_000002cc096fb250;  alias, 1 drivers
L_000002cc096fe190 .array/port v000002cc095f1670, L_000002cc096fe230;
L_000002cc096fe230 .concat [ 7 3 0 0], L_000002cc09701070, L_000002cc0968e850;
S_000002cc091fa220 .scope module, "U_SCPU" "SCPU" 3 19, 6 16 0, S_000002cc0921cb10;
 .timescale -9 -12;
    .port_info 0 /INPUT 1 "clk";
    .port_info 1 /INPUT 1 "reset";
    .port_info 2 /INPUT 32 "inst_in";
    .port_info 3 /INPUT 32 "Data_in";
    .port_info 4 /OUTPUT 1 "mem_w";
    .port_info 5 /OUTPUT 32 "PC_out";
    .port_info 6 /OUTPUT 32 "Addr_out";
    .port_info 7 /OUTPUT 32 "Data_out";
    .port_info 8 /INPUT 5 "reg_sel";
    .port_info 9 /OUTPUT 32 "reg_data";
L_000002cc095ee550 .functor BUFZ 32, L_000002cc096fb250, C4<00000000000000000000000000000000>, C4<00000000000000000000000000000000>, C4<00000000000000000000000000000000>;
L_000002cc095ed7c0 .functor NOT 1, L_000002cc095ee010, C4<0>, C4<0>, C4<0>;
L_000002cc095ed440 .functor NOT 1, L_000002cc095ee010, C4<0>, C4<0>, C4<0>;
L_000002cc096fa530 .functor BUFZ 32, L_000002cc09688090, C4<00000000000000000000000000000000>, C4<00000000000000000000000000000000>, C4<00000000000000000000000000000000>;
L_000002cc0968e4a8 .functor BUFT 1, C4<0>, C4<0>, C4<0>, C4<0>;
L_000002cc096fb800 .functor XNOR 1, v000002cc09671060_0, L_000002cc0968e4a8, C4<0>, C4<0>;
L_000002cc096f9f80 .functor BUFZ 32, v000002cc095f3010_0, C4<00000000000000000000000000000000>, C4<00000000000000000000000000000000>, C4<00000000000000000000000000000000>;
L_000002cc096fa290 .functor BUFZ 1, L_000002cc096f93b0, C4<0>, C4<0>, C4<0>;
L_000002cc096fad10 .functor BUFZ 32, v000002cc096716a0_0, C4<00000000000000000000000000000000>, C4<00000000000000000000000000000000>, C4<00000000000000000000000000000000>;
L_000002cc096fb640 .functor BUFZ 32, L_000002cc09687c30, C4<00000000000000000000000000000000>, C4<00000000000000000000000000000000>, C4<00000000000000000000000000000000>;
v000002cc0967d420_0 .net "A", 31 0, L_000002cc096fa530;  1 drivers
v000002cc0967cc00_0 .net "ALUOp", 4 0, L_000002cc096f95e0;  1 drivers
v000002cc0967d4c0_0 .net "ALUSrc", 0 0, v000002cc09671060_0;  1 drivers
v000002cc09680c60_0 .net "Addr_out", 31 0, L_000002cc096fad10;  alias, 1 drivers
v000002cc0967f7c0_0 .net "B", 31 0, L_000002cc096feb90;  1 drivers
v000002cc09680e40_0 .net "DMType", 2 0, L_000002cc096fb5d0;  1 drivers
v000002cc09680080_0 .net "Data_in", 31 0, v000002cc095ef7d0_0;  alias, 1 drivers
v000002cc0967efa0_0 .net "Data_out", 31 0, L_000002cc096fb640;  alias, 1 drivers
v000002cc09680da0_0 .net "EXTOp", 2 0, L_000002cc096fe870;  1 drivers
v000002cc0967ebe0_0 .net "Funct3", 2 0, L_000002cc09684a30;  1 drivers
v000002cc09681020_0 .net "Funct7", 6 0, L_000002cc09685ed0;  1 drivers
v000002cc09680d00_0 .net "MemWrite", 0 0, L_000002cc096f93b0;  1 drivers
v000002cc09680ee0_0 .net "NPC", 31 0, v000002cc095f1a30_0;  1 drivers
v000002cc0967f040_0 .net "NPCOp", 1 0, L_000002cc096f8e70;  1 drivers
v000002cc096810c0_0 .net "Op", 6 0, L_000002cc09684710;  1 drivers
v000002cc09680440_0 .net "PC", 31 0, v000002cc095f3010_0;  1 drivers
v000002cc0967f360_0 .net "PC_out", 31 0, L_000002cc096f9f80;  alias, 1 drivers
L_000002cc0968e1d8 .functor BUFT 1, C4<1>, C4<0>, C4<0>, C4<0>;
v000002cc09680f80_0 .net "PCwr", 0 0, L_000002cc0968e1d8;  1 drivers
v000002cc0967edc0_0 .net "RD1", 31 0, L_000002cc09688090;  1 drivers
v000002cc09681160_0 .net "RD2", 31 0, L_000002cc09687c30;  1 drivers
v000002cc0967ea00_0 .net "RegWrite", 0 0, L_000002cc096f9110;  1 drivers
v000002cc0967fa40_0 .net "WD", 31 0, L_000002cc096fdbf0;  1 drivers
v000002cc0967f860_0 .net "WDSel", 2 0, v000002cc0966fa80_0;  1 drivers
v000002cc0967fe00_0 .net "Zero", 0 0, v000002cc09671240_0;  1 drivers
v000002cc0967eaa0_0 .net *"_ivl_100", 31 0, L_000002cc096fd330;  1 drivers
L_000002cc0968e6a0 .functor BUFT 1, C4<011>, C4<0>, C4<0>, C4<0>;
v000002cc0967f720_0 .net/2u *"_ivl_102", 2 0, L_000002cc0968e6a0;  1 drivers
v000002cc0967ee60_0 .net *"_ivl_104", 0 0, L_000002cc096feaf0;  1 drivers
L_000002cc0968e6e8 .functor BUFT 1, C4<100>, C4<0>, C4<0>, C4<0>;
v000002cc0967f9a0_0 .net/2u *"_ivl_106", 2 0, L_000002cc0968e6e8;  1 drivers
v000002cc09680bc0_0 .net *"_ivl_108", 0 0, L_000002cc096fec30;  1 drivers
v000002cc096801c0_0 .net *"_ivl_110", 31 0, L_000002cc096fd3d0;  1 drivers
L_000002cc0968e730 .functor BUFT 1, C4<00000000000000000000000000000000>, C4<0>, C4<0>, C4<0>;
v000002cc0967eb40_0 .net/2u *"_ivl_112", 31 0, L_000002cc0968e730;  1 drivers
v000002cc0967ec80_0 .net *"_ivl_114", 31 0, L_000002cc096fd8d0;  1 drivers
v000002cc0967ed20_0 .net *"_ivl_116", 31 0, L_000002cc096fd970;  1 drivers
v000002cc0967ef00_0 .net *"_ivl_118", 31 0, L_000002cc096fdab0;  1 drivers
v000002cc09680620_0 .net *"_ivl_120", 31 0, L_000002cc096fdb50;  1 drivers
L_000002cc0968e778 .functor BUFT 1, C4<00000>, C4<0>, C4<0>, C4<0>;
v000002cc096804e0_0 .net/2u *"_ivl_132", 4 0, L_000002cc0968e778;  1 drivers
v000002cc0967f2c0_0 .net *"_ivl_134", 0 0, L_000002cc096fdc90;  1 drivers
L_000002cc0968e7c0 .functor BUFT 1, C4<00000000000000000000000000000000>, C4<0>, C4<0>, C4<0>;
v000002cc0967f0e0_0 .net/2u *"_ivl_136", 31 0, L_000002cc0968e7c0;  1 drivers
v000002cc0967f180_0 .net *"_ivl_138", 31 0, L_000002cc096fde70;  1 drivers
v000002cc09680a80_0 .net *"_ivl_140", 6 0, L_000002cc096fdf10;  1 drivers
L_000002cc0968e808 .functor BUFT 1, C4<00>, C4<0>, C4<0>, C4<0>;
v000002cc0967f220_0 .net *"_ivl_143", 1 0, L_000002cc0968e808;  1 drivers
v000002cc0967f400_0 .net *"_ivl_23", 6 0, L_000002cc09685070;  1 drivers
v000002cc0967f4a0_0 .net *"_ivl_25", 4 0, L_000002cc09685430;  1 drivers
v000002cc0967f540_0 .net *"_ivl_29", 0 0, L_000002cc09685110;  1 drivers
v000002cc0967f5e0_0 .net *"_ivl_31", 0 0, L_000002cc09685890;  1 drivers
v000002cc0967f680_0 .net *"_ivl_33", 5 0, L_000002cc09685f70;  1 drivers
v000002cc0967f900_0 .net *"_ivl_35", 3 0, L_000002cc09685930;  1 drivers
v000002cc0967fc20_0 .net *"_ivl_41", 0 0, L_000002cc09686150;  1 drivers
v000002cc0967fae0_0 .net *"_ivl_43", 7 0, L_000002cc09686290;  1 drivers
v000002cc096808a0_0 .net *"_ivl_45", 0 0, L_000002cc09685bb0;  1 drivers
v000002cc0967ff40_0 .net *"_ivl_47", 9 0, L_000002cc09686330;  1 drivers
v000002cc0967fb80_0 .net/2u *"_ivl_54", 0 0, L_000002cc0968e4a8;  1 drivers
v000002cc09680120_0 .net *"_ivl_56", 0 0, L_000002cc096fb800;  1 drivers
v000002cc0967fcc0_0 .net *"_ivl_65", 1 0, L_000002cc096ff130;  1 drivers
v000002cc0967fd60_0 .net *"_ivl_66", 31 0, L_000002cc096fe730;  1 drivers
L_000002cc0968e4f0 .functor BUFT 1, C4<000000000000000000000000000000>, C4<0>, C4<0>, C4<0>;
v000002cc09680580_0 .net *"_ivl_69", 29 0, L_000002cc0968e4f0;  1 drivers
L_000002cc0968e538 .functor BUFT 1, C4<00000000000000000000000000001000>, C4<0>, C4<0>, C4<0>;
v000002cc0967fea0_0 .net/2u *"_ivl_70", 31 0, L_000002cc0968e538;  1 drivers
v000002cc0967ffe0_0 .net *"_ivl_73", 31 0, L_000002cc096fe7d0;  1 drivers
v000002cc09680260_0 .net *"_ivl_74", 31 0, L_000002cc096fd650;  1 drivers
v000002cc09680800_0 .net *"_ivl_79", 0 0, L_000002cc096fce30;  1 drivers
v000002cc09680940_0 .net *"_ivl_81", 15 0, L_000002cc096fe910;  1 drivers
v000002cc09680300_0 .net *"_ivl_83", 15 0, L_000002cc096fe9b0;  1 drivers
L_000002cc0968e580 .functor BUFT 1, C4<000>, C4<0>, C4<0>, C4<0>;
v000002cc09680b20_0 .net/2u *"_ivl_86", 2 0, L_000002cc0968e580;  1 drivers
v000002cc096803a0_0 .net *"_ivl_88", 0 0, L_000002cc096fcf70;  1 drivers
L_000002cc0968e5c8 .functor BUFT 1, C4<001>, C4<0>, C4<0>, C4<0>;
v000002cc096806c0_0 .net/2u *"_ivl_90", 2 0, L_000002cc0968e5c8;  1 drivers
v000002cc09680760_0 .net *"_ivl_92", 0 0, L_000002cc096fd790;  1 drivers
L_000002cc0968e610 .functor BUFT 1, C4<010>, C4<0>, C4<0>, C4<0>;
v000002cc096809e0_0 .net/2u *"_ivl_94", 2 0, L_000002cc0968e610;  1 drivers
v000002cc09684990_0 .net *"_ivl_96", 0 0, L_000002cc096fd510;  1 drivers
L_000002cc0968e658 .functor BUFT 1, C4<00000000000000000000000000000100>, C4<0>, C4<0>, C4<0>;
v000002cc09684cb0_0 .net/2u *"_ivl_98", 31 0, L_000002cc0968e658;  1 drivers
v000002cc096847b0_0 .net "aluout", 31 0, v000002cc096716a0_0;  1 drivers
v000002cc096865b0_0 .net "bimm", 11 0, L_000002cc09685b10;  1 drivers
v000002cc09685c50_0 .net "clk", 0 0, v000002cc09685cf0_0;  alias, 1 drivers
v000002cc09684f30_0 .net "dm_addr", 0 0, L_000002cc096fd6f0;  1 drivers
v000002cc09686510_0 .net "dm_din", 0 0, L_000002cc096ff090;  1 drivers
v000002cc09685610_0 .net "iimm", 11 0, L_000002cc09684fd0;  1 drivers
v000002cc09686790_0 .net "iimm_shamt", 4 0, L_000002cc09684c10;  1 drivers
v000002cc096859d0_0 .net "immout", 31 0, v000002cc095f2a70_0;  1 drivers
v000002cc09686830_0 .net "inst_in", 31 0, L_000002cc096fb250;  alias, 1 drivers
v000002cc096868d0_0 .net "instr", 31 0, L_000002cc095ee550;  1 drivers
v000002cc09686470_0 .net "jimm", 19 0, L_000002cc096863d0;  1 drivers
v000002cc096842b0_0 .var "load_data", 31 0;
v000002cc09685e30_0 .net "mem_w", 0 0, L_000002cc096fa290;  alias, 1 drivers
v000002cc09684350_0 .net "rd", 4 0, L_000002cc09684b70;  1 drivers
v000002cc09684df0_0 .net "reg_data", 31 0, L_000002cc096fe050;  alias, 1 drivers
v000002cc09684850_0 .net "reg_sel", 4 0, v000002cc096845d0_0;  alias, 1 drivers
v000002cc09686650_0 .net "reset", 0 0, L_000002cc095ee010;  alias, 1 drivers
v000002cc09684e90_0 .net "rs1", 4 0, L_000002cc09684ad0;  1 drivers
v000002cc09685250_0 .net "rs2", 4 0, L_000002cc09685570;  1 drivers
v000002cc096848f0_0 .net "selected_byte", 7 0, L_000002cc096fd1f0;  1 drivers
v000002cc09686970_0 .net "selected_half", 15 0, L_000002cc096fced0;  1 drivers
v000002cc096866f0_0 .net "simm", 11 0, L_000002cc096854d0;  1 drivers
v000002cc09685a70_0 .net "uimm", 19 0, L_000002cc09685d90;  1 drivers
E_000002cc09602030 .event anyedge, v000002cc09670de0_0, v000002cc096848f0_0, v000002cc09686970_0, v000002cc095ef7d0_0;
L_000002cc09684710 .part L_000002cc095ee550, 0, 7;
L_000002cc09685ed0 .part L_000002cc095ee550, 25, 7;
L_000002cc09684a30 .part L_000002cc095ee550, 12, 3;
L_000002cc09684ad0 .part L_000002cc095ee550, 15, 5;
L_000002cc09685570 .part L_000002cc095ee550, 20, 5;
L_000002cc09684b70 .part L_000002cc095ee550, 7, 5;
L_000002cc09684c10 .part L_000002cc095ee550, 20, 5;
L_000002cc09684fd0 .part L_000002cc095ee550, 20, 12;
L_000002cc09685070 .part L_000002cc095ee550, 25, 7;
L_000002cc09685430 .part L_000002cc095ee550, 7, 5;
L_000002cc096854d0 .concat [ 5 7 0 0], L_000002cc09685430, L_000002cc09685070;
L_000002cc09685110 .part L_000002cc095ee550, 31, 1;
L_000002cc09685890 .part L_000002cc095ee550, 7, 1;
L_000002cc09685f70 .part L_000002cc095ee550, 25, 6;
L_000002cc09685930 .part L_000002cc095ee550, 8, 4;
L_000002cc09685b10 .concat [ 4 6 1 1], L_000002cc09685930, L_000002cc09685f70, L_000002cc09685890, L_000002cc09685110;
L_000002cc09685d90 .part L_000002cc095ee550, 12, 20;
L_000002cc09686150 .part L_000002cc095ee550, 31, 1;
L_000002cc09686290 .part L_000002cc095ee550, 12, 8;
L_000002cc09685bb0 .part L_000002cc095ee550, 20, 1;
L_000002cc09686330 .part L_000002cc095ee550, 21, 10;
L_000002cc096863d0 .concat [ 10 1 8 1], L_000002cc09686330, L_000002cc09685bb0, L_000002cc09686290, L_000002cc09686150;
L_000002cc096feb90 .functor MUXZ 32, v000002cc095f2a70_0, L_000002cc09687c30, L_000002cc096fb800, C4<>;
L_000002cc096fd6f0 .part v000002cc096716a0_0, 0, 1;
L_000002cc096ff090 .part L_000002cc09687c30, 0, 1;
L_000002cc096ff130 .part v000002cc096716a0_0, 0, 2;
L_000002cc096fe730 .concat [ 2 30 0 0], L_000002cc096ff130, L_000002cc0968e4f0;
L_000002cc096fe7d0 .arith/mult 32, L_000002cc096fe730, L_000002cc0968e538;
L_000002cc096fd650 .shift/r 32, v000002cc095ef7d0_0, L_000002cc096fe7d0;
L_000002cc096fd1f0 .part L_000002cc096fd650, 0, 8;
L_000002cc096fce30 .part v000002cc096716a0_0, 1, 1;
L_000002cc096fe910 .part v000002cc095ef7d0_0, 16, 16;
L_000002cc096fe9b0 .part v000002cc095ef7d0_0, 0, 16;
L_000002cc096fced0 .functor MUXZ 16, L_000002cc096fe9b0, L_000002cc096fe910, L_000002cc096fce30, C4<>;
L_000002cc096fcf70 .cmp/eq 3, v000002cc0966fa80_0, L_000002cc0968e580;
L_000002cc096fd790 .cmp/eq 3, v000002cc0966fa80_0, L_000002cc0968e5c8;
L_000002cc096fd510 .cmp/eq 3, v000002cc0966fa80_0, L_000002cc0968e610;
L_000002cc096fd330 .arith/sum 32, v000002cc095f3010_0, L_000002cc0968e658;
L_000002cc096feaf0 .cmp/eq 3, v000002cc0966fa80_0, L_000002cc0968e6a0;
L_000002cc096fec30 .cmp/eq 3, v000002cc0966fa80_0, L_000002cc0968e6e8;
L_000002cc096fd3d0 .arith/sum 32, v000002cc095f3010_0, v000002cc095f2a70_0;
L_000002cc096fd8d0 .functor MUXZ 32, L_000002cc0968e730, L_000002cc096fd3d0, L_000002cc096fec30, C4<>;
L_000002cc096fd970 .functor MUXZ 32, L_000002cc096fd8d0, v000002cc095f2a70_0, L_000002cc096feaf0, C4<>;
L_000002cc096fdab0 .functor MUXZ 32, L_000002cc096fd970, L_000002cc096fd330, L_000002cc096fd510, C4<>;
L_000002cc096fdb50 .functor MUXZ 32, L_000002cc096fdab0, v000002cc096842b0_0, L_000002cc096fd790, C4<>;
L_000002cc096fdbf0 .functor MUXZ 32, L_000002cc096fdb50, v000002cc096716a0_0, L_000002cc096fcf70, C4<>;
L_000002cc096fdc90 .cmp/eq 5, v000002cc096845d0_0, L_000002cc0968e778;
L_000002cc096fde70 .array/port v000002cc09670520, L_000002cc096fdf10;
L_000002cc096fdf10 .concat [ 5 2 0 0], v000002cc096845d0_0, L_000002cc0968e808;
L_000002cc096fe050 .functor MUXZ 32, L_000002cc096fde70, L_000002cc0968e7c0, L_000002cc096fdc90, C4<>;
S_000002cc091fa3b0 .scope module, "U_EXT" "EXT" 6 72, 7 2 0, S_000002cc091fa220;
 .timescale -9 -12;
    .port_info 0 /INPUT 5 "iimm_shamt";
    .port_info 1 /INPUT 12 "iimm";
    .port_info 2 /INPUT 12 "simm";
    .port_info 3 /INPUT 12 "bimm";
    .port_info 4 /INPUT 20 "uimm";
    .port_info 5 /INPUT 20 "jimm";
    .port_info 6 /INPUT 3 "EXTOp";
    .port_info 7 /OUTPUT 32 "immout";
v000002cc095f27f0_0 .net "EXTOp", 2 0, L_000002cc096fe870;  alias, 1 drivers
v000002cc095f1f30_0 .net "bimm", 11 0, L_000002cc09685b10;  alias, 1 drivers
v000002cc095f2b10_0 .net "iimm", 11 0, L_000002cc09684fd0;  alias, 1 drivers
v000002cc095f1ad0_0 .net "iimm_shamt", 4 0, L_000002cc09684c10;  alias, 1 drivers
v000002cc095f2a70_0 .var "immout", 31 0;
v000002cc095f2e30_0 .net "jimm", 19 0, L_000002cc096863d0;  alias, 1 drivers
v000002cc095f2ed0_0 .net "simm", 11 0, L_000002cc096854d0;  alias, 1 drivers
v000002cc095f2250_0 .net "uimm", 19 0, L_000002cc09685d90;  alias, 1 drivers
E_000002cc096023f0/0 .event anyedge, v000002cc095f27f0_0, v000002cc095f1ad0_0, v000002cc095f2b10_0, v000002cc095f2ed0_0;
E_000002cc096023f0/1 .event anyedge, v000002cc095f1f30_0, v000002cc095f2250_0, v000002cc095f2e30_0;
E_000002cc096023f0 .event/or E_000002cc096023f0/0, E_000002cc096023f0/1;
S_000002cc091b6fb0 .scope module, "U_NPC" "NPC_Unit" 6 39, 8 3 0, S_000002cc091fa220;
 .timescale -9 -12;
    .port_info 0 /INPUT 32 "PC";
    .port_info 1 /INPUT 2 "NPCOp";
    .port_info 2 /INPUT 32 "IMM";
    .port_info 3 /INPUT 32 "aluout";
    .port_info 4 /OUTPUT 32 "NPC";
v000002cc095f26b0_0 .net "IMM", 31 0, v000002cc095f2a70_0;  alias, 1 drivers
v000002cc095f1a30_0 .var "NPC", 31 0;
v000002cc095f1b70_0 .net "NPCOp", 1 0, L_000002cc096f8e70;  alias, 1 drivers
v000002cc095f2bb0_0 .net "PC", 31 0, v000002cc095f3010_0;  alias, 1 drivers
v000002cc095f22f0_0 .net "aluout", 31 0, v000002cc096716a0_0;  alias, 1 drivers
E_000002cc09602ff0 .event anyedge, v000002cc095f1b70_0, v000002cc095f2bb0_0, v000002cc095f2a70_0, v000002cc095f22f0_0;
S_000002cc091b7140 .scope module, "U_PC" "PC_Unit" 6 36, 9 1 0, S_000002cc091fa220;
 .timescale -9 -12;
    .port_info 0 /INPUT 1 "clk";
    .port_info 1 /INPUT 1 "rstn";
    .port_info 2 /INPUT 32 "NPC";
    .port_info 3 /INPUT 1 "PCwr";
    .port_info 4 /OUTPUT 32 "PC";
v000002cc095f2f70_0 .net "NPC", 31 0, v000002cc095f1a30_0;  alias, 1 drivers
v000002cc095f3010_0 .var "PC", 31 0;
v000002cc095f2890_0 .net "PCwr", 0 0, L_000002cc0968e1d8;  alias, 1 drivers
v000002cc095f2930_0 .net "clk", 0 0, v000002cc09685cf0_0;  alias, 1 drivers
v000002cc095f2390_0 .net "rstn", 0 0, L_000002cc095ed7c0;  1 drivers
E_000002cc09603670/0 .event negedge, v000002cc095f2390_0;
E_000002cc09603670/1 .event posedge, v000002cc095ef410_0;
E_000002cc09603670 .event/or E_000002cc09603670/0, E_000002cc09603670/1;
S_000002cc091b67d0 .scope module, "U_RF" "RF" 6 58, 10 1 0, S_000002cc091fa220;
 .timescale -9 -12;
    .port_info 0 /INPUT 1 "clk";
    .port_info 1 /INPUT 1 "rstn";
    .port_info 2 /INPUT 1 "RFWr";
    .port_info 3 /INPUT 5 "A1";
    .port_info 4 /INPUT 5 "A2";
    .port_info 5 /INPUT 5 "A3";
    .port_info 6 /INPUT 32 "WD";
    .port_info 7 /OUTPUT 32 "RD1";
    .port_info 8 /OUTPUT 32 "RD2";
v000002cc095f2cf0_0 .net "A1", 4 0, L_000002cc09684ad0;  alias, 1 drivers
v000002cc095f2430_0 .net "A2", 4 0, L_000002cc09685570;  alias, 1 drivers
v000002cc095f1cb0_0 .net "A3", 4 0, L_000002cc09684b70;  alias, 1 drivers
v000002cc095f2c50_0 .net "RD1", 31 0, L_000002cc09688090;  alias, 1 drivers
v000002cc095f2d90_0 .net "RD2", 31 0, L_000002cc09687c30;  alias, 1 drivers
v000002cc095f30b0_0 .net "RFWr", 0 0, L_000002cc096f9110;  alias, 1 drivers
v000002cc095f2750_0 .net "WD", 31 0, L_000002cc096fdbf0;  alias, 1 drivers
v000002cc095f1c10_0 .net *"_ivl_0", 31 0, L_000002cc09688f90;  1 drivers
v000002cc095f1e90_0 .net *"_ivl_10", 6 0, L_000002cc09688630;  1 drivers
L_000002cc0968e2b0 .functor BUFT 1, C4<00>, C4<0>, C4<0>, C4<0>;
v000002cc095f1d50_0 .net *"_ivl_13", 1 0, L_000002cc0968e2b0;  1 drivers
L_000002cc0968e2f8 .functor BUFT 1, C4<00000000000000000000000000000000>, C4<0>, C4<0>, C4<0>;
v000002cc095f1df0_0 .net/2u *"_ivl_14", 31 0, L_000002cc0968e2f8;  1 drivers
v000002cc095f29d0_0 .net *"_ivl_18", 31 0, L_000002cc09687050;  1 drivers
L_000002cc0968e340 .functor BUFT 1, C4<000000000000000000000000000>, C4<0>, C4<0>, C4<0>;
v000002cc095f1fd0_0 .net *"_ivl_21", 26 0, L_000002cc0968e340;  1 drivers
L_000002cc0968e388 .functor BUFT 1, C4<00000000000000000000000000000000>, C4<0>, C4<0>, C4<0>;
v000002cc095f2070_0 .net/2u *"_ivl_22", 31 0, L_000002cc0968e388;  1 drivers
v000002cc095f24d0_0 .net *"_ivl_24", 0 0, L_000002cc09686c90;  1 drivers
v000002cc095f21b0_0 .net *"_ivl_26", 31 0, L_000002cc096870f0;  1 drivers
v000002cc095f2570_0 .net *"_ivl_28", 6 0, L_000002cc096874b0;  1 drivers
L_000002cc0968e220 .functor BUFT 1, C4<000000000000000000000000000>, C4<0>, C4<0>, C4<0>;
v000002cc095f2610_0 .net *"_ivl_3", 26 0, L_000002cc0968e220;  1 drivers
L_000002cc0968e3d0 .functor BUFT 1, C4<00>, C4<0>, C4<0>, C4<0>;
v000002cc096717e0_0 .net *"_ivl_31", 1 0, L_000002cc0968e3d0;  1 drivers
L_000002cc0968e418 .functor BUFT 1, C4<00000000000000000000000000000000>, C4<0>, C4<0>, C4<0>;
v000002cc09670c00_0 .net/2u *"_ivl_32", 31 0, L_000002cc0968e418;  1 drivers
L_000002cc0968e268 .functor BUFT 1, C4<00000000000000000000000000000000>, C4<0>, C4<0>, C4<0>;
v000002cc0966fb20_0 .net/2u *"_ivl_4", 31 0, L_000002cc0968e268;  1 drivers
v000002cc096708e0_0 .net *"_ivl_6", 0 0, L_000002cc09687cd0;  1 drivers
v000002cc0966f940_0 .net *"_ivl_8", 31 0, L_000002cc09689030;  1 drivers
v000002cc09670480_0 .net "clk", 0 0, v000002cc09685cf0_0;  alias, 1 drivers
v000002cc09670ca0_0 .var/i "i", 31 0;
v000002cc09670520 .array "rf", 0 31, 31 0;
v000002cc096707a0_0 .net "rstn", 0 0, L_000002cc095ed440;  1 drivers
E_000002cc09603e30 .event negedge, v000002cc096707a0_0, v000002cc095ef410_0;
L_000002cc09688f90 .concat [ 5 27 0 0], L_000002cc09684ad0, L_000002cc0968e220;
L_000002cc09687cd0 .cmp/ne 32, L_000002cc09688f90, L_000002cc0968e268;
L_000002cc09689030 .array/port v000002cc09670520, L_000002cc09688630;
L_000002cc09688630 .concat [ 5 2 0 0], L_000002cc09684ad0, L_000002cc0968e2b0;
L_000002cc09688090 .functor MUXZ 32, L_000002cc0968e2f8, L_000002cc09689030, L_000002cc09687cd0, C4<>;
L_000002cc09687050 .concat [ 5 27 0 0], L_000002cc09685570, L_000002cc0968e340;
L_000002cc09686c90 .cmp/ne 32, L_000002cc09687050, L_000002cc0968e388;
L_000002cc096870f0 .array/port v000002cc09670520, L_000002cc096874b0;
L_000002cc096874b0 .concat [ 5 2 0 0], L_000002cc09685570, L_000002cc0968e3d0;
L_000002cc09687c30 .functor MUXZ 32, L_000002cc0968e418, L_000002cc096870f0, L_000002cc09686c90, C4<>;
S_000002cc091b6960 .scope module, "U_alu" "alu" 6 118, 11 6 0, S_000002cc091fa220;
 .timescale -9 -12;
    .port_info 0 /INPUT 32 "A";
    .port_info 1 /INPUT 32 "B";
    .port_info 2 /INPUT 5 "ALUOp";
    .port_info 3 /OUTPUT 32 "C";
    .port_info 4 /OUTPUT 1 "Zero";
v000002cc096705c0_0 .net/s "A", 31 0, L_000002cc096fa530;  alias, 1 drivers
v000002cc09671740_0 .net "ALUOp", 4 0, L_000002cc096f95e0;  alias, 1 drivers
v000002cc0966f8a0_0 .net/s "B", 31 0, L_000002cc096feb90;  alias, 1 drivers
v000002cc096716a0_0 .var/s "C", 31 0;
v000002cc09671240_0 .var "Zero", 0 0;
E_000002cc096041f0 .event anyedge, v000002cc09671740_0, v000002cc096705c0_0, v000002cc0966f8a0_0, v000002cc095f22f0_0;
S_000002cc091bd990 .scope module, "u_ctrl" "ctrl" 6 92, 12 2 0, S_000002cc091fa220;
 .timescale -9 -12;
    .port_info 0 /INPUT 7 "Op";
    .port_info 1 /INPUT 7 "Funct7";
    .port_info 2 /INPUT 3 "Funct3";
    .port_info 3 /INPUT 1 "Zero";
    .port_info 4 /OUTPUT 1 "RegWrite";
    .port_info 5 /OUTPUT 1 "MemWrite";
    .port_info 6 /OUTPUT 2 "NPCOp";
    .port_info 7 /OUTPUT 3 "EXTOp";
    .port_info 8 /OUTPUT 1 "ALUSrc";
    .port_info 9 /OUTPUT 5 "ALUOp";
    .port_info 10 /OUTPUT 3 "DMType";
    .port_info 11 /OUTPUT 3 "WDSel";
L_000002cc095ee1d0 .functor NOT 1, L_000002cc09688e50, C4<0>, C4<0>, C4<0>;
L_000002cc095ed6e0 .functor AND 1, L_000002cc095ee1d0, L_000002cc09688ef0, C4<1>, C4<1>;
L_000002cc095eecc0 .functor AND 1, L_000002cc095ed6e0, L_000002cc09688db0, C4<1>, C4<1>;
L_000002cc095ee5c0 .functor NOT 1, L_000002cc096890d0, C4<0>, C4<0>, C4<0>;
L_000002cc095ed4b0 .functor AND 1, L_000002cc095eecc0, L_000002cc095ee5c0, C4<1>, C4<1>;
L_000002cc095edfa0 .functor NOT 1, L_000002cc09687d70, C4<0>, C4<0>, C4<0>;
L_000002cc095eed30 .functor AND 1, L_000002cc095ed4b0, L_000002cc095edfa0, C4<1>, C4<1>;
L_000002cc095ee080 .functor AND 1, L_000002cc095eed30, L_000002cc09689170, C4<1>, C4<1>;
L_000002cc095ee390 .functor AND 1, L_000002cc095ee080, L_000002cc09686a10, C4<1>, C4<1>;
L_000002cc095eeda0 .functor NOT 1, L_000002cc09686ab0, C4<0>, C4<0>, C4<0>;
L_000002cc095ed520 .functor AND 1, L_000002cc095ee390, L_000002cc095eeda0, C4<1>, C4<1>;
L_000002cc095ee6a0 .functor NOT 1, L_000002cc096875f0, C4<0>, C4<0>, C4<0>;
L_000002cc095ed590 .functor AND 1, L_000002cc095ed520, L_000002cc095ee6a0, C4<1>, C4<1>;
L_000002cc095eda60 .functor NOT 1, L_000002cc09686b50, C4<0>, C4<0>, C4<0>;
L_000002cc095ee400 .functor AND 1, L_000002cc095ed590, L_000002cc095eda60, C4<1>, C4<1>;
L_000002cc095ed750 .functor NOT 1, L_000002cc096886d0, C4<0>, C4<0>, C4<0>;
L_000002cc095edd00 .functor AND 1, L_000002cc095ee400, L_000002cc095ed750, C4<1>, C4<1>;
L_000002cc095edb40 .functor NOT 1, L_000002cc09688810, C4<0>, C4<0>, C4<0>;
L_000002cc095edbb0 .functor AND 1, L_000002cc095ee390, L_000002cc095edb40, C4<1>, C4<1>;
L_000002cc095edad0 .functor NOT 1, L_000002cc09688d10, C4<0>, C4<0>, C4<0>;
L_000002cc095edc90 .functor AND 1, L_000002cc095edbb0, L_000002cc095edad0, C4<1>, C4<1>;
L_000002cc095edc20 .functor NOT 1, L_000002cc09687370, C4<0>, C4<0>, C4<0>;
L_000002cc095ee0f0 .functor AND 1, L_000002cc095edc90, L_000002cc095edc20, C4<1>, C4<1>;
L_000002cc095ee160 .functor AND 1, L_000002cc095ee0f0, L_000002cc09687190, C4<1>, C4<1>;
L_000002cc095edd70 .functor NOT 1, L_000002cc09686bf0, C4<0>, C4<0>, C4<0>;
L_000002cc095edde0 .functor AND 1, L_000002cc095ee390, L_000002cc095edd70, C4<1>, C4<1>;
L_000002cc095ede50 .functor NOT 1, L_000002cc09686fb0, C4<0>, C4<0>, C4<0>;
L_000002cc095edec0 .functor AND 1, L_000002cc095edde0, L_000002cc095ede50, C4<1>, C4<1>;
L_000002cc095ee710 .functor AND 1, L_000002cc095edec0, L_000002cc09686d30, C4<1>, C4<1>;
L_000002cc095ee240 .functor NOT 1, L_000002cc09687690, C4<0>, C4<0>, C4<0>;
L_000002cc095ee780 .functor AND 1, L_000002cc095ee390, L_000002cc095ee240, C4<1>, C4<1>;
L_000002cc095ee7f0 .functor AND 1, L_000002cc095ee780, L_000002cc09687a50, C4<1>, C4<1>;
L_000002cc095eee10 .functor NOT 1, L_000002cc09686dd0, C4<0>, C4<0>, C4<0>;
L_000002cc095ef0b0 .functor AND 1, L_000002cc095ee7f0, L_000002cc095eee10, C4<1>, C4<1>;
L_000002cc095eee80 .functor NOT 1, L_000002cc09688450, C4<0>, C4<0>, C4<0>;
L_000002cc095ef040 .functor AND 1, L_000002cc095ee390, L_000002cc095eee80, C4<1>, C4<1>;
L_000002cc095eeef0 .functor AND 1, L_000002cc095ef040, L_000002cc09687730, C4<1>, C4<1>;
L_000002cc095eef60 .functor AND 1, L_000002cc095eeef0, L_000002cc09686e70, C4<1>, C4<1>;
L_000002cc095eefd0 .functor AND 1, L_000002cc095ee390, L_000002cc09687230, C4<1>, C4<1>;
L_000002cc095ef120 .functor NOT 1, L_000002cc09686f10, C4<0>, C4<0>, C4<0>;
L_000002cc09218480 .functor AND 1, L_000002cc095eefd0, L_000002cc095ef120, C4<1>, C4<1>;
L_000002cc091c2d90 .functor NOT 1, L_000002cc096872d0, C4<0>, C4<0>, C4<0>;
L_000002cc096eb750 .functor AND 1, L_000002cc09218480, L_000002cc091c2d90, C4<1>, C4<1>;
L_000002cc096eb3d0 .functor AND 1, L_000002cc095ee390, L_000002cc09688770, C4<1>, C4<1>;
L_000002cc096ea250 .functor NOT 1, L_000002cc09688590, C4<0>, C4<0>, C4<0>;
L_000002cc096ea870 .functor AND 1, L_000002cc096eb3d0, L_000002cc096ea250, C4<1>, C4<1>;
L_000002cc096ea2c0 .functor AND 1, L_000002cc096ea870, L_000002cc096884f0, C4<1>, C4<1>;
L_000002cc096ebd00 .functor NOT 1, L_000002cc09687e10, C4<0>, C4<0>, C4<0>;
L_000002cc096eb600 .functor AND 1, L_000002cc096ea2c0, L_000002cc096ebd00, C4<1>, C4<1>;
L_000002cc096ea3a0 .functor AND 1, L_000002cc095ee390, L_000002cc09687870, C4<1>, C4<1>;
L_000002cc096ea720 .functor NOT 1, L_000002cc09687410, C4<0>, C4<0>, C4<0>;
L_000002cc096ea8e0 .functor AND 1, L_000002cc096ea3a0, L_000002cc096ea720, C4<1>, C4<1>;
L_000002cc096eb050 .functor AND 1, L_000002cc096ea8e0, L_000002cc096881d0, C4<1>, C4<1>;
L_000002cc096ea4f0 .functor AND 1, L_000002cc096eb050, L_000002cc09687550, C4<1>, C4<1>;
L_000002cc096ea560 .functor AND 1, L_000002cc095ee390, L_000002cc09688310, C4<1>, C4<1>;
L_000002cc096ea790 .functor AND 1, L_000002cc096ea560, L_000002cc09687eb0, C4<1>, C4<1>;
L_000002cc096eaf70 .functor NOT 1, L_000002cc096877d0, C4<0>, C4<0>, C4<0>;
L_000002cc096eb590 .functor AND 1, L_000002cc096ea790, L_000002cc096eaf70, C4<1>, C4<1>;
L_000002cc096ebd70 .functor AND 1, L_000002cc095ee390, L_000002cc09687910, C4<1>, C4<1>;
L_000002cc096ea950 .functor AND 1, L_000002cc096ebd70, L_000002cc096879b0, C4<1>, C4<1>;
L_000002cc096ea800 .functor AND 1, L_000002cc096ea950, L_000002cc09687af0, C4<1>, C4<1>;
L_000002cc096eb9f0 .functor NOT 1, L_000002cc09687b90, C4<0>, C4<0>, C4<0>;
L_000002cc096ea640 .functor NOT 1, L_000002cc09687f50, C4<0>, C4<0>, C4<0>;
L_000002cc096eb4b0 .functor AND 1, L_000002cc096eb9f0, L_000002cc096ea640, C4<1>, C4<1>;
L_000002cc096ea9c0 .functor NOT 1, L_000002cc096888b0, C4<0>, C4<0>, C4<0>;
L_000002cc096ea6b0 .functor AND 1, L_000002cc096eb4b0, L_000002cc096ea9c0, C4<1>, C4<1>;
L_000002cc096eaa30 .functor NOT 1, L_000002cc09688950, C4<0>, C4<0>, C4<0>;
L_000002cc096ebc20 .functor AND 1, L_000002cc096ea6b0, L_000002cc096eaa30, C4<1>, C4<1>;
L_000002cc096eb520 .functor NOT 1, L_000002cc09687ff0, C4<0>, C4<0>, C4<0>;
L_000002cc096ebb40 .functor AND 1, L_000002cc096ebc20, L_000002cc096eb520, C4<1>, C4<1>;
L_000002cc096eb910 .functor AND 1, L_000002cc096ebb40, L_000002cc09688130, C4<1>, C4<1>;
L_000002cc096eaaa0 .functor AND 1, L_000002cc096eb910, L_000002cc09688270, C4<1>, C4<1>;
L_000002cc096eb360 .functor NOT 1, L_000002cc096883b0, C4<0>, C4<0>, C4<0>;
L_000002cc096eb8a0 .functor AND 1, L_000002cc096eaaa0, L_000002cc096eb360, C4<1>, C4<1>;
L_000002cc096eba60 .functor NOT 1, L_000002cc096889f0, C4<0>, C4<0>, C4<0>;
L_000002cc096ea330 .functor AND 1, L_000002cc096eb8a0, L_000002cc096eba60, C4<1>, C4<1>;
L_000002cc096eb440 .functor NOT 1, L_000002cc09688a90, C4<0>, C4<0>, C4<0>;
L_000002cc096eab10 .functor AND 1, L_000002cc096ea330, L_000002cc096eb440, C4<1>, C4<1>;
L_000002cc096eab80 .functor NOT 1, L_000002cc09688b30, C4<0>, C4<0>, C4<0>;
L_000002cc096eb0c0 .functor AND 1, L_000002cc096eaaa0, L_000002cc096eab80, C4<1>, C4<1>;
L_000002cc096ebad0 .functor NOT 1, L_000002cc09688bd0, C4<0>, C4<0>, C4<0>;
L_000002cc096ebbb0 .functor AND 1, L_000002cc096eb0c0, L_000002cc096ebad0, C4<1>, C4<1>;
L_000002cc096eb210 .functor AND 1, L_000002cc096ebbb0, L_000002cc09688c70, C4<1>, C4<1>;
L_000002cc096eb670 .functor NOT 1, L_000002cc09689490, C4<0>, C4<0>, C4<0>;
L_000002cc096eabf0 .functor AND 1, L_000002cc096eaaa0, L_000002cc096eb670, C4<1>, C4<1>;
L_000002cc096ebc90 .functor AND 1, L_000002cc096eabf0, L_000002cc09689210, C4<1>, C4<1>;
L_000002cc096eb6e0 .functor NOT 1, L_000002cc096892b0, C4<0>, C4<0>, C4<0>;
L_000002cc096eafe0 .functor AND 1, L_000002cc096ebc90, L_000002cc096eb6e0, C4<1>, C4<1>;
L_000002cc096ebde0 .functor AND 1, L_000002cc096eaaa0, L_000002cc0968b830, C4<1>, C4<1>;
L_000002cc096eb130 .functor NOT 1, L_000002cc0968b3d0, C4<0>, C4<0>, C4<0>;
L_000002cc096ea410 .functor AND 1, L_000002cc096ebde0, L_000002cc096eb130, C4<1>, C4<1>;
L_000002cc096eac60 .functor NOT 1, L_000002cc096898f0, C4<0>, C4<0>, C4<0>;
L_000002cc096ea480 .functor AND 1, L_000002cc096ea410, L_000002cc096eac60, C4<1>, C4<1>;
L_000002cc096eadb0 .functor AND 1, L_000002cc096eaaa0, L_000002cc0968a610, C4<1>, C4<1>;
L_000002cc096eacd0 .functor NOT 1, L_000002cc0968a070, C4<0>, C4<0>, C4<0>;
L_000002cc096eb7c0 .functor AND 1, L_000002cc096eadb0, L_000002cc096eacd0, C4<1>, C4<1>;
L_000002cc096ea5d0 .functor AND 1, L_000002cc096eb7c0, L_000002cc0968a430, C4<1>, C4<1>;
L_000002cc096eb1a0 .functor NOT 1, L_000002cc09689530, C4<0>, C4<0>, C4<0>;
L_000002cc096eb280 .functor NOT 1, L_000002cc09689d50, C4<0>, C4<0>, C4<0>;
L_000002cc096ead40 .functor AND 1, L_000002cc096eb1a0, L_000002cc096eb280, C4<1>, C4<1>;
L_000002cc096eae20 .functor AND 1, L_000002cc096ead40, L_000002cc09689850, C4<1>, C4<1>;
L_000002cc096eae90 .functor NOT 1, L_000002cc0968b510, C4<0>, C4<0>, C4<0>;
L_000002cc096eb2f0 .functor AND 1, L_000002cc096eae20, L_000002cc096eae90, C4<1>, C4<1>;
L_000002cc096eaf00 .functor NOT 1, L_000002cc0968a110, C4<0>, C4<0>, C4<0>;
L_000002cc096eb830 .functor AND 1, L_000002cc096eb2f0, L_000002cc096eaf00, C4<1>, C4<1>;
L_000002cc096eb980 .functor AND 1, L_000002cc096eb830, L_000002cc09689a30, C4<1>, C4<1>;
L_000002cc096ec080 .functor AND 1, L_000002cc096eb980, L_000002cc0968aa70, C4<1>, C4<1>;
L_000002cc096ebe50 .functor NOT 1, L_000002cc09689cb0, C4<0>, C4<0>, C4<0>;
L_000002cc096ec0f0 .functor AND 1, L_000002cc096ec080, L_000002cc096ebe50, C4<1>, C4<1>;
L_000002cc096ec160 .functor NOT 1, L_000002cc09689e90, C4<0>, C4<0>, C4<0>;
L_000002cc096ec010 .functor AND 1, L_000002cc096ec0f0, L_000002cc096ec160, C4<1>, C4<1>;
L_000002cc096ebec0 .functor NOT 1, L_000002cc096895d0, C4<0>, C4<0>, C4<0>;
L_000002cc096ebf30 .functor AND 1, L_000002cc096ec010, L_000002cc096ebec0, C4<1>, C4<1>;
L_000002cc096ebfa0 .functor AND 1, L_000002cc096ec080, L_000002cc0968b470, C4<1>, C4<1>;
L_000002cc096ee7b0 .functor NOT 1, L_000002cc09689df0, C4<0>, C4<0>, C4<0>;
L_000002cc096ed470 .functor AND 1, L_000002cc096ebfa0, L_000002cc096ee7b0, C4<1>, C4<1>;
L_000002cc096ed400 .functor NOT 1, L_000002cc0968aed0, C4<0>, C4<0>, C4<0>;
L_000002cc096ee190 .functor AND 1, L_000002cc096ed470, L_000002cc096ed400, C4<1>, C4<1>;
L_000002cc096ee740 .functor AND 1, L_000002cc096ec080, L_000002cc09689f30, C4<1>, C4<1>;
L_000002cc096edef0 .functor AND 1, L_000002cc096ee740, L_000002cc0968b1f0, C4<1>, C4<1>;
L_000002cc096ee350 .functor NOT 1, L_000002cc0968a4d0, C4<0>, C4<0>, C4<0>;
L_000002cc096ee4a0 .functor AND 1, L_000002cc096edef0, L_000002cc096ee350, C4<1>, C4<1>;
L_000002cc096eda90 .functor AND 1, L_000002cc096ec080, L_000002cc0968b5b0, C4<1>, C4<1>;
L_000002cc096ed9b0 .functor AND 1, L_000002cc096eda90, L_000002cc0968b790, C4<1>, C4<1>;
L_000002cc096ed240 .functor AND 1, L_000002cc096ed9b0, L_000002cc096897b0, C4<1>, C4<1>;
L_000002cc096eda20 .functor NOT 1, L_000002cc0968a9d0, C4<0>, C4<0>, C4<0>;
L_000002cc096ed080 .functor AND 1, L_000002cc096ec080, L_000002cc096eda20, C4<1>, C4<1>;
L_000002cc096ed8d0 .functor AND 1, L_000002cc096ed080, L_000002cc09689fd0, C4<1>, C4<1>;
L_000002cc096ed940 .functor NOT 1, L_000002cc0968a890, C4<0>, C4<0>, C4<0>;
L_000002cc096ecc20 .functor AND 1, L_000002cc096ed8d0, L_000002cc096ed940, C4<1>, C4<1>;
L_000002cc096edfd0 .functor NOT 1, L_000002cc0968a750, C4<0>, C4<0>, C4<0>;
L_000002cc096edbe0 .functor AND 1, L_000002cc096ec080, L_000002cc096edfd0, C4<1>, C4<1>;
L_000002cc096ee510 .functor AND 1, L_000002cc096edbe0, L_000002cc0968b6f0, C4<1>, C4<1>;
L_000002cc096ee6d0 .functor AND 1, L_000002cc096ee510, L_000002cc09689350, C4<1>, C4<1>;
L_000002cc096ee120 .functor NOT 1, L_000002cc0968b650, C4<0>, C4<0>, C4<0>;
L_000002cc096ecc90 .functor AND 1, L_000002cc096ec080, L_000002cc096ee120, C4<1>, C4<1>;
L_000002cc096ed4e0 .functor NOT 1, L_000002cc0968b290, C4<0>, C4<0>, C4<0>;
L_000002cc096ed160 .functor AND 1, L_000002cc096ecc90, L_000002cc096ed4e0, C4<1>, C4<1>;
L_000002cc096ecd00 .functor AND 1, L_000002cc096ed160, L_000002cc0968ac50, C4<1>, C4<1>;
L_000002cc096ecd70 .functor AND 1, L_000002cc096ec080, L_000002cc0968a6b0, C4<1>, C4<1>;
L_000002cc096ed550 .functor NOT 1, L_000002cc09689670, C4<0>, C4<0>, C4<0>;
L_000002cc096ee200 .functor AND 1, L_000002cc096ecd70, L_000002cc096ed550, C4<1>, C4<1>;
L_000002cc096ed6a0 .functor AND 1, L_000002cc096ee200, L_000002cc0968abb0, C4<1>, C4<1>;
L_000002cc096ee270 .functor NOT 1, L_000002cc0968b8d0, C4<0>, C4<0>, C4<0>;
L_000002cc096ecde0 .functor AND 1, L_000002cc096ed6a0, L_000002cc096ee270, C4<1>, C4<1>;
L_000002cc096ee580 .functor AND 1, L_000002cc096ec080, L_000002cc096893f0, C4<1>, C4<1>;
L_000002cc096ee5f0 .functor NOT 1, L_000002cc0968b970, C4<0>, C4<0>, C4<0>;
L_000002cc096ee040 .functor AND 1, L_000002cc096ee580, L_000002cc096ee5f0, C4<1>, C4<1>;
L_000002cc096ee660 .functor AND 1, L_000002cc096ee040, L_000002cc0968a1b0, C4<1>, C4<1>;
L_000002cc096ede80 .functor AND 1, L_000002cc096ee660, L_000002cc09689990, C4<1>, C4<1>;
L_000002cc096ece50 .functor OR 1, L_000002cc096ecd00, L_000002cc096ecde0, C4<0>, C4<0>;
L_000002cc096ee430 .functor OR 1, L_000002cc096ece50, L_000002cc096ede80, C4<0>, C4<0>;
L_000002cc096ee0b0 .functor AND 1, L_000002cc0968acf0, L_000002cc0968b330, C4<1>, C4<1>;
L_000002cc096edda0 .functor NOT 1, L_000002cc09689710, C4<0>, C4<0>, C4<0>;
L_000002cc096edb00 .functor AND 1, L_000002cc096ee0b0, L_000002cc096edda0, C4<1>, C4<1>;
L_000002cc096ed780 .functor NOT 1, L_000002cc0968ab10, C4<0>, C4<0>, C4<0>;
L_000002cc096ee2e0 .functor AND 1, L_000002cc096edb00, L_000002cc096ed780, C4<1>, C4<1>;
L_000002cc096edb70 .functor AND 1, L_000002cc096ee2e0, L_000002cc09689ad0, C4<1>, C4<1>;
L_000002cc096edc50 .functor AND 1, L_000002cc096edb70, L_000002cc09689b70, C4<1>, C4<1>;
L_000002cc096ecec0 .functor AND 1, L_000002cc096edc50, L_000002cc09689c10, C4<1>, C4<1>;
L_000002cc096ee3c0 .functor NOT 1, L_000002cc0968a250, C4<0>, C4<0>, C4<0>;
L_000002cc096ede10 .functor AND 1, L_000002cc096ee3c0, L_000002cc0968a2f0, C4<1>, C4<1>;
L_000002cc096ecf30 .functor NOT 1, L_000002cc0968ad90, C4<0>, C4<0>, C4<0>;
L_000002cc096ed2b0 .functor AND 1, L_000002cc096ede10, L_000002cc096ecf30, C4<1>, C4<1>;
L_000002cc096ecfa0 .functor NOT 1, L_000002cc0968ae30, C4<0>, C4<0>, C4<0>;
L_000002cc096ed010 .functor AND 1, L_000002cc096ed2b0, L_000002cc096ecfa0, C4<1>, C4<1>;
L_000002cc096ed0f0 .functor NOT 1, L_000002cc0968a390, C4<0>, C4<0>, C4<0>;
L_000002cc096edcc0 .functor AND 1, L_000002cc096ed010, L_000002cc096ed0f0, C4<1>, C4<1>;
L_000002cc096ed1d0 .functor AND 1, L_000002cc096edcc0, L_000002cc0968a930, C4<1>, C4<1>;
L_000002cc096ed390 .functor AND 1, L_000002cc096ed1d0, L_000002cc0968a570, C4<1>, C4<1>;
L_000002cc096ed5c0 .functor NOT 1, L_000002cc0968a7f0, C4<0>, C4<0>, C4<0>;
L_000002cc096ed320 .functor AND 1, L_000002cc096ed390, L_000002cc096ed5c0, C4<1>, C4<1>;
L_000002cc096edf60 .functor NOT 1, L_000002cc0968af70, C4<0>, C4<0>, C4<0>;
L_000002cc096ed630 .functor AND 1, L_000002cc096ed320, L_000002cc096edf60, C4<1>, C4<1>;
L_000002cc096ed710 .functor NOT 1, L_000002cc0968b010, C4<0>, C4<0>, C4<0>;
L_000002cc096edd30 .functor AND 1, L_000002cc096ed630, L_000002cc096ed710, C4<1>, C4<1>;
L_000002cc096ed7f0 .functor NOT 1, L_000002cc0968b0b0, C4<0>, C4<0>, C4<0>;
L_000002cc096ed860 .functor AND 1, L_000002cc096ed390, L_000002cc096ed7f0, C4<1>, C4<1>;
L_000002cc096eea50 .functor NOT 1, L_000002cc0968b150, C4<0>, C4<0>, C4<0>;
L_000002cc096eeb30 .functor AND 1, L_000002cc096ed860, L_000002cc096eea50, C4<1>, C4<1>;
L_000002cc096eeac0 .functor AND 1, L_000002cc096eeb30, L_000002cc0968bab0, C4<1>, C4<1>;
L_000002cc096ee890 .functor NOT 1, L_000002cc0968bc90, C4<0>, C4<0>, C4<0>;
L_000002cc096ee820 .functor AND 1, L_000002cc096ed390, L_000002cc096ee890, C4<1>, C4<1>;
L_000002cc096ee900 .functor AND 1, L_000002cc096ee820, L_000002cc0968c0f0, C4<1>, C4<1>;
L_000002cc096ee9e0 .functor NOT 1, L_000002cc0968c050, C4<0>, C4<0>, C4<0>;
L_000002cc096ee970 .functor AND 1, L_000002cc096ee900, L_000002cc096ee9e0, C4<1>, C4<1>;
L_000002cc096f9810 .functor AND 1, L_000002cc0968ba10, L_000002cc0968bb50, C4<1>, C4<1>;
L_000002cc096f8a10 .functor NOT 1, L_000002cc0968bfb0, C4<0>, C4<0>, C4<0>;
L_000002cc096f9030 .functor AND 1, L_000002cc096f9810, L_000002cc096f8a10, C4<1>, C4<1>;
L_000002cc096f8540 .functor NOT 1, L_000002cc0968bbf0, C4<0>, C4<0>, C4<0>;
L_000002cc096f9730 .functor AND 1, L_000002cc096f9030, L_000002cc096f8540, C4<1>, C4<1>;
L_000002cc096f8770 .functor NOT 1, L_000002cc0968be70, C4<0>, C4<0>, C4<0>;
L_000002cc096f9420 .functor AND 1, L_000002cc096f9730, L_000002cc096f8770, C4<1>, C4<1>;
L_000002cc096f85b0 .functor AND 1, L_000002cc096f9420, L_000002cc0968bd30, C4<1>, C4<1>;
L_000002cc096f87e0 .functor AND 1, L_000002cc096f85b0, L_000002cc0968bf10, C4<1>, C4<1>;
L_000002cc096f8e00 .functor NOT 1, L_000002cc0968bdd0, C4<0>, C4<0>, C4<0>;
L_000002cc096f8620 .functor AND 1, L_000002cc096f87e0, L_000002cc096f8e00, C4<1>, C4<1>;
L_000002cc096f8ee0 .functor NOT 1, L_000002cc096fd150, C4<0>, C4<0>, C4<0>;
L_000002cc096f9b20 .functor AND 1, L_000002cc096f8620, L_000002cc096f8ee0, C4<1>, C4<1>;
L_000002cc096f9c70 .functor NOT 1, L_000002cc096fc9d0, C4<0>, C4<0>, C4<0>;
L_000002cc096f8cb0 .functor AND 1, L_000002cc096f9b20, L_000002cc096f9c70, C4<1>, C4<1>;
L_000002cc096f9880 .functor NOT 1, L_000002cc096fea50, C4<0>, C4<0>, C4<0>;
L_000002cc096f98f0 .functor AND 1, L_000002cc096f87e0, L_000002cc096f9880, C4<1>, C4<1>;
L_000002cc096f8850 .functor NOT 1, L_000002cc096fe690, C4<0>, C4<0>, C4<0>;
L_000002cc096f9d50 .functor AND 1, L_000002cc096f98f0, L_000002cc096f8850, C4<1>, C4<1>;
L_000002cc096f9650 .functor AND 1, L_000002cc096f9d50, L_000002cc096fcbb0, C4<1>, C4<1>;
L_000002cc096f8d90 .functor AND 1, L_000002cc096f87e0, L_000002cc096fd010, C4<1>, C4<1>;
L_000002cc096f9dc0 .functor NOT 1, L_000002cc096fe410, C4<0>, C4<0>, C4<0>;
L_000002cc096f8930 .functor AND 1, L_000002cc096f8d90, L_000002cc096f9dc0, C4<1>, C4<1>;
L_000002cc096f9490 .functor NOT 1, L_000002cc096fdd30, C4<0>, C4<0>, C4<0>;
L_000002cc096f99d0 .functor AND 1, L_000002cc096f8930, L_000002cc096f9490, C4<1>, C4<1>;
L_000002cc096f9b90 .functor AND 1, L_000002cc096f87e0, L_000002cc096fca70, C4<1>, C4<1>;
L_000002cc096f9180 .functor NOT 1, L_000002cc096fcb10, C4<0>, C4<0>, C4<0>;
L_000002cc096f8f50 .functor AND 1, L_000002cc096f9b90, L_000002cc096f9180, C4<1>, C4<1>;
L_000002cc096f9960 .functor AND 1, L_000002cc096f8f50, L_000002cc096fd290, C4<1>, C4<1>;
L_000002cc096f9260 .functor AND 1, L_000002cc096f87e0, L_000002cc096fd0b0, C4<1>, C4<1>;
L_000002cc096f9500 .functor AND 1, L_000002cc096f9260, L_000002cc096feeb0, C4<1>, C4<1>;
L_000002cc096f90a0 .functor NOT 1, L_000002cc096fd470, C4<0>, C4<0>, C4<0>;
L_000002cc096f88c0 .functor AND 1, L_000002cc096f9500, L_000002cc096f90a0, C4<1>, C4<1>;
L_000002cc096f96c0 .functor AND 1, L_000002cc096f87e0, L_000002cc096fe550, C4<1>, C4<1>;
L_000002cc096f8a80 .functor AND 1, L_000002cc096f96c0, L_000002cc096fe2d0, C4<1>, C4<1>;
L_000002cc096f9e30 .functor AND 1, L_000002cc096f8a80, L_000002cc096fcc50, C4<1>, C4<1>;
L_000002cc096f83f0 .functor AND 1, L_000002cc096fccf0, L_000002cc096fe4b0, C4<1>, C4<1>;
L_000002cc096f9ea0 .functor NOT 1, L_000002cc096fddd0, C4<0>, C4<0>, C4<0>;
L_000002cc096f97a0 .functor AND 1, L_000002cc096f83f0, L_000002cc096f9ea0, C4<1>, C4<1>;
L_000002cc096f84d0 .functor AND 1, L_000002cc096f97a0, L_000002cc096fd830, C4<1>, C4<1>;
L_000002cc096f9a40 .functor AND 1, L_000002cc096f84d0, L_000002cc096fd5b0, C4<1>, C4<1>;
L_000002cc096f9ab0 .functor AND 1, L_000002cc096f9a40, L_000002cc096fed70, C4<1>, C4<1>;
L_000002cc096f89a0 .functor AND 1, L_000002cc096f9ab0, L_000002cc096fda10, C4<1>, C4<1>;
L_000002cc096f9c00 .functor BUFZ 1, L_000002cc096f89a0, C4<0>, C4<0>, C4<0>;
L_000002cc096f9340 .functor NOT 1, L_000002cc096feff0, C4<0>, C4<0>, C4<0>;
L_000002cc096f8af0 .functor AND 1, L_000002cc096f9340, L_000002cc096fecd0, C4<1>, C4<1>;
L_000002cc096f8bd0 .functor NOT 1, L_000002cc096fee10, C4<0>, C4<0>, C4<0>;
L_000002cc096f9f10 .functor AND 1, L_000002cc096f8af0, L_000002cc096f8bd0, C4<1>, C4<1>;
L_000002cc096f8380 .functor AND 1, L_000002cc096f9f10, L_000002cc096fef50, C4<1>, C4<1>;
L_000002cc096f9ce0 .functor AND 1, L_000002cc096f8380, L_000002cc096fdfb0, C4<1>, C4<1>;
L_000002cc096f8460 .functor AND 1, L_000002cc096f9ce0, L_000002cc096fe5f0, C4<1>, C4<1>;
L_000002cc096f91f0 .functor AND 1, L_000002cc096f8460, L_000002cc096fcd90, C4<1>, C4<1>;
L_000002cc096f8fc0 .functor NOT 1, L_000002cc096fe370, C4<0>, C4<0>, C4<0>;
L_000002cc096f8690 .functor AND 1, L_000002cc096f8460, L_000002cc096f8fc0, C4<1>, C4<1>;
L_000002cc096f8b60 .functor OR 1, L_000002cc095ee390, L_000002cc096ec080, C4<0>, C4<0>;
L_000002cc096f92d0 .functor OR 1, L_000002cc096f8b60, L_000002cc096eaaa0, C4<0>, C4<0>;
L_000002cc096f8700 .functor OR 1, L_000002cc096f92d0, L_000002cc096f9c00, C4<0>, C4<0>;
L_000002cc096f8c40 .functor OR 1, L_000002cc096f8700, L_000002cc096ecec0, C4<0>, C4<0>;
L_000002cc096f8d20 .functor OR 1, L_000002cc096f8c40, L_000002cc096f91f0, C4<0>, C4<0>;
L_000002cc096f9110 .functor OR 1, L_000002cc096f8d20, L_000002cc096f8690, C4<0>, C4<0>;
L_000002cc096f93b0 .functor BUFZ 1, L_000002cc096ed390, C4<0>, C4<0>, C4<0>;
L_000002cc096f8e70 .functor BUFZ 2, v000002cc09670ac0_0, C4<00>, C4<00>, C4<00>;
L_000002cc096f95e0 .functor BUFZ 5, v000002cc09670200_0, C4<00000>, C4<00000>, C4<00000>;
L_000002cc096fb5d0 .functor BUFZ 3, v000002cc09670840_0, C4<000>, C4<000>, C4<000>;
v000002cc0966f9e0_0 .net "ALUOp", 4 0, L_000002cc096f95e0;  alias, 1 drivers
v000002cc09670200_0 .var "ALUOp_reg", 4 0;
v000002cc0966f440_0 .net "ALUSrc", 0 0, v000002cc09671060_0;  alias, 1 drivers
v000002cc09671060_0 .var "ALUSrc_reg", 0 0;
v000002cc09670de0_0 .net "DMType", 2 0, L_000002cc096fb5d0;  alias, 1 drivers
v000002cc09670840_0 .var "DMType_reg", 2 0;
v000002cc096711a0_0 .net "EXTOp", 2 0, L_000002cc096fe870;  alias, 1 drivers
v000002cc0966fc60_0 .var "EXTOp_reg", 1 0;
v000002cc09671880_0 .net "Funct3", 2 0, L_000002cc09684a30;  alias, 1 drivers
v000002cc09670160_0 .net "Funct7", 6 0, L_000002cc09685ed0;  alias, 1 drivers
v000002cc09670660_0 .net "MemWrite", 0 0, L_000002cc096f93b0;  alias, 1 drivers
v000002cc09670700_0 .net "NPCOp", 1 0, L_000002cc096f8e70;  alias, 1 drivers
v000002cc09670ac0_0 .var "NPCOp_reg", 1 0;
v000002cc09671920_0 .net "Op", 6 0, L_000002cc09684710;  alias, 1 drivers
v000002cc09671100_0 .net "RegWrite", 0 0, L_000002cc096f9110;  alias, 1 drivers
v000002cc09671560_0 .net "WDSel", 2 0, v000002cc0966fa80_0;  alias, 1 drivers
v000002cc0966fa80_0 .var "WDSel_reg", 2 0;
v000002cc09670980_0 .net "Zero", 0 0, v000002cc09671240_0;  alias, 1 drivers
v000002cc0966f1c0_0 .net *"_ivl_1", 0 0, L_000002cc09688e50;  1 drivers
v000002cc09670a20_0 .net *"_ivl_10", 0 0, L_000002cc095eecc0;  1 drivers
v000002cc0966f260_0 .net *"_ivl_101", 0 0, L_000002cc09687a50;  1 drivers
v000002cc09670d40_0 .net *"_ivl_102", 0 0, L_000002cc095ee7f0;  1 drivers
v000002cc0966fd00_0 .net *"_ivl_105", 0 0, L_000002cc09686dd0;  1 drivers
v000002cc09670b60_0 .net *"_ivl_106", 0 0, L_000002cc095eee10;  1 drivers
v000002cc096712e0_0 .net *"_ivl_111", 0 0, L_000002cc09688450;  1 drivers
v000002cc09671600_0 .net *"_ivl_112", 0 0, L_000002cc095eee80;  1 drivers
v000002cc0966fbc0_0 .net *"_ivl_114", 0 0, L_000002cc095ef040;  1 drivers
v000002cc09670e80_0 .net *"_ivl_117", 0 0, L_000002cc09687730;  1 drivers
v000002cc09670f20_0 .net *"_ivl_118", 0 0, L_000002cc095eeef0;  1 drivers
v000002cc0966f300_0 .net *"_ivl_121", 0 0, L_000002cc09686e70;  1 drivers
v000002cc09670fc0_0 .net *"_ivl_125", 0 0, L_000002cc09687230;  1 drivers
v000002cc09671380_0 .net *"_ivl_126", 0 0, L_000002cc095eefd0;  1 drivers
v000002cc09671420_0 .net *"_ivl_129", 0 0, L_000002cc09686f10;  1 drivers
v000002cc096714c0_0 .net *"_ivl_13", 0 0, L_000002cc096890d0;  1 drivers
v000002cc0966f3a0_0 .net *"_ivl_130", 0 0, L_000002cc095ef120;  1 drivers
v000002cc0966f4e0_0 .net *"_ivl_132", 0 0, L_000002cc09218480;  1 drivers
v000002cc0966f580_0 .net *"_ivl_135", 0 0, L_000002cc096872d0;  1 drivers
v000002cc0966fee0_0 .net *"_ivl_136", 0 0, L_000002cc091c2d90;  1 drivers
v000002cc0966f620_0 .net *"_ivl_14", 0 0, L_000002cc095ee5c0;  1 drivers
v000002cc0966fda0_0 .net *"_ivl_141", 0 0, L_000002cc09688770;  1 drivers
v000002cc0966f760_0 .net *"_ivl_142", 0 0, L_000002cc096eb3d0;  1 drivers
v000002cc0966fe40_0 .net *"_ivl_145", 0 0, L_000002cc09688590;  1 drivers
v000002cc0966f6c0_0 .net *"_ivl_146", 0 0, L_000002cc096ea250;  1 drivers
v000002cc0966f800_0 .net *"_ivl_148", 0 0, L_000002cc096ea870;  1 drivers
v000002cc096702a0_0 .net *"_ivl_151", 0 0, L_000002cc096884f0;  1 drivers
v000002cc09670020_0 .net *"_ivl_152", 0 0, L_000002cc096ea2c0;  1 drivers
v000002cc0966ff80_0 .net *"_ivl_155", 0 0, L_000002cc09687e10;  1 drivers
v000002cc096700c0_0 .net *"_ivl_156", 0 0, L_000002cc096ebd00;  1 drivers
v000002cc09670340_0 .net *"_ivl_16", 0 0, L_000002cc095ed4b0;  1 drivers
v000002cc096703e0_0 .net *"_ivl_161", 0 0, L_000002cc09687870;  1 drivers
v000002cc096719c0_0 .net *"_ivl_162", 0 0, L_000002cc096ea3a0;  1 drivers
v000002cc09671ba0_0 .net *"_ivl_165", 0 0, L_000002cc09687410;  1 drivers
v000002cc09672500_0 .net *"_ivl_166", 0 0, L_000002cc096ea720;  1 drivers
v000002cc096720a0_0 .net *"_ivl_168", 0 0, L_000002cc096ea8e0;  1 drivers
v000002cc09671f60_0 .net *"_ivl_171", 0 0, L_000002cc096881d0;  1 drivers
v000002cc09672fa0_0 .net *"_ivl_172", 0 0, L_000002cc096eb050;  1 drivers
v000002cc09672820_0 .net *"_ivl_175", 0 0, L_000002cc09687550;  1 drivers
v000002cc09671b00_0 .net *"_ivl_179", 0 0, L_000002cc09688310;  1 drivers
v000002cc09673040_0 .net *"_ivl_180", 0 0, L_000002cc096ea560;  1 drivers
v000002cc09672e60_0 .net *"_ivl_183", 0 0, L_000002cc09687eb0;  1 drivers
v000002cc09672000_0 .net *"_ivl_184", 0 0, L_000002cc096ea790;  1 drivers
v000002cc09672780_0 .net *"_ivl_187", 0 0, L_000002cc096877d0;  1 drivers
v000002cc096728c0_0 .net *"_ivl_188", 0 0, L_000002cc096eaf70;  1 drivers
v000002cc09672320_0 .net *"_ivl_19", 0 0, L_000002cc09687d70;  1 drivers
v000002cc09672140_0 .net *"_ivl_193", 0 0, L_000002cc09687910;  1 drivers
v000002cc09672f00_0 .net *"_ivl_194", 0 0, L_000002cc096ebd70;  1 drivers
v000002cc09671e20_0 .net *"_ivl_197", 0 0, L_000002cc096879b0;  1 drivers
v000002cc09672960_0 .net *"_ivl_198", 0 0, L_000002cc096ea950;  1 drivers
v000002cc096725a0_0 .net *"_ivl_2", 0 0, L_000002cc095ee1d0;  1 drivers
v000002cc09672a00_0 .net *"_ivl_20", 0 0, L_000002cc095edfa0;  1 drivers
v000002cc096726e0_0 .net *"_ivl_201", 0 0, L_000002cc09687af0;  1 drivers
v000002cc09671a60_0 .net *"_ivl_205", 0 0, L_000002cc09687b90;  1 drivers
v000002cc096723c0_0 .net *"_ivl_206", 0 0, L_000002cc096eb9f0;  1 drivers
v000002cc09671ec0_0 .net *"_ivl_209", 0 0, L_000002cc09687f50;  1 drivers
v000002cc09672aa0_0 .net *"_ivl_210", 0 0, L_000002cc096ea640;  1 drivers
v000002cc09672b40_0 .net *"_ivl_212", 0 0, L_000002cc096eb4b0;  1 drivers
v000002cc09672be0_0 .net *"_ivl_215", 0 0, L_000002cc096888b0;  1 drivers
v000002cc09672c80_0 .net *"_ivl_216", 0 0, L_000002cc096ea9c0;  1 drivers
v000002cc09672d20_0 .net *"_ivl_218", 0 0, L_000002cc096ea6b0;  1 drivers
v000002cc09671c40_0 .net *"_ivl_22", 0 0, L_000002cc095eed30;  1 drivers
v000002cc09671ce0_0 .net *"_ivl_221", 0 0, L_000002cc09688950;  1 drivers
v000002cc09671d80_0 .net *"_ivl_222", 0 0, L_000002cc096eaa30;  1 drivers
v000002cc09672dc0_0 .net *"_ivl_224", 0 0, L_000002cc096ebc20;  1 drivers
v000002cc09672640_0 .net *"_ivl_227", 0 0, L_000002cc09687ff0;  1 drivers
v000002cc096721e0_0 .net *"_ivl_228", 0 0, L_000002cc096eb520;  1 drivers
v000002cc09672280_0 .net *"_ivl_230", 0 0, L_000002cc096ebb40;  1 drivers
v000002cc09672460_0 .net *"_ivl_233", 0 0, L_000002cc09688130;  1 drivers
v000002cc096739f0_0 .net *"_ivl_234", 0 0, L_000002cc096eb910;  1 drivers
v000002cc096756b0_0 .net *"_ivl_237", 0 0, L_000002cc09688270;  1 drivers
v000002cc09673270_0 .net *"_ivl_241", 0 0, L_000002cc096883b0;  1 drivers
v000002cc09674b70_0 .net *"_ivl_242", 0 0, L_000002cc096eb360;  1 drivers
v000002cc09673310_0 .net *"_ivl_244", 0 0, L_000002cc096eb8a0;  1 drivers
v000002cc09674c10_0 .net *"_ivl_247", 0 0, L_000002cc096889f0;  1 drivers
v000002cc09675430_0 .net *"_ivl_248", 0 0, L_000002cc096eba60;  1 drivers
v000002cc09674170_0 .net *"_ivl_25", 0 0, L_000002cc09689170;  1 drivers
v000002cc096745d0_0 .net *"_ivl_250", 0 0, L_000002cc096ea330;  1 drivers
v000002cc09674fd0_0 .net *"_ivl_253", 0 0, L_000002cc09688a90;  1 drivers
v000002cc09675750_0 .net *"_ivl_254", 0 0, L_000002cc096eb440;  1 drivers
v000002cc09673a90_0 .net *"_ivl_259", 0 0, L_000002cc09688b30;  1 drivers
v000002cc09673450_0 .net *"_ivl_26", 0 0, L_000002cc095ee080;  1 drivers
v000002cc096738b0_0 .net *"_ivl_260", 0 0, L_000002cc096eab80;  1 drivers
v000002cc09674710_0 .net *"_ivl_262", 0 0, L_000002cc096eb0c0;  1 drivers
v000002cc09673630_0 .net *"_ivl_265", 0 0, L_000002cc09688bd0;  1 drivers
v000002cc09674a30_0 .net *"_ivl_266", 0 0, L_000002cc096ebad0;  1 drivers
v000002cc096757f0_0 .net *"_ivl_268", 0 0, L_000002cc096ebbb0;  1 drivers
v000002cc096754d0_0 .net *"_ivl_271", 0 0, L_000002cc09688c70;  1 drivers
v000002cc09674cb0_0 .net *"_ivl_275", 0 0, L_000002cc09689490;  1 drivers
v000002cc09674d50_0 .net *"_ivl_276", 0 0, L_000002cc096eb670;  1 drivers
v000002cc096747b0_0 .net *"_ivl_278", 0 0, L_000002cc096eabf0;  1 drivers
v000002cc09674850_0 .net *"_ivl_281", 0 0, L_000002cc09689210;  1 drivers
v000002cc09674210_0 .net *"_ivl_282", 0 0, L_000002cc096ebc90;  1 drivers
v000002cc09673b30_0 .net *"_ivl_285", 0 0, L_000002cc096892b0;  1 drivers
v000002cc09674e90_0 .net *"_ivl_286", 0 0, L_000002cc096eb6e0;  1 drivers
v000002cc09675890_0 .net *"_ivl_29", 0 0, L_000002cc09686a10;  1 drivers
v000002cc09673bd0_0 .net *"_ivl_291", 0 0, L_000002cc0968b830;  1 drivers
v000002cc096733b0_0 .net *"_ivl_292", 0 0, L_000002cc096ebde0;  1 drivers
v000002cc096748f0_0 .net *"_ivl_295", 0 0, L_000002cc0968b3d0;  1 drivers
v000002cc09673950_0 .net *"_ivl_296", 0 0, L_000002cc096eb130;  1 drivers
v000002cc09674df0_0 .net *"_ivl_298", 0 0, L_000002cc096ea410;  1 drivers
v000002cc09675930_0 .net *"_ivl_301", 0 0, L_000002cc096898f0;  1 drivers
v000002cc09673c70_0 .net *"_ivl_302", 0 0, L_000002cc096eac60;  1 drivers
v000002cc096731d0_0 .net *"_ivl_307", 0 0, L_000002cc0968a610;  1 drivers
v000002cc096734f0_0 .net *"_ivl_308", 0 0, L_000002cc096eadb0;  1 drivers
v000002cc09674f30_0 .net *"_ivl_311", 0 0, L_000002cc0968a070;  1 drivers
v000002cc09673590_0 .net *"_ivl_312", 0 0, L_000002cc096eacd0;  1 drivers
v000002cc09675070_0 .net *"_ivl_314", 0 0, L_000002cc096eb7c0;  1 drivers
v000002cc09675570_0 .net *"_ivl_317", 0 0, L_000002cc0968a430;  1 drivers
v000002cc096742b0_0 .net *"_ivl_321", 0 0, L_000002cc09689530;  1 drivers
v000002cc09674670_0 .net *"_ivl_322", 0 0, L_000002cc096eb1a0;  1 drivers
v000002cc09675110_0 .net *"_ivl_325", 0 0, L_000002cc09689d50;  1 drivers
v000002cc096736d0_0 .net *"_ivl_326", 0 0, L_000002cc096eb280;  1 drivers
v000002cc09673d10_0 .net *"_ivl_328", 0 0, L_000002cc096ead40;  1 drivers
v000002cc09673770_0 .net *"_ivl_33", 0 0, L_000002cc09686ab0;  1 drivers
v000002cc09673db0_0 .net *"_ivl_331", 0 0, L_000002cc09689850;  1 drivers
v000002cc09674990_0 .net *"_ivl_332", 0 0, L_000002cc096eae20;  1 drivers
v000002cc09673810_0 .net *"_ivl_335", 0 0, L_000002cc0968b510;  1 drivers
v000002cc09674ad0_0 .net *"_ivl_336", 0 0, L_000002cc096eae90;  1 drivers
v000002cc09673e50_0 .net *"_ivl_338", 0 0, L_000002cc096eb2f0;  1 drivers
v000002cc09675610_0 .net *"_ivl_34", 0 0, L_000002cc095eeda0;  1 drivers
v000002cc096751b0_0 .net *"_ivl_341", 0 0, L_000002cc0968a110;  1 drivers
v000002cc09675250_0 .net *"_ivl_342", 0 0, L_000002cc096eaf00;  1 drivers
v000002cc096752f0_0 .net *"_ivl_344", 0 0, L_000002cc096eb830;  1 drivers
v000002cc09675390_0 .net *"_ivl_347", 0 0, L_000002cc09689a30;  1 drivers
v000002cc09674350_0 .net *"_ivl_348", 0 0, L_000002cc096eb980;  1 drivers
v000002cc09673ef0_0 .net *"_ivl_351", 0 0, L_000002cc0968aa70;  1 drivers
v000002cc09673f90_0 .net *"_ivl_355", 0 0, L_000002cc09689cb0;  1 drivers
v000002cc09674030_0 .net *"_ivl_356", 0 0, L_000002cc096ebe50;  1 drivers
v000002cc096740d0_0 .net *"_ivl_358", 0 0, L_000002cc096ec0f0;  1 drivers
v000002cc096743f0_0 .net *"_ivl_36", 0 0, L_000002cc095ed520;  1 drivers
v000002cc09674490_0 .net *"_ivl_361", 0 0, L_000002cc09689e90;  1 drivers
v000002cc09674530_0 .net *"_ivl_362", 0 0, L_000002cc096ec160;  1 drivers
v000002cc09676510_0 .net *"_ivl_364", 0 0, L_000002cc096ec010;  1 drivers
v000002cc09676dd0_0 .net *"_ivl_367", 0 0, L_000002cc096895d0;  1 drivers
v000002cc09676a10_0 .net *"_ivl_368", 0 0, L_000002cc096ebec0;  1 drivers
v000002cc09675a70_0 .net *"_ivl_373", 0 0, L_000002cc0968b470;  1 drivers
v000002cc09676150_0 .net *"_ivl_374", 0 0, L_000002cc096ebfa0;  1 drivers
v000002cc09676650_0 .net *"_ivl_377", 0 0, L_000002cc09689df0;  1 drivers
v000002cc096760b0_0 .net *"_ivl_378", 0 0, L_000002cc096ee7b0;  1 drivers
v000002cc09675cf0_0 .net *"_ivl_380", 0 0, L_000002cc096ed470;  1 drivers
v000002cc09676010_0 .net *"_ivl_383", 0 0, L_000002cc0968aed0;  1 drivers
v000002cc09676ab0_0 .net *"_ivl_384", 0 0, L_000002cc096ed400;  1 drivers
v000002cc096765b0_0 .net *"_ivl_389", 0 0, L_000002cc09689f30;  1 drivers
v000002cc09676290_0 .net *"_ivl_39", 0 0, L_000002cc096875f0;  1 drivers
v000002cc096761f0_0 .net *"_ivl_390", 0 0, L_000002cc096ee740;  1 drivers
v000002cc09676b50_0 .net *"_ivl_393", 0 0, L_000002cc0968b1f0;  1 drivers
v000002cc09676830_0 .net *"_ivl_394", 0 0, L_000002cc096edef0;  1 drivers
v000002cc096766f0_0 .net *"_ivl_397", 0 0, L_000002cc0968a4d0;  1 drivers
v000002cc09676470_0 .net *"_ivl_398", 0 0, L_000002cc096ee350;  1 drivers
v000002cc096759d0_0 .net *"_ivl_40", 0 0, L_000002cc095ee6a0;  1 drivers
v000002cc09675c50_0 .net *"_ivl_403", 0 0, L_000002cc0968b5b0;  1 drivers
v000002cc09676790_0 .net *"_ivl_404", 0 0, L_000002cc096eda90;  1 drivers
v000002cc09676330_0 .net *"_ivl_407", 0 0, L_000002cc0968b790;  1 drivers
v000002cc096763d0_0 .net *"_ivl_408", 0 0, L_000002cc096ed9b0;  1 drivers
v000002cc09677050_0 .net *"_ivl_411", 0 0, L_000002cc096897b0;  1 drivers
v000002cc096768d0_0 .net *"_ivl_415", 0 0, L_000002cc0968a9d0;  1 drivers
v000002cc09675bb0_0 .net *"_ivl_416", 0 0, L_000002cc096eda20;  1 drivers
v000002cc09675b10_0 .net *"_ivl_418", 0 0, L_000002cc096ed080;  1 drivers
v000002cc09675d90_0 .net *"_ivl_42", 0 0, L_000002cc095ed590;  1 drivers
v000002cc09676970_0 .net *"_ivl_421", 0 0, L_000002cc09689fd0;  1 drivers
v000002cc09676bf0_0 .net *"_ivl_422", 0 0, L_000002cc096ed8d0;  1 drivers
v000002cc09676c90_0 .net *"_ivl_425", 0 0, L_000002cc0968a890;  1 drivers
v000002cc09676d30_0 .net *"_ivl_426", 0 0, L_000002cc096ed940;  1 drivers
v000002cc09676e70_0 .net *"_ivl_431", 0 0, L_000002cc0968a750;  1 drivers
v000002cc09675e30_0 .net *"_ivl_432", 0 0, L_000002cc096edfd0;  1 drivers
v000002cc09676f10_0 .net *"_ivl_434", 0 0, L_000002cc096edbe0;  1 drivers
v000002cc09676fb0_0 .net *"_ivl_437", 0 0, L_000002cc0968b6f0;  1 drivers
v000002cc09675ed0_0 .net *"_ivl_438", 0 0, L_000002cc096ee510;  1 drivers
v000002cc09675f70_0 .net *"_ivl_441", 0 0, L_000002cc09689350;  1 drivers
v000002cc096785e0_0 .net *"_ivl_445", 0 0, L_000002cc0968b650;  1 drivers
v000002cc09677640_0 .net *"_ivl_446", 0 0, L_000002cc096ee120;  1 drivers
v000002cc09678540_0 .net *"_ivl_448", 0 0, L_000002cc096ecc90;  1 drivers
v000002cc09678680_0 .net *"_ivl_45", 0 0, L_000002cc09686b50;  1 drivers
v000002cc09679760_0 .net *"_ivl_451", 0 0, L_000002cc0968b290;  1 drivers
v000002cc096789a0_0 .net *"_ivl_452", 0 0, L_000002cc096ed4e0;  1 drivers
v000002cc09679800_0 .net *"_ivl_454", 0 0, L_000002cc096ed160;  1 drivers
v000002cc096798a0_0 .net *"_ivl_457", 0 0, L_000002cc0968ac50;  1 drivers
v000002cc09679440_0 .net *"_ivl_46", 0 0, L_000002cc095eda60;  1 drivers
v000002cc09677280_0 .net *"_ivl_461", 0 0, L_000002cc0968a6b0;  1 drivers
v000002cc09678e00_0 .net *"_ivl_462", 0 0, L_000002cc096ecd70;  1 drivers
v000002cc09678cc0_0 .net *"_ivl_465", 0 0, L_000002cc09689670;  1 drivers
v000002cc09677aa0_0 .net *"_ivl_466", 0 0, L_000002cc096ed550;  1 drivers
v000002cc09678c20_0 .net *"_ivl_468", 0 0, L_000002cc096ee200;  1 drivers
v000002cc096787c0_0 .net *"_ivl_471", 0 0, L_000002cc0968abb0;  1 drivers
v000002cc09678720_0 .net *"_ivl_472", 0 0, L_000002cc096ed6a0;  1 drivers
v000002cc096773c0_0 .net *"_ivl_475", 0 0, L_000002cc0968b8d0;  1 drivers
v000002cc09678860_0 .net *"_ivl_476", 0 0, L_000002cc096ee270;  1 drivers
v000002cc096778c0_0 .net *"_ivl_48", 0 0, L_000002cc095ee400;  1 drivers
v000002cc09677820_0 .net *"_ivl_481", 0 0, L_000002cc096893f0;  1 drivers
v000002cc09679580_0 .net *"_ivl_482", 0 0, L_000002cc096ee580;  1 drivers
v000002cc09678a40_0 .net *"_ivl_485", 0 0, L_000002cc0968b970;  1 drivers
v000002cc09677e60_0 .net *"_ivl_486", 0 0, L_000002cc096ee5f0;  1 drivers
v000002cc09677960_0 .net *"_ivl_488", 0 0, L_000002cc096ee040;  1 drivers
v000002cc096775a0_0 .net *"_ivl_491", 0 0, L_000002cc0968a1b0;  1 drivers
v000002cc09678400_0 .net *"_ivl_492", 0 0, L_000002cc096ee660;  1 drivers
v000002cc09679940_0 .net *"_ivl_495", 0 0, L_000002cc09689990;  1 drivers
v000002cc09678d60_0 .net *"_ivl_498", 0 0, L_000002cc096ece50;  1 drivers
v000002cc096793a0_0 .net *"_ivl_5", 0 0, L_000002cc09688ef0;  1 drivers
v000002cc096794e0_0 .net *"_ivl_503", 0 0, L_000002cc0968acf0;  1 drivers
v000002cc09677fa0_0 .net *"_ivl_505", 0 0, L_000002cc0968b330;  1 drivers
v000002cc09678ea0_0 .net *"_ivl_506", 0 0, L_000002cc096ee0b0;  1 drivers
v000002cc09678f40_0 .net *"_ivl_509", 0 0, L_000002cc09689710;  1 drivers
v000002cc09678180_0 .net *"_ivl_51", 0 0, L_000002cc096886d0;  1 drivers
v000002cc096796c0_0 .net *"_ivl_510", 0 0, L_000002cc096edda0;  1 drivers
v000002cc09678fe0_0 .net *"_ivl_512", 0 0, L_000002cc096edb00;  1 drivers
v000002cc09677320_0 .net *"_ivl_515", 0 0, L_000002cc0968ab10;  1 drivers
v000002cc09677500_0 .net *"_ivl_516", 0 0, L_000002cc096ed780;  1 drivers
v000002cc09678900_0 .net *"_ivl_518", 0 0, L_000002cc096ee2e0;  1 drivers
v000002cc09679080_0 .net *"_ivl_52", 0 0, L_000002cc095ed750;  1 drivers
v000002cc09679120_0 .net *"_ivl_521", 0 0, L_000002cc09689ad0;  1 drivers
v000002cc096780e0_0 .net *"_ivl_522", 0 0, L_000002cc096edb70;  1 drivers
v000002cc09679260_0 .net *"_ivl_525", 0 0, L_000002cc09689b70;  1 drivers
v000002cc096776e0_0 .net *"_ivl_526", 0 0, L_000002cc096edc50;  1 drivers
v000002cc09677a00_0 .net *"_ivl_529", 0 0, L_000002cc09689c10;  1 drivers
v000002cc096784a0_0 .net *"_ivl_533", 0 0, L_000002cc0968a250;  1 drivers
v000002cc09678ae0_0 .net *"_ivl_534", 0 0, L_000002cc096ee3c0;  1 drivers
v000002cc09678220_0 .net *"_ivl_537", 0 0, L_000002cc0968a2f0;  1 drivers
v000002cc09678040_0 .net *"_ivl_538", 0 0, L_000002cc096ede10;  1 drivers
v000002cc09678b80_0 .net *"_ivl_541", 0 0, L_000002cc0968ad90;  1 drivers
v000002cc09677780_0 .net *"_ivl_542", 0 0, L_000002cc096ecf30;  1 drivers
v000002cc096791c0_0 .net *"_ivl_544", 0 0, L_000002cc096ed2b0;  1 drivers
v000002cc09679300_0 .net *"_ivl_547", 0 0, L_000002cc0968ae30;  1 drivers
v000002cc096771e0_0 .net *"_ivl_548", 0 0, L_000002cc096ecfa0;  1 drivers
v000002cc09679620_0 .net *"_ivl_550", 0 0, L_000002cc096ed010;  1 drivers
v000002cc09677460_0 .net *"_ivl_553", 0 0, L_000002cc0968a390;  1 drivers
v000002cc09677b40_0 .net *"_ivl_554", 0 0, L_000002cc096ed0f0;  1 drivers
v000002cc09677be0_0 .net *"_ivl_556", 0 0, L_000002cc096edcc0;  1 drivers
v000002cc09677c80_0 .net *"_ivl_559", 0 0, L_000002cc0968a930;  1 drivers
v000002cc09677d20_0 .net *"_ivl_560", 0 0, L_000002cc096ed1d0;  1 drivers
v000002cc09677dc0_0 .net *"_ivl_563", 0 0, L_000002cc0968a570;  1 drivers
v000002cc09677f00_0 .net *"_ivl_567", 0 0, L_000002cc0968a7f0;  1 drivers
v000002cc096782c0_0 .net *"_ivl_568", 0 0, L_000002cc096ed5c0;  1 drivers
v000002cc09678360_0 .net *"_ivl_57", 0 0, L_000002cc09688810;  1 drivers
v000002cc0967a8e0_0 .net *"_ivl_570", 0 0, L_000002cc096ed320;  1 drivers
v000002cc0967b060_0 .net *"_ivl_573", 0 0, L_000002cc0968af70;  1 drivers
v000002cc09679e40_0 .net *"_ivl_574", 0 0, L_000002cc096edf60;  1 drivers
v000002cc0967af20_0 .net *"_ivl_576", 0 0, L_000002cc096ed630;  1 drivers
v000002cc096799e0_0 .net *"_ivl_579", 0 0, L_000002cc0968b010;  1 drivers
v000002cc0967a980_0 .net *"_ivl_58", 0 0, L_000002cc095edb40;  1 drivers
v000002cc09679a80_0 .net *"_ivl_580", 0 0, L_000002cc096ed710;  1 drivers
v000002cc0967aa20_0 .net *"_ivl_585", 0 0, L_000002cc0968b0b0;  1 drivers
v000002cc0967ae80_0 .net *"_ivl_586", 0 0, L_000002cc096ed7f0;  1 drivers
v000002cc0967a3e0_0 .net *"_ivl_588", 0 0, L_000002cc096ed860;  1 drivers
v000002cc0967a660_0 .net *"_ivl_591", 0 0, L_000002cc0968b150;  1 drivers
v000002cc0967ac00_0 .net *"_ivl_592", 0 0, L_000002cc096eea50;  1 drivers
v000002cc09679b20_0 .net *"_ivl_594", 0 0, L_000002cc096eeb30;  1 drivers
v000002cc0967a0c0_0 .net *"_ivl_597", 0 0, L_000002cc0968bab0;  1 drivers
v000002cc09679d00_0 .net *"_ivl_6", 0 0, L_000002cc095ed6e0;  1 drivers
v000002cc09679f80_0 .net *"_ivl_60", 0 0, L_000002cc095edbb0;  1 drivers
v000002cc0967a7a0_0 .net *"_ivl_601", 0 0, L_000002cc0968bc90;  1 drivers
v000002cc09679ee0_0 .net *"_ivl_602", 0 0, L_000002cc096ee890;  1 drivers
v000002cc0967aac0_0 .net *"_ivl_604", 0 0, L_000002cc096ee820;  1 drivers
v000002cc09679bc0_0 .net *"_ivl_607", 0 0, L_000002cc0968c0f0;  1 drivers
v000002cc09679c60_0 .net *"_ivl_608", 0 0, L_000002cc096ee900;  1 drivers
v000002cc0967aca0_0 .net *"_ivl_611", 0 0, L_000002cc0968c050;  1 drivers
v000002cc0967ad40_0 .net *"_ivl_612", 0 0, L_000002cc096ee9e0;  1 drivers
v000002cc0967ab60_0 .net *"_ivl_617", 0 0, L_000002cc0968ba10;  1 drivers
v000002cc0967ade0_0 .net *"_ivl_619", 0 0, L_000002cc0968bb50;  1 drivers
v000002cc0967a700_0 .net *"_ivl_620", 0 0, L_000002cc096f9810;  1 drivers
v000002cc0967a2a0_0 .net *"_ivl_623", 0 0, L_000002cc0968bfb0;  1 drivers
v000002cc0967afc0_0 .net *"_ivl_624", 0 0, L_000002cc096f8a10;  1 drivers
v000002cc09679da0_0 .net *"_ivl_626", 0 0, L_000002cc096f9030;  1 drivers
v000002cc0967a520_0 .net *"_ivl_629", 0 0, L_000002cc0968bbf0;  1 drivers
v000002cc0967a160_0 .net *"_ivl_63", 0 0, L_000002cc09688d10;  1 drivers
v000002cc0967a020_0 .net *"_ivl_630", 0 0, L_000002cc096f8540;  1 drivers
v000002cc0967a200_0 .net *"_ivl_632", 0 0, L_000002cc096f9730;  1 drivers
v000002cc0967a340_0 .net *"_ivl_635", 0 0, L_000002cc0968be70;  1 drivers
v000002cc0967a480_0 .net *"_ivl_636", 0 0, L_000002cc096f8770;  1 drivers
v000002cc0967a5c0_0 .net *"_ivl_638", 0 0, L_000002cc096f9420;  1 drivers
v000002cc0967a840_0 .net *"_ivl_64", 0 0, L_000002cc095edad0;  1 drivers
v000002cc096815c0_0 .net *"_ivl_641", 0 0, L_000002cc0968bd30;  1 drivers
v000002cc09681200_0 .net *"_ivl_642", 0 0, L_000002cc096f85b0;  1 drivers
v000002cc09682600_0 .net *"_ivl_645", 0 0, L_000002cc0968bf10;  1 drivers
v000002cc096831e0_0 .net *"_ivl_649", 0 0, L_000002cc0968bdd0;  1 drivers
v000002cc09682ce0_0 .net *"_ivl_650", 0 0, L_000002cc096f8e00;  1 drivers
v000002cc09683460_0 .net *"_ivl_652", 0 0, L_000002cc096f8620;  1 drivers
v000002cc09683320_0 .net *"_ivl_655", 0 0, L_000002cc096fd150;  1 drivers
v000002cc09683820_0 .net *"_ivl_656", 0 0, L_000002cc096f8ee0;  1 drivers
v000002cc09682100_0 .net *"_ivl_658", 0 0, L_000002cc096f9b20;  1 drivers
v000002cc096833c0_0 .net *"_ivl_66", 0 0, L_000002cc095edc90;  1 drivers
v000002cc09682060_0 .net *"_ivl_661", 0 0, L_000002cc096fc9d0;  1 drivers
v000002cc09683780_0 .net *"_ivl_662", 0 0, L_000002cc096f9c70;  1 drivers
v000002cc096835a0_0 .net *"_ivl_667", 0 0, L_000002cc096fea50;  1 drivers
v000002cc09682ec0_0 .net *"_ivl_668", 0 0, L_000002cc096f9880;  1 drivers
v000002cc09681ac0_0 .net *"_ivl_670", 0 0, L_000002cc096f98f0;  1 drivers
v000002cc09681700_0 .net *"_ivl_673", 0 0, L_000002cc096fe690;  1 drivers
v000002cc09681480_0 .net *"_ivl_674", 0 0, L_000002cc096f8850;  1 drivers
v000002cc09682240_0 .net *"_ivl_676", 0 0, L_000002cc096f9d50;  1 drivers
v000002cc09681340_0 .net *"_ivl_679", 0 0, L_000002cc096fcbb0;  1 drivers
v000002cc09681ca0_0 .net *"_ivl_683", 0 0, L_000002cc096fd010;  1 drivers
v000002cc09681d40_0 .net *"_ivl_684", 0 0, L_000002cc096f8d90;  1 drivers
v000002cc09681660_0 .net *"_ivl_687", 0 0, L_000002cc096fe410;  1 drivers
v000002cc09682420_0 .net *"_ivl_688", 0 0, L_000002cc096f9dc0;  1 drivers
v000002cc09681980_0 .net *"_ivl_69", 0 0, L_000002cc09687370;  1 drivers
v000002cc096830a0_0 .net *"_ivl_690", 0 0, L_000002cc096f8930;  1 drivers
v000002cc09682740_0 .net *"_ivl_693", 0 0, L_000002cc096fdd30;  1 drivers
v000002cc09683640_0 .net *"_ivl_694", 0 0, L_000002cc096f9490;  1 drivers
v000002cc09682880_0 .net *"_ivl_699", 0 0, L_000002cc096fca70;  1 drivers
v000002cc096817a0_0 .net *"_ivl_70", 0 0, L_000002cc095edc20;  1 drivers
v000002cc096836e0_0 .net *"_ivl_700", 0 0, L_000002cc096f9b90;  1 drivers
v000002cc09681840_0 .net *"_ivl_703", 0 0, L_000002cc096fcb10;  1 drivers
v000002cc09682ba0_0 .net *"_ivl_704", 0 0, L_000002cc096f9180;  1 drivers
v000002cc096838c0_0 .net *"_ivl_706", 0 0, L_000002cc096f8f50;  1 drivers
v000002cc09683500_0 .net *"_ivl_709", 0 0, L_000002cc096fd290;  1 drivers
v000002cc096818e0_0 .net *"_ivl_713", 0 0, L_000002cc096fd0b0;  1 drivers
v000002cc09683960_0 .net *"_ivl_714", 0 0, L_000002cc096f9260;  1 drivers
v000002cc09682c40_0 .net *"_ivl_717", 0 0, L_000002cc096feeb0;  1 drivers
v000002cc09681b60_0 .net *"_ivl_718", 0 0, L_000002cc096f9500;  1 drivers
v000002cc09682920_0 .net *"_ivl_72", 0 0, L_000002cc095ee0f0;  1 drivers
v000002cc09681a20_0 .net *"_ivl_721", 0 0, L_000002cc096fd470;  1 drivers
v000002cc096812a0_0 .net *"_ivl_722", 0 0, L_000002cc096f90a0;  1 drivers
v000002cc096813e0_0 .net *"_ivl_727", 0 0, L_000002cc096fe550;  1 drivers
v000002cc09682d80_0 .net *"_ivl_728", 0 0, L_000002cc096f96c0;  1 drivers
v000002cc09682560_0 .net *"_ivl_731", 0 0, L_000002cc096fe2d0;  1 drivers
v000002cc09681520_0 .net *"_ivl_732", 0 0, L_000002cc096f8a80;  1 drivers
v000002cc09682e20_0 .net *"_ivl_735", 0 0, L_000002cc096fcc50;  1 drivers
v000002cc09681c00_0 .net *"_ivl_739", 0 0, L_000002cc096fccf0;  1 drivers
v000002cc096821a0_0 .net *"_ivl_741", 0 0, L_000002cc096fe4b0;  1 drivers
v000002cc09681de0_0 .net *"_ivl_742", 0 0, L_000002cc096f83f0;  1 drivers
v000002cc096822e0_0 .net *"_ivl_745", 0 0, L_000002cc096fddd0;  1 drivers
v000002cc09681e80_0 .net *"_ivl_746", 0 0, L_000002cc096f9ea0;  1 drivers
v000002cc09681f20_0 .net *"_ivl_748", 0 0, L_000002cc096f97a0;  1 drivers
v000002cc09682f60_0 .net *"_ivl_75", 0 0, L_000002cc09687190;  1 drivers
v000002cc09681fc0_0 .net *"_ivl_751", 0 0, L_000002cc096fd830;  1 drivers
v000002cc09682380_0 .net *"_ivl_752", 0 0, L_000002cc096f84d0;  1 drivers
v000002cc096824c0_0 .net *"_ivl_755", 0 0, L_000002cc096fd5b0;  1 drivers
v000002cc096826a0_0 .net *"_ivl_756", 0 0, L_000002cc096f9a40;  1 drivers
v000002cc096827e0_0 .net *"_ivl_759", 0 0, L_000002cc096fed70;  1 drivers
v000002cc096829c0_0 .net *"_ivl_760", 0 0, L_000002cc096f9ab0;  1 drivers
v000002cc09682a60_0 .net *"_ivl_763", 0 0, L_000002cc096fda10;  1 drivers
v000002cc09682b00_0 .net *"_ivl_769", 0 0, L_000002cc096feff0;  1 drivers
v000002cc09683000_0 .net *"_ivl_770", 0 0, L_000002cc096f9340;  1 drivers
v000002cc09683140_0 .net *"_ivl_773", 0 0, L_000002cc096fecd0;  1 drivers
v000002cc09683280_0 .net *"_ivl_774", 0 0, L_000002cc096f8af0;  1 drivers
v000002cc09683f00_0 .net *"_ivl_777", 0 0, L_000002cc096fee10;  1 drivers
v000002cc09683fa0_0 .net *"_ivl_778", 0 0, L_000002cc096f8bd0;  1 drivers
v000002cc09683a00_0 .net *"_ivl_780", 0 0, L_000002cc096f9f10;  1 drivers
v000002cc09683d20_0 .net *"_ivl_783", 0 0, L_000002cc096fef50;  1 drivers
v000002cc09683aa0_0 .net *"_ivl_784", 0 0, L_000002cc096f8380;  1 drivers
v000002cc09683dc0_0 .net *"_ivl_787", 0 0, L_000002cc096fdfb0;  1 drivers
v000002cc09683e60_0 .net *"_ivl_788", 0 0, L_000002cc096f9ce0;  1 drivers
v000002cc09684040_0 .net *"_ivl_79", 0 0, L_000002cc09686bf0;  1 drivers
v000002cc09683b40_0 .net *"_ivl_791", 0 0, L_000002cc096fe5f0;  1 drivers
v000002cc09683be0_0 .net *"_ivl_795", 0 0, L_000002cc096fcd90;  1 drivers
v000002cc096840e0_0 .net *"_ivl_799", 0 0, L_000002cc096fe370;  1 drivers
v000002cc09683c80_0 .net *"_ivl_80", 0 0, L_000002cc095edd70;  1 drivers
v000002cc0967e6e0_0 .net *"_ivl_800", 0 0, L_000002cc096f8fc0;  1 drivers
v000002cc0967d880_0 .net *"_ivl_804", 0 0, L_000002cc096f8b60;  1 drivers
v000002cc0967e8c0_0 .net *"_ivl_806", 0 0, L_000002cc096f92d0;  1 drivers
v000002cc0967dc40_0 .net *"_ivl_808", 0 0, L_000002cc096f8700;  1 drivers
v000002cc0967cd40_0 .net *"_ivl_810", 0 0, L_000002cc096f8c40;  1 drivers
v000002cc0967d920_0 .net *"_ivl_812", 0 0, L_000002cc096f8d20;  1 drivers
v000002cc0967e1e0_0 .net *"_ivl_82", 0 0, L_000002cc095edde0;  1 drivers
L_000002cc0968e460 .functor BUFT 1, C4<0>, C4<0>, C4<0>, C4<0>;
v000002cc0967e460_0 .net *"_ivl_823", 0 0, L_000002cc0968e460;  1 drivers
v000002cc0967da60_0 .net *"_ivl_85", 0 0, L_000002cc09686fb0;  1 drivers
v000002cc0967de20_0 .net *"_ivl_86", 0 0, L_000002cc095ede50;  1 drivers
v000002cc0967dec0_0 .net *"_ivl_88", 0 0, L_000002cc095edec0;  1 drivers
v000002cc0967c200_0 .net *"_ivl_9", 0 0, L_000002cc09688db0;  1 drivers
v000002cc0967d240_0 .net *"_ivl_91", 0 0, L_000002cc09686d30;  1 drivers
v000002cc0967c2a0_0 .net *"_ivl_95", 0 0, L_000002cc09687690;  1 drivers
v000002cc0967ce80_0 .net *"_ivl_96", 0 0, L_000002cc095ee240;  1 drivers
v000002cc0967d2e0_0 .net *"_ivl_98", 0 0, L_000002cc095ee780;  1 drivers
v000002cc0967d380_0 .net "branch", 0 0, L_000002cc096f87e0;  1 drivers
v000002cc0967cac0_0 .net "i_add", 0 0, L_000002cc095edd00;  1 drivers
v000002cc0967e140_0 .net "i_addi", 0 0, L_000002cc096ebf30;  1 drivers
v000002cc0967e5a0_0 .net "i_and", 0 0, L_000002cc096ea800;  1 drivers
v000002cc0967c8e0_0 .net "i_andi", 0 0, L_000002cc096ed240;  1 drivers
v000002cc0967e280_0 .net "i_auipc", 0 0, L_000002cc096f8690;  1 drivers
v000002cc0967df60_0 .net "i_beq", 0 0, L_000002cc096f8cb0;  1 drivers
v000002cc0967c660_0 .net "i_bge", 0 0, L_000002cc096f9960;  1 drivers
v000002cc0967e500_0 .net "i_bgeu", 0 0, L_000002cc096f9e30;  1 drivers
v000002cc0967d9c0_0 .net "i_blt", 0 0, L_000002cc096f99d0;  1 drivers
v000002cc0967e820_0 .net "i_bltu", 0 0, L_000002cc096f88c0;  1 drivers
v000002cc0967cca0_0 .net "i_bne", 0 0, L_000002cc096f9650;  1 drivers
v000002cc0967dce0_0 .net "i_jal", 0 0, L_000002cc096f9c00;  1 drivers
v000002cc0967dd80_0 .net "i_jalr", 0 0, L_000002cc096ecec0;  1 drivers
v000002cc0967d060_0 .net "i_lb", 0 0, L_000002cc096eab10;  1 drivers
v000002cc0967db00_0 .net "i_lbu", 0 0, L_000002cc096ea480;  1 drivers
v000002cc0967d740_0 .net "i_lh", 0 0, L_000002cc096eb210;  1 drivers
v000002cc0967dba0_0 .net "i_lhu", 0 0, L_000002cc096ea5d0;  1 drivers
v000002cc0967e640_0 .net "i_lui", 0 0, L_000002cc096f91f0;  1 drivers
v000002cc0967d1a0_0 .net "i_lw", 0 0, L_000002cc096eafe0;  1 drivers
v000002cc0967e0a0_0 .net "i_or", 0 0, L_000002cc096eb590;  1 drivers
v000002cc0967cf20_0 .net "i_ori", 0 0, L_000002cc096ee4a0;  1 drivers
v000002cc0967e000_0 .net "i_sb", 0 0, L_000002cc096edd30;  1 drivers
v000002cc0967c340_0 .net "i_sh", 0 0, L_000002cc096eeac0;  1 drivers
v000002cc0967e780_0 .net "i_sll", 0 0, L_000002cc095ee710;  1 drivers
v000002cc0967cb60_0 .net "i_slli", 0 0, L_000002cc096ecd00;  1 drivers
v000002cc0967e320_0 .net "i_slt", 0 0, L_000002cc095ef0b0;  1 drivers
v000002cc0967e3c0_0 .net "i_slti", 0 0, L_000002cc096ecc20;  1 drivers
v000002cc0967d7e0_0 .net "i_sltiu", 0 0, L_000002cc096ee6d0;  1 drivers
v000002cc0967e960_0 .net "i_sltu", 0 0, L_000002cc095eef60;  1 drivers
v000002cc0967ca20_0 .net "i_sra", 0 0, L_000002cc096ea4f0;  1 drivers
v000002cc0967d600_0 .net "i_srai", 0 0, L_000002cc096ede80;  1 drivers
v000002cc0967c3e0_0 .net "i_srl", 0 0, L_000002cc096eb600;  1 drivers
v000002cc0967c480_0 .net "i_srli", 0 0, L_000002cc096ecde0;  1 drivers
v000002cc0967c520_0 .net "i_sub", 0 0, L_000002cc095ee160;  1 drivers
v000002cc0967c5c0_0 .net "i_sw", 0 0, L_000002cc096ee970;  1 drivers
v000002cc0967d6a0_0 .net "i_xor", 0 0, L_000002cc096eb750;  1 drivers
v000002cc0967cfc0_0 .net "i_xori", 0 0, L_000002cc096ee190;  1 drivers
v000002cc0967c700_0 .net "itype_r", 0 0, L_000002cc096ec080;  1 drivers
v000002cc0967d560_0 .net "itype_shamt", 0 0, L_000002cc096ee430;  1 drivers
v000002cc0967cde0_0 .net "jtype", 0 0, L_000002cc096f89a0;  1 drivers
v000002cc0967c7a0_0 .net "load", 0 0, L_000002cc096eaaa0;  1 drivers
v000002cc0967c840_0 .net "rtype", 0 0, L_000002cc095ee390;  1 drivers
v000002cc0967d100_0 .net "store", 0 0, L_000002cc096ed390;  1 drivers
v000002cc0967c980_0 .net "utype", 0 0, L_000002cc096f8460;  1 drivers
E_000002cc096040b0/0 .event anyedge, v000002cc0967d380_0, v000002cc09671240_0, v000002cc0967dce0_0, v000002cc0967dd80_0;
E_000002cc096040b0/1 .event anyedge, v000002cc0967d560_0, v000002cc0967d100_0, v000002cc0967c980_0, v000002cc0967cde0_0;
E_000002cc096040b0/2 .event anyedge, v000002cc0967c700_0, v000002cc0967c7a0_0, v000002cc0967c520_0, v000002cc0967e5a0_0;
E_000002cc096040b0/3 .event anyedge, v000002cc0967c8e0_0, v000002cc0967e0a0_0, v000002cc0967cf20_0, v000002cc0967d6a0_0;
E_000002cc096040b0/4 .event anyedge, v000002cc0967cfc0_0, v000002cc0967e780_0, v000002cc0967cb60_0, v000002cc0967c3e0_0;
E_000002cc096040b0/5 .event anyedge, v000002cc0967c480_0, v000002cc0967ca20_0, v000002cc0967d600_0, v000002cc0967e320_0;
E_000002cc096040b0/6 .event anyedge, v000002cc0967e3c0_0, v000002cc0967e960_0, v000002cc0967d7e0_0, v000002cc0967df60_0;
E_000002cc096040b0/7 .event anyedge, v000002cc0967cca0_0, v000002cc0967d9c0_0, v000002cc0967c660_0, v000002cc0967e820_0;
E_000002cc096040b0/8 .event anyedge, v000002cc0967e500_0, v000002cc0967d060_0, v000002cc0967e000_0, v000002cc0967d740_0;
E_000002cc096040b0/9 .event anyedge, v000002cc0967c340_0, v000002cc0967db00_0, v000002cc0967dba0_0, v000002cc0967e640_0;
E_000002cc096040b0/10 .event anyedge, v000002cc0967e280_0;
E_000002cc096040b0 .event/or E_000002cc096040b0/0, E_000002cc096040b0/1, E_000002cc096040b0/2, E_000002cc096040b0/3, E_000002cc096040b0/4, E_000002cc096040b0/5, E_000002cc096040b0/6, E_000002cc096040b0/7, E_000002cc096040b0/8, E_000002cc096040b0/9, E_000002cc096040b0/10;
L_000002cc09688e50 .part L_000002cc09684710, 6, 1;
L_000002cc09688ef0 .part L_000002cc09684710, 5, 1;
L_000002cc09688db0 .part L_000002cc09684710, 4, 1;
L_000002cc096890d0 .part L_000002cc09684710, 3, 1;
L_000002cc09687d70 .part L_000002cc09684710, 2, 1;
L_000002cc09689170 .part L_000002cc09684710, 1, 1;
L_000002cc09686a10 .part L_000002cc09684710, 0, 1;
L_000002cc09686ab0 .part L_000002cc09684a30, 2, 1;
L_000002cc096875f0 .part L_000002cc09684a30, 1, 1;
L_000002cc09686b50 .part L_000002cc09684a30, 0, 1;
L_000002cc096886d0 .part L_000002cc09685ed0, 5, 1;
L_000002cc09688810 .part L_000002cc09684a30, 2, 1;
L_000002cc09688d10 .part L_000002cc09684a30, 1, 1;
L_000002cc09687370 .part L_000002cc09684a30, 0, 1;
L_000002cc09687190 .part L_000002cc09685ed0, 5, 1;
L_000002cc09686bf0 .part L_000002cc09684a30, 2, 1;
L_000002cc09686fb0 .part L_000002cc09684a30, 1, 1;
L_000002cc09686d30 .part L_000002cc09684a30, 0, 1;
L_000002cc09687690 .part L_000002cc09684a30, 2, 1;
L_000002cc09687a50 .part L_000002cc09684a30, 1, 1;
L_000002cc09686dd0 .part L_000002cc09684a30, 0, 1;
L_000002cc09688450 .part L_000002cc09684a30, 2, 1;
L_000002cc09687730 .part L_000002cc09684a30, 1, 1;
L_000002cc09686e70 .part L_000002cc09684a30, 0, 1;
L_000002cc09687230 .part L_000002cc09684a30, 2, 1;
L_000002cc09686f10 .part L_000002cc09684a30, 1, 1;
L_000002cc096872d0 .part L_000002cc09684a30, 0, 1;
L_000002cc09688770 .part L_000002cc09684a30, 2, 1;
L_000002cc09688590 .part L_000002cc09684a30, 1, 1;
L_000002cc096884f0 .part L_000002cc09684a30, 0, 1;
L_000002cc09687e10 .part L_000002cc09685ed0, 5, 1;
L_000002cc09687870 .part L_000002cc09684a30, 2, 1;
L_000002cc09687410 .part L_000002cc09684a30, 1, 1;
L_000002cc096881d0 .part L_000002cc09684a30, 0, 1;
L_000002cc09687550 .part L_000002cc09685ed0, 5, 1;
L_000002cc09688310 .part L_000002cc09684a30, 2, 1;
L_000002cc09687eb0 .part L_000002cc09684a30, 1, 1;
L_000002cc096877d0 .part L_000002cc09684a30, 0, 1;
L_000002cc09687910 .part L_000002cc09684a30, 2, 1;
L_000002cc096879b0 .part L_000002cc09684a30, 1, 1;
L_000002cc09687af0 .part L_000002cc09684a30, 0, 1;
L_000002cc09687b90 .part L_000002cc09684710, 6, 1;
L_000002cc09687f50 .part L_000002cc09684710, 5, 1;
L_000002cc096888b0 .part L_000002cc09684710, 4, 1;
L_000002cc09688950 .part L_000002cc09684710, 3, 1;
L_000002cc09687ff0 .part L_000002cc09684710, 2, 1;
L_000002cc09688130 .part L_000002cc09684710, 1, 1;
L_000002cc09688270 .part L_000002cc09684710, 0, 1;
L_000002cc096883b0 .part L_000002cc09684a30, 2, 1;
L_000002cc096889f0 .part L_000002cc09684a30, 1, 1;
L_000002cc09688a90 .part L_000002cc09684a30, 0, 1;
L_000002cc09688b30 .part L_000002cc09684a30, 2, 1;
L_000002cc09688bd0 .part L_000002cc09684a30, 1, 1;
L_000002cc09688c70 .part L_000002cc09684a30, 0, 1;
L_000002cc09689490 .part L_000002cc09684a30, 2, 1;
L_000002cc09689210 .part L_000002cc09684a30, 1, 1;
L_000002cc096892b0 .part L_000002cc09684a30, 0, 1;
L_000002cc0968b830 .part L_000002cc09684a30, 2, 1;
L_000002cc0968b3d0 .part L_000002cc09684a30, 1, 1;
L_000002cc096898f0 .part L_000002cc09684a30, 0, 1;
L_000002cc0968a610 .part L_000002cc09684a30, 2, 1;
L_000002cc0968a070 .part L_000002cc09684a30, 1, 1;
L_000002cc0968a430 .part L_000002cc09684a30, 0, 1;
L_000002cc09689530 .part L_000002cc09684710, 6, 1;
L_000002cc09689d50 .part L_000002cc09684710, 5, 1;
L_000002cc09689850 .part L_000002cc09684710, 4, 1;
L_000002cc0968b510 .part L_000002cc09684710, 3, 1;
L_000002cc0968a110 .part L_000002cc09684710, 2, 1;
L_000002cc09689a30 .part L_000002cc09684710, 1, 1;
L_000002cc0968aa70 .part L_000002cc09684710, 0, 1;
L_000002cc09689cb0 .part L_000002cc09684a30, 2, 1;
L_000002cc09689e90 .part L_000002cc09684a30, 1, 1;
L_000002cc096895d0 .part L_000002cc09684a30, 0, 1;
L_000002cc0968b470 .part L_000002cc09684a30, 2, 1;
L_000002cc09689df0 .part L_000002cc09684a30, 1, 1;
L_000002cc0968aed0 .part L_000002cc09684a30, 0, 1;
L_000002cc09689f30 .part L_000002cc09684a30, 2, 1;
L_000002cc0968b1f0 .part L_000002cc09684a30, 1, 1;
L_000002cc0968a4d0 .part L_000002cc09684a30, 0, 1;
L_000002cc0968b5b0 .part L_000002cc09684a30, 2, 1;
L_000002cc0968b790 .part L_000002cc09684a30, 1, 1;
L_000002cc096897b0 .part L_000002cc09684a30, 0, 1;
L_000002cc0968a9d0 .part L_000002cc09684a30, 2, 1;
L_000002cc09689fd0 .part L_000002cc09684a30, 1, 1;
L_000002cc0968a890 .part L_000002cc09684a30, 0, 1;
L_000002cc0968a750 .part L_000002cc09684a30, 2, 1;
L_000002cc0968b6f0 .part L_000002cc09684a30, 1, 1;
L_000002cc09689350 .part L_000002cc09684a30, 0, 1;
L_000002cc0968b650 .part L_000002cc09684a30, 2, 1;
L_000002cc0968b290 .part L_000002cc09684a30, 1, 1;
L_000002cc0968ac50 .part L_000002cc09684a30, 0, 1;
L_000002cc0968a6b0 .part L_000002cc09684a30, 2, 1;
L_000002cc09689670 .part L_000002cc09684a30, 1, 1;
L_000002cc0968abb0 .part L_000002cc09684a30, 0, 1;
L_000002cc0968b8d0 .part L_000002cc09685ed0, 5, 1;
L_000002cc096893f0 .part L_000002cc09684a30, 2, 1;
L_000002cc0968b970 .part L_000002cc09684a30, 1, 1;
L_000002cc0968a1b0 .part L_000002cc09684a30, 0, 1;
L_000002cc09689990 .part L_000002cc09685ed0, 5, 1;
L_000002cc0968acf0 .part L_000002cc09684710, 6, 1;
L_000002cc0968b330 .part L_000002cc09684710, 5, 1;
L_000002cc09689710 .part L_000002cc09684710, 4, 1;
L_000002cc0968ab10 .part L_000002cc09684710, 3, 1;
L_000002cc09689ad0 .part L_000002cc09684710, 2, 1;
L_000002cc09689b70 .part L_000002cc09684710, 1, 1;
L_000002cc09689c10 .part L_000002cc09684710, 0, 1;
L_000002cc0968a250 .part L_000002cc09684710, 6, 1;
L_000002cc0968a2f0 .part L_000002cc09684710, 5, 1;
L_000002cc0968ad90 .part L_000002cc09684710, 4, 1;
L_000002cc0968ae30 .part L_000002cc09684710, 3, 1;
L_000002cc0968a390 .part L_000002cc09684710, 2, 1;
L_000002cc0968a930 .part L_000002cc09684710, 1, 1;
L_000002cc0968a570 .part L_000002cc09684710, 0, 1;
L_000002cc0968a7f0 .part L_000002cc09684a30, 2, 1;
L_000002cc0968af70 .part L_000002cc09684a30, 1, 1;
L_000002cc0968b010 .part L_000002cc09684a30, 0, 1;
L_000002cc0968b0b0 .part L_000002cc09684a30, 2, 1;
L_000002cc0968b150 .part L_000002cc09684a30, 1, 1;
L_000002cc0968bab0 .part L_000002cc09684a30, 0, 1;
L_000002cc0968bc90 .part L_000002cc09684a30, 2, 1;
L_000002cc0968c0f0 .part L_000002cc09684a30, 1, 1;
L_000002cc0968c050 .part L_000002cc09684a30, 0, 1;
L_000002cc0968ba10 .part L_000002cc09684710, 6, 1;
L_000002cc0968bb50 .part L_000002cc09684710, 5, 1;
L_000002cc0968bfb0 .part L_000002cc09684710, 4, 1;
L_000002cc0968bbf0 .part L_000002cc09684710, 3, 1;
L_000002cc0968be70 .part L_000002cc09684710, 2, 1;
L_000002cc0968bd30 .part L_000002cc09684710, 1, 1;
L_000002cc0968bf10 .part L_000002cc09684710, 0, 1;
L_000002cc0968bdd0 .part L_000002cc09684a30, 2, 1;
L_000002cc096fd150 .part L_000002cc09684a30, 1, 1;
L_000002cc096fc9d0 .part L_000002cc09684a30, 0, 1;
L_000002cc096fea50 .part L_000002cc09684a30, 2, 1;
L_000002cc096fe690 .part L_000002cc09684a30, 1, 1;
L_000002cc096fcbb0 .part L_000002cc09684a30, 0, 1;
L_000002cc096fd010 .part L_000002cc09684a30, 2, 1;
L_000002cc096fe410 .part L_000002cc09684a30, 1, 1;
L_000002cc096fdd30 .part L_000002cc09684a30, 0, 1;
L_000002cc096fca70 .part L_000002cc09684a30, 2, 1;
L_000002cc096fcb10 .part L_000002cc09684a30, 1, 1;
L_000002cc096fd290 .part L_000002cc09684a30, 0, 1;
L_000002cc096fd0b0 .part L_000002cc09684a30, 2, 1;
L_000002cc096feeb0 .part L_000002cc09684a30, 1, 1;
L_000002cc096fd470 .part L_000002cc09684a30, 0, 1;
L_000002cc096fe550 .part L_000002cc09684a30, 2, 1;
L_000002cc096fe2d0 .part L_000002cc09684a30, 1, 1;
L_000002cc096fcc50 .part L_000002cc09684a30, 0, 1;
L_000002cc096fccf0 .part L_000002cc09684710, 6, 1;
L_000002cc096fe4b0 .part L_000002cc09684710, 5, 1;
L_000002cc096fddd0 .part L_000002cc09684710, 4, 1;
L_000002cc096fd830 .part L_000002cc09684710, 3, 1;
L_000002cc096fd5b0 .part L_000002cc09684710, 2, 1;
L_000002cc096fed70 .part L_000002cc09684710, 1, 1;
L_000002cc096fda10 .part L_000002cc09684710, 0, 1;
L_000002cc096feff0 .part L_000002cc09684710, 6, 1;
L_000002cc096fecd0 .part L_000002cc09684710, 4, 1;
L_000002cc096fee10 .part L_000002cc09684710, 3, 1;
L_000002cc096fef50 .part L_000002cc09684710, 2, 1;
L_000002cc096fdfb0 .part L_000002cc09684710, 1, 1;
L_000002cc096fe5f0 .part L_000002cc09684710, 0, 1;
L_000002cc096fcd90 .part L_000002cc09684710, 5, 1;
L_000002cc096fe370 .part L_000002cc09684710, 5, 1;
L_000002cc096fe870 .concat [ 2 1 0 0], v000002cc0966fc60_0, L_000002cc0968e460;
    .scope S_000002cc091b7140;
T_0 ;
    %wait E_000002cc09603670;
    %load/vec4 v000002cc095f2390_0;
    %nor/r;
    %flag_set/vec4 8;
    %jmp/0xz  T_0.0, 8;
    %pushi/vec4 0, 0, 32;
    %assign/vec4 v000002cc095f3010_0, 0;
    %jmp T_0.1;
T_0.0 ;
    %load/vec4 v000002cc095f2890_0;
    %flag_set/vec4 8;
    %jmp/0xz  T_0.2, 8;
    %load/vec4 v000002cc095f2f70_0;
    %assign/vec4 v000002cc095f3010_0, 0;
T_0.2 ;
T_0.1 ;
    %jmp T_0;
    .thread T_0;
    .scope S_000002cc091b6fb0;
T_1 ;
    %wait E_000002cc09602ff0;
    %load/vec4 v000002cc095f1b70_0;
    %dup/vec4;
    %pushi/vec4 0, 0, 2;
    %cmp/u;
    %jmp/1 T_1.0, 6;
    %dup/vec4;
    %pushi/vec4 1, 0, 2;
    %cmp/u;
    %jmp/1 T_1.1, 6;
    %dup/vec4;
    %pushi/vec4 2, 0, 2;
    %cmp/u;
    %jmp/1 T_1.2, 6;
    %dup/vec4;
    %pushi/vec4 3, 0, 2;
    %cmp/u;
    %jmp/1 T_1.3, 6;
    %load/vec4 v000002cc095f2bb0_0;
    %addi 4, 0, 32;
    %store/vec4 v000002cc095f1a30_0, 0, 32;
    %jmp T_1.5;
T_1.0 ;
    %load/vec4 v000002cc095f2bb0_0;
    %addi 4, 0, 32;
    %store/vec4 v000002cc095f1a30_0, 0, 32;
    %jmp T_1.5;
T_1.1 ;
    %load/vec4 v000002cc095f2bb0_0;
    %load/vec4 v000002cc095f26b0_0;
    %add;
    %store/vec4 v000002cc095f1a30_0, 0, 32;
    %jmp T_1.5;
T_1.2 ;
    %load/vec4 v000002cc095f2bb0_0;
    %load/vec4 v000002cc095f26b0_0;
    %add;
    %store/vec4 v000002cc095f1a30_0, 0, 32;
    %jmp T_1.5;
T_1.3 ;
    %load/vec4 v000002cc095f22f0_0;
    %store/vec4 v000002cc095f1a30_0, 0, 32;
    %jmp T_1.5;
T_1.5 ;
    %pop/vec4 1;
    %jmp T_1;
    .thread T_1, $push;
    .scope S_000002cc091b67d0;
T_2 ;
    %wait E_000002cc09603e30;
    %load/vec4 v000002cc096707a0_0;
    %nor/r;
    %flag_set/vec4 8;
    %jmp/0xz  T_2.0, 8;
    %pushi/vec4 0, 0, 32;
    %store/vec4 v000002cc09670ca0_0, 0, 32;
T_2.2 ;
    %load/vec4 v000002cc09670ca0_0;
    %cmpi/s 32, 0, 32;
    %jmp/0xz T_2.3, 5;
    %load/vec4 v000002cc09670ca0_0;
    %ix/getv/s 3, v000002cc09670ca0_0;
    %ix/load 4, 0, 0; Constant delay
    %assign/vec4/a/d v000002cc09670520, 0, 4;
    %load/vec4 v000002cc09670ca0_0;
    %addi 1, 0, 32;
    %store/vec4 v000002cc09670ca0_0, 0, 32;
    %jmp T_2.2;
T_2.3 ;
    %jmp T_2.1;
T_2.0 ;
    %load/vec4 v000002cc095f30b0_0;
    %flag_set/vec4 9;
    %flag_get/vec4 9;
    %jmp/0 T_2.6, 9;
    %load/vec4 v000002cc095f1cb0_0;
    %pushi/vec4 0, 0, 5;
    %cmp/ne;
    %flag_get/vec4 4;
    %and;
T_2.6;
    %flag_set/vec4 8;
    %jmp/0xz  T_2.4, 8;
    %load/vec4 v000002cc095f2750_0;
    %load/vec4 v000002cc095f1cb0_0;
    %pad/u 7;
    %ix/vec4 3;
    %ix/load 4, 0, 0; Constant delay
    %assign/vec4/a/d v000002cc09670520, 0, 4;
T_2.4 ;
T_2.1 ;
    %jmp T_2;
    .thread T_2;
    .scope S_000002cc091fa3b0;
T_3 ;
    %wait E_000002cc096023f0;
    %load/vec4 v000002cc095f27f0_0;
    %dup/vec4;
    %pushi/vec4 5, 0, 3;
    %cmp/u;
    %jmp/1 T_3.0, 6;
    %dup/vec4;
    %pushi/vec4 0, 0, 3;
    %cmp/u;
    %jmp/1 T_3.1, 6;
    %dup/vec4;
    %pushi/vec4 1, 0, 3;
    %cmp/u;
    %jmp/1 T_3.2, 6;
    %dup/vec4;
    %pushi/vec4 2, 0, 3;
    %cmp/u;
    %jmp/1 T_3.3, 6;
    %dup/vec4;
    %pushi/vec4 3, 0, 3;
    %cmp/u;
    %jmp/1 T_3.4, 6;
    %dup/vec4;
    %pushi/vec4 4, 0, 3;
    %cmp/u;
    %jmp/1 T_3.5, 6;
    %pushi/vec4 0, 0, 32;
    %assign/vec4 v000002cc095f2a70_0, 0;
    %jmp T_3.7;
T_3.0 ;
    %pushi/vec4 0, 0, 27;
    %load/vec4 v000002cc095f1ad0_0;
    %concat/vec4; draw_concat_vec4
    %assign/vec4 v000002cc095f2a70_0, 0;
    %jmp T_3.7;
T_3.1 ;
    %load/vec4 v000002cc095f2b10_0;
    %parti/s 1, 11, 5;
    %replicate 20;
    %load/vec4 v000002cc095f2b10_0;
    %concat/vec4; draw_concat_vec4
    %assign/vec4 v000002cc095f2a70_0, 0;
    %jmp T_3.7;
T_3.2 ;
    %load/vec4 v000002cc095f2ed0_0;
    %parti/s 1, 11, 5;
    %replicate 20;
    %load/vec4 v000002cc095f2ed0_0;
    %concat/vec4; draw_concat_vec4
    %assign/vec4 v000002cc095f2a70_0, 0;
    %jmp T_3.7;
T_3.3 ;
    %load/vec4 v000002cc095f1f30_0;
    %parti/s 1, 11, 5;
    %replicate 19;
    %load/vec4 v000002cc095f1f30_0;
    %concat/vec4; draw_concat_vec4
    %concati/vec4 0, 0, 1;
    %assign/vec4 v000002cc095f2a70_0, 0;
    %jmp T_3.7;
T_3.4 ;
    %load/vec4 v000002cc095f2250_0;
    %concati/vec4 0, 0, 12;
    %assign/vec4 v000002cc095f2a70_0, 0;
    %jmp T_3.7;
T_3.5 ;
    %load/vec4 v000002cc095f2e30_0;
    %parti/s 1, 19, 6;
    %replicate 11;
    %load/vec4 v000002cc095f2e30_0;
    %concat/vec4; draw_concat_vec4
    %concati/vec4 0, 0, 1;
    %assign/vec4 v000002cc095f2a70_0, 0;
    %jmp T_3.7;
T_3.7 ;
    %pop/vec4 1;
    %jmp T_3;
    .thread T_3, $push;
    .scope S_000002cc091bd990;
T_4 ;
    %wait E_000002cc096040b0;
    %pushi/vec4 0, 0, 2;
    %store/vec4 v000002cc09670ac0_0, 0, 2;
    %pushi/vec4 0, 0, 2;
    %store/vec4 v000002cc0966fc60_0, 0, 2;
    %pushi/vec4 0, 0, 1;
    %store/vec4 v000002cc09671060_0, 0, 1;
    %pushi/vec4 0, 0, 5;
    %store/vec4 v000002cc09670200_0, 0, 5;
    %pushi/vec4 0, 0, 3;
    %store/vec4 v000002cc09670840_0, 0, 3;
    %pushi/vec4 0, 0, 3;
    %store/vec4 v000002cc0966fa80_0, 0, 3;
    %load/vec4 v000002cc0967d380_0;
    %flag_set/vec4 9;
    %flag_get/vec4 9;
    %jmp/0 T_4.2, 9;
    %load/vec4 v000002cc09670980_0;
    %and;
T_4.2;
    %flag_set/vec4 8;
    %jmp/0xz  T_4.0, 8;
    %pushi/vec4 1, 0, 2;
    %store/vec4 v000002cc09670ac0_0, 0, 2;
    %jmp T_4.1;
T_4.0 ;
    %load/vec4 v000002cc0967dce0_0;
    %flag_set/vec4 8;
    %jmp/0xz  T_4.3, 8;
    %pushi/vec4 2, 0, 2;
    %store/vec4 v000002cc09670ac0_0, 0, 2;
    %jmp T_4.4;
T_4.3 ;
    %load/vec4 v000002cc0967dd80_0;
    %flag_set/vec4 8;
    %jmp/0xz  T_4.5, 8;
    %pushi/vec4 3, 0, 2;
    %store/vec4 v000002cc09670ac0_0, 0, 2;
T_4.5 ;
T_4.4 ;
T_4.1 ;
    %load/vec4 v000002cc0967d560_0;
    %flag_set/vec4 8;
    %jmp/0xz  T_4.7, 8;
    %pushi/vec4 1, 0, 2;
    %store/vec4 v000002cc0966fc60_0, 0, 2;
    %jmp T_4.8;
T_4.7 ;
    %load/vec4 v000002cc0967d100_0;
    %flag_set/vec4 8;
    %jmp/0xz  T_4.9, 8;
    %pushi/vec4 1, 0, 2;
    %store/vec4 v000002cc0966fc60_0, 0, 2;
    %jmp T_4.10;
T_4.9 ;
    %load/vec4 v000002cc0967d380_0;
    %flag_set/vec4 8;
    %jmp/0xz  T_4.11, 8;
    %pushi/vec4 2, 0, 2;
    %store/vec4 v000002cc0966fc60_0, 0, 2;
    %jmp T_4.12;
T_4.11 ;
    %load/vec4 v000002cc0967c980_0;
    %flag_set/vec4 8;
    %jmp/0xz  T_4.13, 8;
    %pushi/vec4 3, 0, 2;
    %store/vec4 v000002cc0966fc60_0, 0, 2;
    %jmp T_4.14;
T_4.13 ;
    %load/vec4 v000002cc0967cde0_0;
    %flag_set/vec4 8;
    %jmp/0xz  T_4.15, 8;
    %pushi/vec4 0, 0, 2;
    %store/vec4 v000002cc0966fc60_0, 0, 2;
T_4.15 ;
T_4.14 ;
T_4.12 ;
T_4.10 ;
T_4.8 ;
    %load/vec4 v000002cc0967c700_0;
    %load/vec4 v000002cc0967c7a0_0;
    %or;
    %load/vec4 v000002cc0967d100_0;
    %or;
    %load/vec4 v000002cc0967dce0_0;
    %or;
    %load/vec4 v000002cc0967dd80_0;
    %or;
    %flag_set/vec4 8;
    %jmp/0xz  T_4.17, 8;
    %pushi/vec4 1, 0, 1;
    %store/vec4 v000002cc09671060_0, 0, 1;
T_4.17 ;
    %load/vec4 v000002cc0967c520_0;
    %flag_set/vec4 8;
    %jmp/0xz  T_4.19, 8;
    %pushi/vec4 1, 0, 5;
    %store/vec4 v000002cc09670200_0, 0, 5;
    %jmp T_4.20;
T_4.19 ;
    %load/vec4 v000002cc0967e5a0_0;
    %load/vec4 v000002cc0967c8e0_0;
    %or;
    %flag_set/vec4 8;
    %jmp/0xz  T_4.21, 8;
    %pushi/vec4 2, 0, 5;
    %store/vec4 v000002cc09670200_0, 0, 5;
    %jmp T_4.22;
T_4.21 ;
    %load/vec4 v000002cc0967e0a0_0;
    %load/vec4 v000002cc0967cf20_0;
    %or;
    %flag_set/vec4 8;
    %jmp/0xz  T_4.23, 8;
    %pushi/vec4 3, 0, 5;
    %store/vec4 v000002cc09670200_0, 0, 5;
    %jmp T_4.24;
T_4.23 ;
    %load/vec4 v000002cc0967d6a0_0;
    %load/vec4 v000002cc0967cfc0_0;
    %or;
    %flag_set/vec4 8;
    %jmp/0xz  T_4.25, 8;
    %pushi/vec4 4, 0, 5;
    %store/vec4 v000002cc09670200_0, 0, 5;
    %jmp T_4.26;
T_4.25 ;
    %load/vec4 v000002cc0967e780_0;
    %load/vec4 v000002cc0967cb60_0;
    %or;
    %flag_set/vec4 8;
    %jmp/0xz  T_4.27, 8;
    %pushi/vec4 8, 0, 5;
    %store/vec4 v000002cc09670200_0, 0, 5;
    %jmp T_4.28;
T_4.27 ;
    %load/vec4 v000002cc0967c3e0_0;
    %load/vec4 v000002cc0967c480_0;
    %or;
    %flag_set/vec4 8;
    %jmp/0xz  T_4.29, 8;
    %pushi/vec4 9, 0, 5;
    %store/vec4 v000002cc09670200_0, 0, 5;
    %jmp T_4.30;
T_4.29 ;
    %load/vec4 v000002cc0967ca20_0;
    %load/vec4 v000002cc0967d600_0;
    %or;
    %flag_set/vec4 8;
    %jmp/0xz  T_4.31, 8;
    %pushi/vec4 10, 0, 5;
    %store/vec4 v000002cc09670200_0, 0, 5;
    %jmp T_4.32;
T_4.31 ;
    %load/vec4 v000002cc0967e320_0;
    %load/vec4 v000002cc0967e3c0_0;
    %or;
    %flag_set/vec4 8;
    %jmp/0xz  T_4.33, 8;
    %pushi/vec4 12, 0, 5;
    %store/vec4 v000002cc09670200_0, 0, 5;
    %jmp T_4.34;
T_4.33 ;
    %load/vec4 v000002cc0967e960_0;
    %load/vec4 v000002cc0967d7e0_0;
    %or;
    %flag_set/vec4 8;
    %jmp/0xz  T_4.35, 8;
    %pushi/vec4 13, 0, 5;
    %store/vec4 v000002cc09670200_0, 0, 5;
    %jmp T_4.36;
T_4.35 ;
    %load/vec4 v000002cc0967df60_0;
    %flag_set/vec4 8;
    %jmp/0xz  T_4.37, 8;
    %pushi/vec4 16, 0, 5;
    %store/vec4 v000002cc09670200_0, 0, 5;
    %jmp T_4.38;
T_4.37 ;
    %load/vec4 v000002cc0967cca0_0;
    %flag_set/vec4 8;
    %jmp/0xz  T_4.39, 8;
    %pushi/vec4 17, 0, 5;
    %store/vec4 v000002cc09670200_0, 0, 5;
    %jmp T_4.40;
T_4.39 ;
    %load/vec4 v000002cc0967d9c0_0;
    %flag_set/vec4 8;
    %jmp/0xz  T_4.41, 8;
    %pushi/vec4 20, 0, 5;
    %store/vec4 v000002cc09670200_0, 0, 5;
    %jmp T_4.42;
T_4.41 ;
    %load/vec4 v000002cc0967c660_0;
    %flag_set/vec4 8;
    %jmp/0xz  T_4.43, 8;
    %pushi/vec4 21, 0, 5;
    %store/vec4 v000002cc09670200_0, 0, 5;
    %jmp T_4.44;
T_4.43 ;
    %load/vec4 v000002cc0967e820_0;
    %flag_set/vec4 8;
    %jmp/0xz  T_4.45, 8;
    %pushi/vec4 22, 0, 5;
    %store/vec4 v000002cc09670200_0, 0, 5;
    %jmp T_4.46;
T_4.45 ;
    %load/vec4 v000002cc0967e500_0;
    %flag_set/vec4 8;
    %jmp/0xz  T_4.47, 8;
    %pushi/vec4 23, 0, 5;
    %store/vec4 v000002cc09670200_0, 0, 5;
T_4.47 ;
T_4.46 ;
T_4.44 ;
T_4.42 ;
T_4.40 ;
T_4.38 ;
T_4.36 ;
T_4.34 ;
T_4.32 ;
T_4.30 ;
T_4.28 ;
T_4.26 ;
T_4.24 ;
T_4.22 ;
T_4.20 ;
    %load/vec4 v000002cc0967d060_0;
    %load/vec4 v000002cc0967e000_0;
    %or;
    %flag_set/vec4 8;
    %jmp/0xz  T_4.49, 8;
    %pushi/vec4 3, 0, 3;
    %store/vec4 v000002cc09670840_0, 0, 3;
    %jmp T_4.50;
T_4.49 ;
    %load/vec4 v000002cc0967d740_0;
    %load/vec4 v000002cc0967c340_0;
    %or;
    %flag_set/vec4 8;
    %jmp/0xz  T_4.51, 8;
    %pushi/vec4 1, 0, 3;
    %store/vec4 v000002cc09670840_0, 0, 3;
    %jmp T_4.52;
T_4.51 ;
    %load/vec4 v000002cc0967db00_0;
    %flag_set/vec4 8;
    %jmp/0xz  T_4.53, 8;
    %pushi/vec4 4, 0, 3;
    %store/vec4 v000002cc09670840_0, 0, 3;
    %jmp T_4.54;
T_4.53 ;
    %load/vec4 v000002cc0967dba0_0;
    %flag_set/vec4 8;
    %jmp/0xz  T_4.55, 8;
    %pushi/vec4 2, 0, 3;
    %store/vec4 v000002cc09670840_0, 0, 3;
T_4.55 ;
T_4.54 ;
T_4.52 ;
T_4.50 ;
    %load/vec4 v000002cc0967c7a0_0;
    %flag_set/vec4 8;
    %jmp/0xz  T_4.57, 8;
    %pushi/vec4 1, 0, 3;
    %store/vec4 v000002cc0966fa80_0, 0, 3;
    %jmp T_4.58;
T_4.57 ;
    %load/vec4 v000002cc0967dce0_0;
    %load/vec4 v000002cc0967dd80_0;
    %or;
    %flag_set/vec4 8;
    %jmp/0xz  T_4.59, 8;
    %pushi/vec4 2, 0, 3;
    %store/vec4 v000002cc0966fa80_0, 0, 3;
    %jmp T_4.60;
T_4.59 ;
    %load/vec4 v000002cc0967e640_0;
    %flag_set/vec4 8;
    %jmp/0xz  T_4.61, 8;
    %pushi/vec4 3, 0, 3;
    %store/vec4 v000002cc0966fa80_0, 0, 3;
    %jmp T_4.62;
T_4.61 ;
    %load/vec4 v000002cc0967e280_0;
    %flag_set/vec4 8;
    %jmp/0xz  T_4.63, 8;
    %pushi/vec4 4, 0, 3;
    %store/vec4 v000002cc0966fa80_0, 0, 3;
T_4.63 ;
T_4.62 ;
T_4.60 ;
T_4.58 ;
    %jmp T_4;
    .thread T_4, $push;
    .scope S_000002cc091b6960;
T_5 ;
    %wait E_000002cc096041f0;
    %pushi/vec4 0, 0, 32;
    %store/vec4 v000002cc096716a0_0, 0, 32;
    %load/vec4 v000002cc09671740_0;
    %dup/vec4;
    %pushi/vec4 0, 0, 5;
    %cmp/u;
    %jmp/1 T_5.0, 6;
    %dup/vec4;
    %pushi/vec4 1, 0, 5;
    %cmp/u;
    %jmp/1 T_5.1, 6;
    %dup/vec4;
    %pushi/vec4 2, 0, 5;
    %cmp/u;
    %jmp/1 T_5.2, 6;
    %dup/vec4;
    %pushi/vec4 3, 0, 5;
    %cmp/u;
    %jmp/1 T_5.3, 6;
    %dup/vec4;
    %pushi/vec4 4, 0, 5;
    %cmp/u;
    %jmp/1 T_5.4, 6;
    %dup/vec4;
    %pushi/vec4 8, 0, 5;
    %cmp/u;
    %jmp/1 T_5.5, 6;
    %dup/vec4;
    %pushi/vec4 9, 0, 5;
    %cmp/u;
    %jmp/1 T_5.6, 6;
    %dup/vec4;
    %pushi/vec4 10, 0, 5;
    %cmp/u;
    %jmp/1 T_5.7, 6;
    %dup/vec4;
    %pushi/vec4 12, 0, 5;
    %cmp/u;
    %jmp/1 T_5.8, 6;
    %dup/vec4;
    %pushi/vec4 13, 0, 5;
    %cmp/u;
    %jmp/1 T_5.9, 6;
    %dup/vec4;
    %pushi/vec4 16, 0, 5;
    %cmp/u;
    %jmp/1 T_5.10, 6;
    %dup/vec4;
    %pushi/vec4 17, 0, 5;
    %cmp/u;
    %jmp/1 T_5.11, 6;
    %dup/vec4;
    %pushi/vec4 20, 0, 5;
    %cmp/u;
    %jmp/1 T_5.12, 6;
    %dup/vec4;
    %pushi/vec4 21, 0, 5;
    %cmp/u;
    %jmp/1 T_5.13, 6;
    %dup/vec4;
    %pushi/vec4 22, 0, 5;
    %cmp/u;
    %jmp/1 T_5.14, 6;
    %dup/vec4;
    %pushi/vec4 23, 0, 5;
    %cmp/u;
    %jmp/1 T_5.15, 6;
    %pushi/vec4 0, 0, 32;
    %store/vec4 v000002cc096716a0_0, 0, 32;
    %jmp T_5.17;
T_5.0 ;
    %load/vec4 v000002cc096705c0_0;
    %load/vec4 v000002cc0966f8a0_0;
    %add;
    %store/vec4 v000002cc096716a0_0, 0, 32;
    %jmp T_5.17;
T_5.1 ;
    %load/vec4 v000002cc096705c0_0;
    %load/vec4 v000002cc0966f8a0_0;
    %sub;
    %store/vec4 v000002cc096716a0_0, 0, 32;
    %jmp T_5.17;
T_5.2 ;
    %load/vec4 v000002cc096705c0_0;
    %load/vec4 v000002cc0966f8a0_0;
    %and;
    %store/vec4 v000002cc096716a0_0, 0, 32;
    %jmp T_5.17;
T_5.3 ;
    %load/vec4 v000002cc096705c0_0;
    %load/vec4 v000002cc0966f8a0_0;
    %or;
    %store/vec4 v000002cc096716a0_0, 0, 32;
    %jmp T_5.17;
T_5.4 ;
    %load/vec4 v000002cc096705c0_0;
    %load/vec4 v000002cc0966f8a0_0;
    %xor;
    %store/vec4 v000002cc096716a0_0, 0, 32;
    %jmp T_5.17;
T_5.5 ;
    %load/vec4 v000002cc096705c0_0;
    %load/vec4 v000002cc0966f8a0_0;
    %parti/s 5, 0, 2;
    %ix/vec4 4;
    %shiftl 4;
    %store/vec4 v000002cc096716a0_0, 0, 32;
    %jmp T_5.17;
T_5.6 ;
    %load/vec4 v000002cc096705c0_0;
    %load/vec4 v000002cc0966f8a0_0;
    %parti/s 5, 0, 2;
    %ix/vec4 4;
    %shiftr 4;
    %store/vec4 v000002cc096716a0_0, 0, 32;
    %jmp T_5.17;
T_5.7 ;
    %load/vec4 v000002cc096705c0_0;
    %load/vec4 v000002cc0966f8a0_0;
    %parti/s 5, 0, 2;
    %ix/vec4 4;
    %shiftr/s 4;
    %store/vec4 v000002cc096716a0_0, 0, 32;
    %jmp T_5.17;
T_5.8 ;
    %load/vec4 v000002cc096705c0_0;
    %load/vec4 v000002cc0966f8a0_0;
    %cmp/s;
    %flag_mov 8, 5;
    %jmp/0 T_5.18, 8;
    %pushi/vec4 1, 0, 32;
    %jmp/1 T_5.19, 8;
T_5.18 ; End of true expr.
    %pushi/vec4 0, 0, 32;
    %jmp/0 T_5.19, 8;
 ; End of false expr.
    %blend;
T_5.19;
    %store/vec4 v000002cc096716a0_0, 0, 32;
    %jmp T_5.17;
T_5.9 ;
    %load/vec4 v000002cc096705c0_0;
    %load/vec4 v000002cc0966f8a0_0;
    %cmp/u;
    %flag_mov 8, 5;
    %jmp/0 T_5.20, 8;
    %pushi/vec4 1, 0, 32;
    %jmp/1 T_5.21, 8;
T_5.20 ; End of true expr.
    %pushi/vec4 0, 0, 32;
    %jmp/0 T_5.21, 8;
 ; End of false expr.
    %blend;
T_5.21;
    %store/vec4 v000002cc096716a0_0, 0, 32;
    %jmp T_5.17;
T_5.10 ;
    %pushi/vec4 0, 0, 31;
    %load/vec4 v000002cc096705c0_0;
    %load/vec4 v000002cc0966f8a0_0;
    %cmp/e;
    %flag_get/vec4 4;
    %concat/vec4; draw_concat_vec4
    %store/vec4 v000002cc096716a0_0, 0, 32;
    %jmp T_5.17;
T_5.11 ;
    %pushi/vec4 0, 0, 31;
    %load/vec4 v000002cc096705c0_0;
    %load/vec4 v000002cc0966f8a0_0;
    %cmp/ne;
    %flag_get/vec4 4;
    %concat/vec4; draw_concat_vec4
    %store/vec4 v000002cc096716a0_0, 0, 32;
    %jmp T_5.17;
T_5.12 ;
    %pushi/vec4 0, 0, 31;
    %load/vec4 v000002cc096705c0_0;
    %load/vec4 v000002cc0966f8a0_0;
    %cmp/s;
    %flag_get/vec4 5;
    %concat/vec4; draw_concat_vec4
    %store/vec4 v000002cc096716a0_0, 0, 32;
    %jmp T_5.17;
T_5.13 ;
    %pushi/vec4 0, 0, 31;
    %load/vec4 v000002cc0966f8a0_0;
    %load/vec4 v000002cc096705c0_0;
    %cmp/s;
    %flag_get/vec4 4;
    %flag_get/vec4 5;
    %or;
    %concat/vec4; draw_concat_vec4
    %store/vec4 v000002cc096716a0_0, 0, 32;
    %jmp T_5.17;
T_5.14 ;
    %pushi/vec4 0, 0, 31;
    %load/vec4 v000002cc096705c0_0;
    %load/vec4 v000002cc0966f8a0_0;
    %cmp/u;
    %flag_get/vec4 5;
    %concat/vec4; draw_concat_vec4
    %store/vec4 v000002cc096716a0_0, 0, 32;
    %jmp T_5.17;
T_5.15 ;
    %pushi/vec4 0, 0, 31;
    %load/vec4 v000002cc0966f8a0_0;
    %load/vec4 v000002cc096705c0_0;
    %cmp/u;
    %flag_get/vec4 4;
    %flag_get/vec4 5;
    %or;
    %concat/vec4; draw_concat_vec4
    %store/vec4 v000002cc096716a0_0, 0, 32;
    %jmp T_5.17;
T_5.17 ;
    %pop/vec4 1;
    %load/vec4 v000002cc096716a0_0;
    %cmpi/e 0, 0, 32;
    %flag_mov 8, 4;
    %jmp/0 T_5.22, 8;
    %pushi/vec4 1, 0, 2;
    %jmp/1 T_5.23, 8;
T_5.22 ; End of true expr.
    %pushi/vec4 0, 0, 2;
    %jmp/0 T_5.23, 8;
 ; End of false expr.
    %blend;
T_5.23;
    %pad/s 1;
    %store/vec4 v000002cc09671240_0, 0, 1;
    %jmp T_5;
    .thread T_5, $push;
    .scope S_000002cc091fa220;
T_6 ;
    %wait E_000002cc09602030;
    %load/vec4 v000002cc09680e40_0;
    %dup/vec4;
    %pushi/vec4 3, 0, 3;
    %cmp/u;
    %jmp/1 T_6.0, 6;
    %dup/vec4;
    %pushi/vec4 4, 0, 3;
    %cmp/u;
    %jmp/1 T_6.1, 6;
    %dup/vec4;
    %pushi/vec4 1, 0, 3;
    %cmp/u;
    %jmp/1 T_6.2, 6;
    %dup/vec4;
    %pushi/vec4 2, 0, 3;
    %cmp/u;
    %jmp/1 T_6.3, 6;
    %dup/vec4;
    %pushi/vec4 0, 0, 3;
    %cmp/u;
    %jmp/1 T_6.4, 6;
    %load/vec4 v000002cc09680080_0;
    %store/vec4 v000002cc096842b0_0, 0, 32;
    %jmp T_6.6;
T_6.0 ;
    %load/vec4 v000002cc096848f0_0;
    %parti/s 1, 7, 4;
    %replicate 24;
    %load/vec4 v000002cc096848f0_0;
    %concat/vec4; draw_concat_vec4
    %store/vec4 v000002cc096842b0_0, 0, 32;
    %jmp T_6.6;
T_6.1 ;
    %pushi/vec4 0, 0, 24;
    %load/vec4 v000002cc096848f0_0;
    %concat/vec4; draw_concat_vec4
    %store/vec4 v000002cc096842b0_0, 0, 32;
    %jmp T_6.6;
T_6.2 ;
    %load/vec4 v000002cc09686970_0;
    %parti/s 1, 15, 5;
    %replicate 16;
    %load/vec4 v000002cc09686970_0;
    %concat/vec4; draw_concat_vec4
    %store/vec4 v000002cc096842b0_0, 0, 32;
    %jmp T_6.6;
T_6.3 ;
    %pushi/vec4 0, 0, 16;
    %load/vec4 v000002cc09686970_0;
    %concat/vec4; draw_concat_vec4
    %store/vec4 v000002cc096842b0_0, 0, 32;
    %jmp T_6.6;
T_6.4 ;
    %load/vec4 v000002cc09680080_0;
    %store/vec4 v000002cc096842b0_0, 0, 32;
    %jmp T_6.6;
T_6.6 ;
    %pop/vec4 1;
    %jmp T_6;
    .thread T_6, $push;
    .scope S_000002cc09215d90;
T_7 ;
    %pushi/vec4 0, 0, 32;
    %store/vec4 v000002cc095f0090_0, 0, 32;
T_7.0 ;
    %load/vec4 v000002cc095f0090_0;
    %cmpi/s 128, 0, 32;
    %jmp/0xz T_7.1, 5;
    %pushi/vec4 0, 0, 32;
    %ix/getv/s 4, v000002cc095f0090_0;
    %store/vec4a v000002cc095efa50, 4, 0;
    %load/vec4 v000002cc095f0090_0;
    %addi 1, 0, 32;
    %store/vec4 v000002cc095f0090_0, 0, 32;
    %jmp T_7.0;
T_7.1 ;
    %end;
    .thread T_7;
    .scope S_000002cc09215d90;
T_8 ;
    %wait E_000002cc09601eb0;
    %load/vec4 v000002cc095ef370_0;
    %flag_set/vec4 8;
    %jmp/0xz  T_8.0, 8;
    %load/vec4 v000002cc095f0a90_0;
    %load/vec4 v000002cc095eff50_0;
    %pad/u 9;
    %ix/vec4 3;
    %ix/load 4, 0, 0; Constant delay
    %assign/vec4/a/d v000002cc095efa50, 0, 4;
T_8.0 ;
    %jmp T_8;
    .thread T_8;
    .scope S_000002cc09215d90;
T_9 ;
    %wait E_000002cc09601bb0;
    %load/vec4 v000002cc095eff50_0;
    %pad/u 9;
    %ix/vec4 4;
    %load/vec4a v000002cc095efa50, 4;
    %store/vec4 v000002cc095ef7d0_0, 0, 32;
    %jmp T_9;
    .thread T_9, $push;
    .scope S_000002cc0921c980;
T_10 ;
    %pushi/vec4 0, 0, 32;
    %store/vec4 v000002cc09684530_0, 0, 32;
    %end;
    .thread T_10;
    .scope S_000002cc0921c980;
T_11 ;
    %vpi_call 2 18 "$readmemh", "Test_8_Instr.dat", v000002cc095f1670 {0 0 0};
    %vpi_call 2 19 "$monitor", "PC = 0x%8X, instr = 0x%8X", v000002cc096856b0_0, v000002cc096861f0_0 {0 0 0};
    %vpi_func 2 20 "$fopen" 32, "results.txt" {0 0 0};
    %store/vec4 v000002cc096857f0_0, 0, 32;
    %pushi/vec4 1, 0, 1;
    %store/vec4 v000002cc09685cf0_0, 0, 1;
    %pushi/vec4 1, 0, 1;
    %store/vec4 v000002cc09684670_0, 0, 1;
    %delay 5000, 0;
    %pushi/vec4 0, 0, 1;
    %store/vec4 v000002cc09684670_0, 0, 1;
    %delay 20000, 0;
    %pushi/vec4 1, 0, 1;
    %store/vec4 v000002cc09684670_0, 0, 1;
    %delay 1000000, 0;
    %pushi/vec4 7, 0, 5;
    %store/vec4 v000002cc096845d0_0, 0, 5;
    %end;
    .thread T_11;
    .scope S_000002cc0921c980;
T_12 ;
    %delay 50000, 0;
    %load/vec4 v000002cc09685cf0_0;
    %inv;
    %store/vec4 v000002cc09685cf0_0, 0, 1;
    %load/vec4 v000002cc09685cf0_0;
    %cmpi/e 1, 0, 1;
    %jmp/0xz  T_12.0, 4;
    %load/vec4 v000002cc09684530_0;
    %cmpi/e 1000, 0, 32;
    %jmp/1 T_12.4, 4;
    %flag_mov 8, 4;
    %load/vec4 v000002cc0967f360_0;
    %cmpi/e 4294967295, 4294967295, 32;
    %flag_or 6, 8;
    %flag_mov 4, 6;
T_12.4;
    %jmp/0xz  T_12.2, 4;
    %vpi_call 2 36 "$fclose", v000002cc096857f0_0 {0 0 0};
    %vpi_call 2 37 "$stop" {0 0 0};
    %jmp T_12.3;
T_12.2 ;
    %load/vec4 v000002cc096856b0_0;
    %cmpi/e 72, 0, 32;
    %jmp/0xz  T_12.5, 4;
    %load/vec4 v000002cc09684530_0;
    %addi 1, 0, 32;
    %store/vec4 v000002cc09684530_0, 0, 32;
    %vpi_call 2 42 "$fdisplay", v000002cc096857f0_0, "pc:\011 %h", v000002cc096856b0_0 {0 0 0};
    %vpi_call 2 43 "$fdisplay", v000002cc096857f0_0, "instr:\011\011 %h", v000002cc096861f0_0 {0 0 0};
    %vpi_call 2 44 "$fdisplay", v000002cc096857f0_0, "rf00-03:\011 %h %h %h %h", 32'sb00000000000000000000000000000000, &A<v000002cc09670520, 1>, &A<v000002cc09670520, 2>, &A<v000002cc09670520, 3> {0 0 0};
    %vpi_call 2 45 "$fdisplay", v000002cc096857f0_0, "rf04-07:\011 %h %h %h %h", &A<v000002cc09670520, 4>, &A<v000002cc09670520, 5>, &A<v000002cc09670520, 6>, &A<v000002cc09670520, 7> {0 0 0};
    %vpi_call 2 46 "$fdisplay", v000002cc096857f0_0, "rf08-11:\011 %h %h %h %h", &A<v000002cc09670520, 8>, &A<v000002cc09670520, 9>, &A<v000002cc09670520, 10>, &A<v000002cc09670520, 11> {0 0 0};
    %vpi_call 2 47 "$fdisplay", v000002cc096857f0_0, "rf12-15:\011 %h %h %h %h", &A<v000002cc09670520, 12>, &A<v000002cc09670520, 13>, &A<v000002cc09670520, 14>, &A<v000002cc09670520, 15> {0 0 0};
    %vpi_call 2 48 "$fdisplay", v000002cc096857f0_0, "rf16-19:\011 %h %h %h %h", &A<v000002cc09670520, 16>, &A<v000002cc09670520, 17>, &A<v000002cc09670520, 18>, &A<v000002cc09670520, 19> {0 0 0};
    %vpi_call 2 49 "$fdisplay", v000002cc096857f0_0, "rf20-23:\011 %h %h %h %h", &A<v000002cc09670520, 20>, &A<v000002cc09670520, 21>, &A<v000002cc09670520, 22>, &A<v000002cc09670520, 23> {0 0 0};
    %vpi_call 2 50 "$fdisplay", v000002cc096857f0_0, "rf24-27:\011 %h %h %h %h", &A<v000002cc09670520, 24>, &A<v000002cc09670520, 25>, &A<v000002cc09670520, 26>, &A<v000002cc09670520, 27> {0 0 0};
    %vpi_call 2 51 "$fdisplay", v000002cc096857f0_0, "rf28-31:\011 %h %h %h %h", &A<v000002cc09670520, 28>, &A<v000002cc09670520, 29>, &A<v000002cc09670520, 30>, &A<v000002cc09670520, 31> {0 0 0};
    %vpi_call 2 53 "$fclose", v000002cc096857f0_0 {0 0 0};
    %vpi_call 2 54 "$stop" {0 0 0};
    %jmp T_12.6;
T_12.5 ;
    %load/vec4 v000002cc09684530_0;
    %addi 1, 0, 32;
    %store/vec4 v000002cc09684530_0, 0, 32;
    %vpi_call 2 58 "$display", "pc: %h", v000002cc09680440_0 {0 0 0};
    %vpi_call 2 59 "$display", "instr: %h", v000002cc096868d0_0 {0 0 0};
T_12.6 ;
T_12.3 ;
T_12.0 ;
    %jmp T_12;
    .thread T_12;
# The file index is used to find the file name in the following table.
:file_names 13;
    "N/A";
    "<interactive>";
    "sccomp_tb.v";
    "./sccomp.v";
    "./dm.v";
    "./im.v";
    "./SCPU.v";
    "./EXT.v";
    "./NPC_Unit.v";
    "./PC_Unit.v";
    "./RF.v";
    "./alu.v";
    "./ctrl.v";
