#! /c/Source/iverilog-install/bin/vvp
:ivl_version "12.0 (devel)" "(s20150603-1539-g2693dd32b)";
:ivl_delay_selection "TYPICAL";
:vpi_time_precision + 0;
:vpi_module "D:\AppDownload\iverilog\iverilog\lib\ivl\system.vpi";
:vpi_module "D:\AppDownload\iverilog\iverilog\lib\ivl\vhdl_sys.vpi";
:vpi_module "D:\AppDownload\iverilog\iverilog\lib\ivl\vhdl_textio.vpi";
:vpi_module "D:\AppDownload\iverilog\iverilog\lib\ivl\v2005_math.vpi";
:vpi_module "D:\AppDownload\iverilog\iverilog\lib\ivl\va_math.vpi";
S_00000227ba10ca60 .scope module, "sccomp_tb" "sccomp_tb" 2 3;
 .timescale 0 0;
v00000227ba1817b0_0 .var "clk", 0 0;
v00000227ba182250_0 .var/i "counter", 31 0;
v00000227ba182bb0_0 .var/i "foutput", 31 0;
v00000227ba181df0_0 .net "reg_data", 31 0, L_00000227ba1a3310;  1 drivers
v00000227ba180950_0 .var "reg_sel", 4 0;
v00000227ba182750_0 .var "rstn", 0 0;
S_00000227b9c72ca0 .scope module, "U_SCCOMP" "sccomp" 2 10, 3 1 0, S_00000227ba10ca60;
 .timescale 0 0;
    .port_info 0 /INPUT 1 "clk";
    .port_info 1 /INPUT 1 "rstn";
    .port_info 2 /INPUT 5 "reg_sel";
    .port_info 3 /OUTPUT 32 "reg_data";
L_00000227ba0eb930 .functor NOT 1, v00000227ba182750_0, C4<0>, C4<0>, C4<0>;
v00000227ba181cb0_0 .net "MemWrite", 0 0, L_00000227ba19fc30;  1 drivers
v00000227ba182d90_0 .net "PC", 31 0, L_00000227ba19fca0;  1 drivers
v00000227ba181d50_0 .net "clk", 0 0, v00000227ba1817b0_0;  1 drivers
v00000227ba1818f0_0 .net "dm_addr", 31 0, L_00000227ba19ec00;  1 drivers
v00000227ba182610_0 .net "dm_din", 31 0, L_00000227ba19ef80;  1 drivers
v00000227ba181f30_0 .net "dm_dout", 31 0, v00000227ba0ee230_0;  1 drivers
v00000227ba1829d0_0 .net "instr", 31 0, L_00000227ba1a0480;  1 drivers
v00000227ba180e50_0 .net "reg_data", 31 0, L_00000227ba1a3310;  alias, 1 drivers
v00000227ba1826b0_0 .net "reg_sel", 4 0, v00000227ba180950_0;  1 drivers
v00000227ba181990_0 .net "rst", 0 0, L_00000227ba0eb930;  1 drivers
v00000227ba182930_0 .net "rstn", 0 0, v00000227ba182750_0;  1 drivers
L_00000227ba1a3bd0 .part L_00000227ba19ec00, 2, 7;
L_00000227ba1a1fb0 .part L_00000227ba19fca0, 2, 7;
S_00000227b9c72e30 .scope module, "U_DM" "dm" 3 29, 4 1 0, S_00000227b9c72ca0;
 .timescale 0 0;
    .port_info 0 /INPUT 1 "clk";
    .port_info 1 /INPUT 1 "DMWr";
    .port_info 2 /INPUT 7 "addr";
    .port_info 3 /INPUT 32 "din";
    .port_info 4 /OUTPUT 32 "dout";
v00000227ba0ed330_0 .net "DMWr", 0 0, L_00000227ba19fc30;  alias, 1 drivers
v00000227ba0eccf0 .array "RAM", 0 127, 31 0;
v00000227ba0ecbb0_0 .var/i "_i", 31 0;
v00000227ba0ed3d0_0 .net "addr", 6 0, L_00000227ba1a3bd0;  1 drivers
v00000227ba0ec610_0 .net "clk", 0 0, v00000227ba1817b0_0;  alias, 1 drivers
v00000227ba0eec30_0 .net "din", 31 0, L_00000227ba19ef80;  alias, 1 drivers
v00000227ba0ee230_0 .var "dout", 31 0;
v00000227ba0eccf0_0 .array/port v00000227ba0eccf0, 0;
v00000227ba0eccf0_1 .array/port v00000227ba0eccf0, 1;
v00000227ba0eccf0_2 .array/port v00000227ba0eccf0, 2;
E_00000227ba0fed70/0 .event anyedge, v00000227ba0ed3d0_0, v00000227ba0eccf0_0, v00000227ba0eccf0_1, v00000227ba0eccf0_2;
v00000227ba0eccf0_3 .array/port v00000227ba0eccf0, 3;
v00000227ba0eccf0_4 .array/port v00000227ba0eccf0, 4;
v00000227ba0eccf0_5 .array/port v00000227ba0eccf0, 5;
v00000227ba0eccf0_6 .array/port v00000227ba0eccf0, 6;
E_00000227ba0fed70/1 .event anyedge, v00000227ba0eccf0_3, v00000227ba0eccf0_4, v00000227ba0eccf0_5, v00000227ba0eccf0_6;
v00000227ba0eccf0_7 .array/port v00000227ba0eccf0, 7;
v00000227ba0eccf0_8 .array/port v00000227ba0eccf0, 8;
v00000227ba0eccf0_9 .array/port v00000227ba0eccf0, 9;
v00000227ba0eccf0_10 .array/port v00000227ba0eccf0, 10;
E_00000227ba0fed70/2 .event anyedge, v00000227ba0eccf0_7, v00000227ba0eccf0_8, v00000227ba0eccf0_9, v00000227ba0eccf0_10;
v00000227ba0eccf0_11 .array/port v00000227ba0eccf0, 11;
v00000227ba0eccf0_12 .array/port v00000227ba0eccf0, 12;
v00000227ba0eccf0_13 .array/port v00000227ba0eccf0, 13;
v00000227ba0eccf0_14 .array/port v00000227ba0eccf0, 14;
E_00000227ba0fed70/3 .event anyedge, v00000227ba0eccf0_11, v00000227ba0eccf0_12, v00000227ba0eccf0_13, v00000227ba0eccf0_14;
v00000227ba0eccf0_15 .array/port v00000227ba0eccf0, 15;
v00000227ba0eccf0_16 .array/port v00000227ba0eccf0, 16;
v00000227ba0eccf0_17 .array/port v00000227ba0eccf0, 17;
v00000227ba0eccf0_18 .array/port v00000227ba0eccf0, 18;
E_00000227ba0fed70/4 .event anyedge, v00000227ba0eccf0_15, v00000227ba0eccf0_16, v00000227ba0eccf0_17, v00000227ba0eccf0_18;
v00000227ba0eccf0_19 .array/port v00000227ba0eccf0, 19;
v00000227ba0eccf0_20 .array/port v00000227ba0eccf0, 20;
v00000227ba0eccf0_21 .array/port v00000227ba0eccf0, 21;
v00000227ba0eccf0_22 .array/port v00000227ba0eccf0, 22;
E_00000227ba0fed70/5 .event anyedge, v00000227ba0eccf0_19, v00000227ba0eccf0_20, v00000227ba0eccf0_21, v00000227ba0eccf0_22;
v00000227ba0eccf0_23 .array/port v00000227ba0eccf0, 23;
v00000227ba0eccf0_24 .array/port v00000227ba0eccf0, 24;
v00000227ba0eccf0_25 .array/port v00000227ba0eccf0, 25;
v00000227ba0eccf0_26 .array/port v00000227ba0eccf0, 26;
E_00000227ba0fed70/6 .event anyedge, v00000227ba0eccf0_23, v00000227ba0eccf0_24, v00000227ba0eccf0_25, v00000227ba0eccf0_26;
v00000227ba0eccf0_27 .array/port v00000227ba0eccf0, 27;
v00000227ba0eccf0_28 .array/port v00000227ba0eccf0, 28;
v00000227ba0eccf0_29 .array/port v00000227ba0eccf0, 29;
v00000227ba0eccf0_30 .array/port v00000227ba0eccf0, 30;
E_00000227ba0fed70/7 .event anyedge, v00000227ba0eccf0_27, v00000227ba0eccf0_28, v00000227ba0eccf0_29, v00000227ba0eccf0_30;
v00000227ba0eccf0_31 .array/port v00000227ba0eccf0, 31;
v00000227ba0eccf0_32 .array/port v00000227ba0eccf0, 32;
v00000227ba0eccf0_33 .array/port v00000227ba0eccf0, 33;
v00000227ba0eccf0_34 .array/port v00000227ba0eccf0, 34;
E_00000227ba0fed70/8 .event anyedge, v00000227ba0eccf0_31, v00000227ba0eccf0_32, v00000227ba0eccf0_33, v00000227ba0eccf0_34;
v00000227ba0eccf0_35 .array/port v00000227ba0eccf0, 35;
v00000227ba0eccf0_36 .array/port v00000227ba0eccf0, 36;
v00000227ba0eccf0_37 .array/port v00000227ba0eccf0, 37;
v00000227ba0eccf0_38 .array/port v00000227ba0eccf0, 38;
E_00000227ba0fed70/9 .event anyedge, v00000227ba0eccf0_35, v00000227ba0eccf0_36, v00000227ba0eccf0_37, v00000227ba0eccf0_38;
v00000227ba0eccf0_39 .array/port v00000227ba0eccf0, 39;
v00000227ba0eccf0_40 .array/port v00000227ba0eccf0, 40;
v00000227ba0eccf0_41 .array/port v00000227ba0eccf0, 41;
v00000227ba0eccf0_42 .array/port v00000227ba0eccf0, 42;
E_00000227ba0fed70/10 .event anyedge, v00000227ba0eccf0_39, v00000227ba0eccf0_40, v00000227ba0eccf0_41, v00000227ba0eccf0_42;
v00000227ba0eccf0_43 .array/port v00000227ba0eccf0, 43;
v00000227ba0eccf0_44 .array/port v00000227ba0eccf0, 44;
v00000227ba0eccf0_45 .array/port v00000227ba0eccf0, 45;
v00000227ba0eccf0_46 .array/port v00000227ba0eccf0, 46;
E_00000227ba0fed70/11 .event anyedge, v00000227ba0eccf0_43, v00000227ba0eccf0_44, v00000227ba0eccf0_45, v00000227ba0eccf0_46;
v00000227ba0eccf0_47 .array/port v00000227ba0eccf0, 47;
v00000227ba0eccf0_48 .array/port v00000227ba0eccf0, 48;
v00000227ba0eccf0_49 .array/port v00000227ba0eccf0, 49;
v00000227ba0eccf0_50 .array/port v00000227ba0eccf0, 50;
E_00000227ba0fed70/12 .event anyedge, v00000227ba0eccf0_47, v00000227ba0eccf0_48, v00000227ba0eccf0_49, v00000227ba0eccf0_50;
v00000227ba0eccf0_51 .array/port v00000227ba0eccf0, 51;
v00000227ba0eccf0_52 .array/port v00000227ba0eccf0, 52;
v00000227ba0eccf0_53 .array/port v00000227ba0eccf0, 53;
v00000227ba0eccf0_54 .array/port v00000227ba0eccf0, 54;
E_00000227ba0fed70/13 .event anyedge, v00000227ba0eccf0_51, v00000227ba0eccf0_52, v00000227ba0eccf0_53, v00000227ba0eccf0_54;
v00000227ba0eccf0_55 .array/port v00000227ba0eccf0, 55;
v00000227ba0eccf0_56 .array/port v00000227ba0eccf0, 56;
v00000227ba0eccf0_57 .array/port v00000227ba0eccf0, 57;
v00000227ba0eccf0_58 .array/port v00000227ba0eccf0, 58;
E_00000227ba0fed70/14 .event anyedge, v00000227ba0eccf0_55, v00000227ba0eccf0_56, v00000227ba0eccf0_57, v00000227ba0eccf0_58;
v00000227ba0eccf0_59 .array/port v00000227ba0eccf0, 59;
v00000227ba0eccf0_60 .array/port v00000227ba0eccf0, 60;
v00000227ba0eccf0_61 .array/port v00000227ba0eccf0, 61;
v00000227ba0eccf0_62 .array/port v00000227ba0eccf0, 62;
E_00000227ba0fed70/15 .event anyedge, v00000227ba0eccf0_59, v00000227ba0eccf0_60, v00000227ba0eccf0_61, v00000227ba0eccf0_62;
v00000227ba0eccf0_63 .array/port v00000227ba0eccf0, 63;
v00000227ba0eccf0_64 .array/port v00000227ba0eccf0, 64;
v00000227ba0eccf0_65 .array/port v00000227ba0eccf0, 65;
v00000227ba0eccf0_66 .array/port v00000227ba0eccf0, 66;
E_00000227ba0fed70/16 .event anyedge, v00000227ba0eccf0_63, v00000227ba0eccf0_64, v00000227ba0eccf0_65, v00000227ba0eccf0_66;
v00000227ba0eccf0_67 .array/port v00000227ba0eccf0, 67;
v00000227ba0eccf0_68 .array/port v00000227ba0eccf0, 68;
v00000227ba0eccf0_69 .array/port v00000227ba0eccf0, 69;
v00000227ba0eccf0_70 .array/port v00000227ba0eccf0, 70;
E_00000227ba0fed70/17 .event anyedge, v00000227ba0eccf0_67, v00000227ba0eccf0_68, v00000227ba0eccf0_69, v00000227ba0eccf0_70;
v00000227ba0eccf0_71 .array/port v00000227ba0eccf0, 71;
v00000227ba0eccf0_72 .array/port v00000227ba0eccf0, 72;
v00000227ba0eccf0_73 .array/port v00000227ba0eccf0, 73;
v00000227ba0eccf0_74 .array/port v00000227ba0eccf0, 74;
E_00000227ba0fed70/18 .event anyedge, v00000227ba0eccf0_71, v00000227ba0eccf0_72, v00000227ba0eccf0_73, v00000227ba0eccf0_74;
v00000227ba0eccf0_75 .array/port v00000227ba0eccf0, 75;
v00000227ba0eccf0_76 .array/port v00000227ba0eccf0, 76;
v00000227ba0eccf0_77 .array/port v00000227ba0eccf0, 77;
v00000227ba0eccf0_78 .array/port v00000227ba0eccf0, 78;
E_00000227ba0fed70/19 .event anyedge, v00000227ba0eccf0_75, v00000227ba0eccf0_76, v00000227ba0eccf0_77, v00000227ba0eccf0_78;
v00000227ba0eccf0_79 .array/port v00000227ba0eccf0, 79;
v00000227ba0eccf0_80 .array/port v00000227ba0eccf0, 80;
v00000227ba0eccf0_81 .array/port v00000227ba0eccf0, 81;
v00000227ba0eccf0_82 .array/port v00000227ba0eccf0, 82;
E_00000227ba0fed70/20 .event anyedge, v00000227ba0eccf0_79, v00000227ba0eccf0_80, v00000227ba0eccf0_81, v00000227ba0eccf0_82;
v00000227ba0eccf0_83 .array/port v00000227ba0eccf0, 83;
v00000227ba0eccf0_84 .array/port v00000227ba0eccf0, 84;
v00000227ba0eccf0_85 .array/port v00000227ba0eccf0, 85;
v00000227ba0eccf0_86 .array/port v00000227ba0eccf0, 86;
E_00000227ba0fed70/21 .event anyedge, v00000227ba0eccf0_83, v00000227ba0eccf0_84, v00000227ba0eccf0_85, v00000227ba0eccf0_86;
v00000227ba0eccf0_87 .array/port v00000227ba0eccf0, 87;
v00000227ba0eccf0_88 .array/port v00000227ba0eccf0, 88;
v00000227ba0eccf0_89 .array/port v00000227ba0eccf0, 89;
v00000227ba0eccf0_90 .array/port v00000227ba0eccf0, 90;
E_00000227ba0fed70/22 .event anyedge, v00000227ba0eccf0_87, v00000227ba0eccf0_88, v00000227ba0eccf0_89, v00000227ba0eccf0_90;
v00000227ba0eccf0_91 .array/port v00000227ba0eccf0, 91;
v00000227ba0eccf0_92 .array/port v00000227ba0eccf0, 92;
v00000227ba0eccf0_93 .array/port v00000227ba0eccf0, 93;
v00000227ba0eccf0_94 .array/port v00000227ba0eccf0, 94;
E_00000227ba0fed70/23 .event anyedge, v00000227ba0eccf0_91, v00000227ba0eccf0_92, v00000227ba0eccf0_93, v00000227ba0eccf0_94;
v00000227ba0eccf0_95 .array/port v00000227ba0eccf0, 95;
v00000227ba0eccf0_96 .array/port v00000227ba0eccf0, 96;
v00000227ba0eccf0_97 .array/port v00000227ba0eccf0, 97;
v00000227ba0eccf0_98 .array/port v00000227ba0eccf0, 98;
E_00000227ba0fed70/24 .event anyedge, v00000227ba0eccf0_95, v00000227ba0eccf0_96, v00000227ba0eccf0_97, v00000227ba0eccf0_98;
v00000227ba0eccf0_99 .array/port v00000227ba0eccf0, 99;
v00000227ba0eccf0_100 .array/port v00000227ba0eccf0, 100;
v00000227ba0eccf0_101 .array/port v00000227ba0eccf0, 101;
v00000227ba0eccf0_102 .array/port v00000227ba0eccf0, 102;
E_00000227ba0fed70/25 .event anyedge, v00000227ba0eccf0_99, v00000227ba0eccf0_100, v00000227ba0eccf0_101, v00000227ba0eccf0_102;
v00000227ba0eccf0_103 .array/port v00000227ba0eccf0, 103;
v00000227ba0eccf0_104 .array/port v00000227ba0eccf0, 104;
v00000227ba0eccf0_105 .array/port v00000227ba0eccf0, 105;
v00000227ba0eccf0_106 .array/port v00000227ba0eccf0, 106;
E_00000227ba0fed70/26 .event anyedge, v00000227ba0eccf0_103, v00000227ba0eccf0_104, v00000227ba0eccf0_105, v00000227ba0eccf0_106;
v00000227ba0eccf0_107 .array/port v00000227ba0eccf0, 107;
v00000227ba0eccf0_108 .array/port v00000227ba0eccf0, 108;
v00000227ba0eccf0_109 .array/port v00000227ba0eccf0, 109;
v00000227ba0eccf0_110 .array/port v00000227ba0eccf0, 110;
E_00000227ba0fed70/27 .event anyedge, v00000227ba0eccf0_107, v00000227ba0eccf0_108, v00000227ba0eccf0_109, v00000227ba0eccf0_110;
v00000227ba0eccf0_111 .array/port v00000227ba0eccf0, 111;
v00000227ba0eccf0_112 .array/port v00000227ba0eccf0, 112;
v00000227ba0eccf0_113 .array/port v00000227ba0eccf0, 113;
v00000227ba0eccf0_114 .array/port v00000227ba0eccf0, 114;
E_00000227ba0fed70/28 .event anyedge, v00000227ba0eccf0_111, v00000227ba0eccf0_112, v00000227ba0eccf0_113, v00000227ba0eccf0_114;
v00000227ba0eccf0_115 .array/port v00000227ba0eccf0, 115;
v00000227ba0eccf0_116 .array/port v00000227ba0eccf0, 116;
v00000227ba0eccf0_117 .array/port v00000227ba0eccf0, 117;
v00000227ba0eccf0_118 .array/port v00000227ba0eccf0, 118;
E_00000227ba0fed70/29 .event anyedge, v00000227ba0eccf0_115, v00000227ba0eccf0_116, v00000227ba0eccf0_117, v00000227ba0eccf0_118;
v00000227ba0eccf0_119 .array/port v00000227ba0eccf0, 119;
v00000227ba0eccf0_120 .array/port v00000227ba0eccf0, 120;
v00000227ba0eccf0_121 .array/port v00000227ba0eccf0, 121;
v00000227ba0eccf0_122 .array/port v00000227ba0eccf0, 122;
E_00000227ba0fed70/30 .event anyedge, v00000227ba0eccf0_119, v00000227ba0eccf0_120, v00000227ba0eccf0_121, v00000227ba0eccf0_122;
v00000227ba0eccf0_123 .array/port v00000227ba0eccf0, 123;
v00000227ba0eccf0_124 .array/port v00000227ba0eccf0, 124;
v00000227ba0eccf0_125 .array/port v00000227ba0eccf0, 125;
v00000227ba0eccf0_126 .array/port v00000227ba0eccf0, 126;
E_00000227ba0fed70/31 .event anyedge, v00000227ba0eccf0_123, v00000227ba0eccf0_124, v00000227ba0eccf0_125, v00000227ba0eccf0_126;
v00000227ba0eccf0_127 .array/port v00000227ba0eccf0, 127;
E_00000227ba0fed70/32 .event anyedge, v00000227ba0eccf0_127;
E_00000227ba0fed70 .event/or E_00000227ba0fed70/0, E_00000227ba0fed70/1, E_00000227ba0fed70/2, E_00000227ba0fed70/3, E_00000227ba0fed70/4, E_00000227ba0fed70/5, E_00000227ba0fed70/6, E_00000227ba0fed70/7, E_00000227ba0fed70/8, E_00000227ba0fed70/9, E_00000227ba0fed70/10, E_00000227ba0fed70/11, E_00000227ba0fed70/12, E_00000227ba0fed70/13, E_00000227ba0fed70/14, E_00000227ba0fed70/15, E_00000227ba0fed70/16, E_00000227ba0fed70/17, E_00000227ba0fed70/18, E_00000227ba0fed70/19, E_00000227ba0fed70/20, E_00000227ba0fed70/21, E_00000227ba0fed70/22, E_00000227ba0fed70/23, E_00000227ba0fed70/24, E_00000227ba0fed70/25, E_00000227ba0fed70/26, E_00000227ba0fed70/27, E_00000227ba0fed70/28, E_00000227ba0fed70/29, E_00000227ba0fed70/30, E_00000227ba0fed70/31, E_00000227ba0fed70/32;
E_00000227ba0ff570 .event posedge, v00000227ba0ec610_0;
S_00000227b9d0f6a0 .scope module, "U_IM" "im" 3 38, 5 1 0, S_00000227b9c72ca0;
 .timescale 0 0;
    .port_info 0 /INPUT 7 "addr";
    .port_info 1 /OUTPUT 32 "dout";
L_00000227ba1a0480 .functor BUFZ 32, L_00000227ba1a2910, C4<00000000000000000000000000000000>, C4<00000000000000000000000000000000>, C4<00000000000000000000000000000000>;
v00000227ba0ec6b0 .array "ROM", 0 255, 31 0;
v00000227ba0ecc50_0 .net *"_ivl_0", 31 0, L_00000227ba1a2910;  1 drivers
v00000227ba0ed510_0 .net *"_ivl_2", 9 0, L_00000227ba1a2eb0;  1 drivers
L_00000227ba1aa180 .functor BUFT 1, C4<000>, C4<0>, C4<0>, C4<0>;
v00000227ba0ec750_0 .net *"_ivl_5", 2 0, L_00000227ba1aa180;  1 drivers
v00000227ba0ecf70_0 .net "addr", 6 0, L_00000227ba1a1fb0;  1 drivers
v00000227ba0ed5b0_0 .net "dout", 31 0, L_00000227ba1a0480;  alias, 1 drivers
L_00000227ba1a2910 .array/port v00000227ba0ec6b0, L_00000227ba1a2eb0;
L_00000227ba1a2eb0 .concat [ 7 3 0 0], L_00000227ba1a1fb0, L_00000227ba1aa180;
S_00000227b9d0f830 .scope module, "U_SCPU" "SCPU" 3 15, 6 1 0, S_00000227b9c72ca0;
 .timescale 0 0;
    .port_info 0 /INPUT 1 "clk";
    .port_info 1 /INPUT 1 "reset";
    .port_info 2 /INPUT 32 "inst_in";
    .port_info 3 /INPUT 32 "Data_in";
    .port_info 4 /OUTPUT 1 "mem_w";
    .port_info 5 /OUTPUT 32 "PC_out";
    .port_info 6 /OUTPUT 32 "Addr_out";
    .port_info 7 /OUTPUT 32 "Data_out";
    .port_info 8 /INPUT 5 "reg_sel";
    .port_info 9 /OUTPUT 32 "reg_data";
L_00000227ba0ea970 .functor BUFZ 32, L_00000227ba1a0480, C4<00000000000000000000000000000000>, C4<00000000000000000000000000000000>, C4<00000000000000000000000000000000>;
L_00000227ba19fca0 .functor BUFZ 32, v00000227ba0f0170_0, C4<00000000000000000000000000000000>, C4<00000000000000000000000000000000>, C4<00000000000000000000000000000000>;
L_00000227ba19eb20 .functor NOT 1, L_00000227ba0eb930, C4<0>, C4<0>, C4<0>;
L_00000227ba19fc30 .functor BUFZ 1, L_00000227ba19f140, C4<0>, C4<0>, C4<0>;
L_00000227ba19ec00 .functor BUFZ 32, v00000227ba16a080_0, C4<00000000000000000000000000000000>, C4<00000000000000000000000000000000>, C4<00000000000000000000000000000000>;
L_00000227ba19ef80 .functor BUFZ 32, L_00000227ba1a27d0, C4<00000000000000000000000000000000>, C4<00000000000000000000000000000000>, C4<00000000000000000000000000000000>;
v00000227ba17d050_0 .net "A", 31 0, L_00000227ba1a1510;  1 drivers
v00000227ba17d0f0_0 .net "ALUOp", 4 0, v00000227ba16b200_0;  1 drivers
v00000227ba17b890_0 .net "ALUSrc", 0 0, L_00000227ba19f760;  1 drivers
v00000227ba17ba70_0 .net "ALUSrcA", 0 0, L_00000227ba19f6f0;  1 drivers
v00000227ba17d550_0 .net "Addr_out", 31 0, L_00000227ba19ec00;  alias, 1 drivers
v00000227ba17c5b0_0 .net "B", 31 0, L_00000227ba1a1dd0;  1 drivers
v00000227ba17c0b0_0 .net "DMType", 2 0, L_00000227ba1a2550;  1 drivers
v00000227ba17b930_0 .net "Data_in", 31 0, v00000227ba0ee230_0;  alias, 1 drivers
v00000227ba17c3d0_0 .net "Data_out", 31 0, L_00000227ba19ef80;  alias, 1 drivers
v00000227ba17c790_0 .net "EXTOp", 5 0, L_00000227ba1a39f0;  1 drivers
v00000227ba17cdd0_0 .net "Funct3", 2 0, L_00000227ba182f70;  1 drivers
v00000227ba17bed0_0 .net "Funct7", 6 0, L_00000227ba182a70;  1 drivers
v00000227ba17cf10_0 .net "MemWrite", 0 0, L_00000227ba19f140;  1 drivers
v00000227ba17cc90_0 .net "NPC", 31 0, v00000227ba0f0210_0;  1 drivers
v00000227ba17c470_0 .net "NPCOp", 2 0, L_00000227ba1a15b0;  1 drivers
v00000227ba17d190_0 .net "Op", 6 0, L_00000227ba181170;  1 drivers
v00000227ba17c510_0 .net "PC", 31 0, v00000227ba0f0170_0;  1 drivers
v00000227ba17cab0_0 .net "PC_out", 31 0, L_00000227ba19fca0;  alias, 1 drivers
v00000227ba17d370_0 .net "RD1", 31 0, L_00000227ba1a2730;  1 drivers
v00000227ba17bf70_0 .net "RD2", 31 0, L_00000227ba1a27d0;  1 drivers
v00000227ba17b9d0_0 .net "RegWrite", 0 0, L_00000227ba19d620;  1 drivers
v00000227ba17c010_0 .net "WD", 31 0, L_00000227ba1a1970;  1 drivers
v00000227ba17c150_0 .net "WDSel", 1 0, L_00000227ba1a25f0;  1 drivers
v00000227ba17d410_0 .net "Zero", 0 0, v00000227ba169ae0_0;  1 drivers
v00000227ba17c8d0_0 .net *"_ivl_19", 6 0, L_00000227ba1824d0;  1 drivers
v00000227ba17c650_0 .net *"_ivl_21", 4 0, L_00000227ba1827f0;  1 drivers
v00000227ba17c970_0 .net *"_ivl_25", 0 0, L_00000227ba181a30;  1 drivers
v00000227ba17cb50_0 .net *"_ivl_27", 0 0, L_00000227ba182890;  1 drivers
v00000227ba17cbf0_0 .net *"_ivl_29", 5 0, L_00000227ba180bd0;  1 drivers
v00000227ba17dcd0_0 .net *"_ivl_31", 3 0, L_00000227ba181210;  1 drivers
v00000227ba17d5f0_0 .net *"_ivl_37", 0 0, L_00000227ba181030;  1 drivers
v00000227ba17bb10_0 .net *"_ivl_39", 7 0, L_00000227ba182cf0;  1 drivers
v00000227ba17daf0_0 .net *"_ivl_41", 0 0, L_00000227ba1809f0;  1 drivers
v00000227ba17cd30_0 .net *"_ivl_43", 9 0, L_00000227ba1812b0;  1 drivers
L_00000227ba1a9f88 .functor BUFT 1, C4<00000>, C4<0>, C4<0>, C4<0>;
v00000227ba17d870_0 .net/2u *"_ivl_54", 4 0, L_00000227ba1a9f88;  1 drivers
v00000227ba17d910_0 .net *"_ivl_56", 0 0, L_00000227ba1a1830;  1 drivers
L_00000227ba1a9fd0 .functor BUFT 1, C4<00000000000000000000000000000000>, C4<0>, C4<0>, C4<0>;
v00000227ba17dd70_0 .net/2u *"_ivl_58", 31 0, L_00000227ba1a9fd0;  1 drivers
v00000227ba17bbb0_0 .net *"_ivl_60", 31 0, L_00000227ba1a2b90;  1 drivers
v00000227ba17db90_0 .net *"_ivl_62", 6 0, L_00000227ba1a18d0;  1 drivers
L_00000227ba1aa018 .functor BUFT 1, C4<00>, C4<0>, C4<0>, C4<0>;
v00000227ba17bc50_0 .net *"_ivl_65", 1 0, L_00000227ba1aa018;  1 drivers
L_00000227ba1aa060 .functor BUFT 1, C4<11>, C4<0>, C4<0>, C4<0>;
v00000227ba17e630_0 .net/2u *"_ivl_74", 1 0, L_00000227ba1aa060;  1 drivers
v00000227ba17e310_0 .net *"_ivl_76", 0 0, L_00000227ba1a1ab0;  1 drivers
L_00000227ba1aa0a8 .functor BUFT 1, C4<10>, C4<0>, C4<0>, C4<0>;
v00000227ba17e090_0 .net/2u *"_ivl_78", 1 0, L_00000227ba1aa0a8;  1 drivers
v00000227ba17e6d0_0 .net *"_ivl_80", 0 0, L_00000227ba1a2c30;  1 drivers
L_00000227ba1aa0f0 .functor BUFT 1, C4<00000000000000000000000000000100>, C4<0>, C4<0>, C4<0>;
v00000227ba17e590_0 .net/2u *"_ivl_82", 31 0, L_00000227ba1aa0f0;  1 drivers
v00000227ba17e270_0 .net *"_ivl_84", 31 0, L_00000227ba1a2410;  1 drivers
L_00000227ba1aa138 .functor BUFT 1, C4<01>, C4<0>, C4<0>, C4<0>;
v00000227ba17dff0_0 .net/2u *"_ivl_86", 1 0, L_00000227ba1aa138;  1 drivers
v00000227ba17e1d0_0 .net *"_ivl_88", 0 0, L_00000227ba1a1470;  1 drivers
v00000227ba17e3b0_0 .net *"_ivl_90", 31 0, L_00000227ba1a3b30;  1 drivers
v00000227ba17e130_0 .net *"_ivl_92", 31 0, L_00000227ba1a2870;  1 drivers
v00000227ba17e450_0 .net "aluout", 31 0, v00000227ba16a080_0;  1 drivers
v00000227ba17e4f0_0 .net "bimm", 11 0, L_00000227ba182b10;  1 drivers
v00000227ba180d10_0 .net "clk", 0 0, v00000227ba1817b0_0;  alias, 1 drivers
v00000227ba181670_0 .net "dm_byte_sel", 1 0, L_00000227ba1a2190;  1 drivers
v00000227ba182e30_0 .net "iimm", 11 0, L_00000227ba182110;  1 drivers
v00000227ba180810_0 .net "iimm_shamt", 4 0, L_00000227ba182ed0;  1 drivers
v00000227ba181e90_0 .net "immout", 31 0, v00000227ba0efa90_0;  1 drivers
v00000227ba182390_0 .net "inst_in", 31 0, L_00000227ba1a0480;  alias, 1 drivers
v00000227ba182430_0 .net "instr", 31 0, L_00000227ba0ea970;  1 drivers
v00000227ba181b70_0 .net "jimm", 19 0, L_00000227ba1808b0;  1 drivers
v00000227ba180db0_0 .var "load_data", 31 0;
v00000227ba181850_0 .net "mem_w", 0 0, L_00000227ba19fc30;  alias, 1 drivers
v00000227ba181710_0 .net "rd", 4 0, L_00000227ba182070;  1 drivers
v00000227ba181c10_0 .net "reg_data", 31 0, L_00000227ba1a3310;  alias, 1 drivers
v00000227ba1815d0_0 .net "reg_sel", 4 0, v00000227ba180950_0;  alias, 1 drivers
v00000227ba180b30_0 .net "reset", 0 0, L_00000227ba0eb930;  alias, 1 drivers
v00000227ba182570_0 .net "rs1", 4 0, L_00000227ba181fd0;  1 drivers
v00000227ba181ad0_0 .net "rs2", 4 0, L_00000227ba180f90;  1 drivers
v00000227ba1821b0_0 .net "simm", 11 0, L_00000227ba1822f0;  1 drivers
v00000227ba180ef0_0 .net "uimm", 19 0, L_00000227ba182c50;  1 drivers
E_00000227ba100230 .event anyedge, v00000227ba16ada0_0, v00000227ba181670_0, v00000227ba0ee230_0;
L_00000227ba181170 .part L_00000227ba0ea970, 0, 7;
L_00000227ba182a70 .part L_00000227ba0ea970, 25, 7;
L_00000227ba182f70 .part L_00000227ba0ea970, 12, 3;
L_00000227ba181fd0 .part L_00000227ba0ea970, 15, 5;
L_00000227ba180f90 .part L_00000227ba0ea970, 20, 5;
L_00000227ba182070 .part L_00000227ba0ea970, 7, 5;
L_00000227ba182ed0 .part L_00000227ba0ea970, 20, 5;
L_00000227ba182110 .part L_00000227ba0ea970, 20, 12;
L_00000227ba1824d0 .part L_00000227ba0ea970, 25, 7;
L_00000227ba1827f0 .part L_00000227ba0ea970, 7, 5;
L_00000227ba1822f0 .concat [ 5 7 0 0], L_00000227ba1827f0, L_00000227ba1824d0;
L_00000227ba181a30 .part L_00000227ba0ea970, 31, 1;
L_00000227ba182890 .part L_00000227ba0ea970, 7, 1;
L_00000227ba180bd0 .part L_00000227ba0ea970, 25, 6;
L_00000227ba181210 .part L_00000227ba0ea970, 8, 4;
L_00000227ba182b10 .concat [ 4 6 1 1], L_00000227ba181210, L_00000227ba180bd0, L_00000227ba182890, L_00000227ba181a30;
L_00000227ba182c50 .part L_00000227ba0ea970, 12, 20;
L_00000227ba181030 .part L_00000227ba0ea970, 31, 1;
L_00000227ba182cf0 .part L_00000227ba0ea970, 12, 8;
L_00000227ba1809f0 .part L_00000227ba0ea970, 20, 1;
L_00000227ba1812b0 .part L_00000227ba0ea970, 21, 10;
L_00000227ba1808b0 .concat [ 10 1 8 1], L_00000227ba1812b0, L_00000227ba1809f0, L_00000227ba182cf0, L_00000227ba181030;
L_00000227ba1a1830 .cmp/eq 5, v00000227ba180950_0, L_00000227ba1a9f88;
L_00000227ba1a2b90 .array/port v00000227ba16a260, L_00000227ba1a18d0;
L_00000227ba1a18d0 .concat [ 5 2 0 0], v00000227ba180950_0, L_00000227ba1aa018;
L_00000227ba1a3310 .functor MUXZ 32, L_00000227ba1a2b90, L_00000227ba1a9fd0, L_00000227ba1a1830, C4<>;
L_00000227ba1a1510 .functor MUXZ 32, L_00000227ba1a2730, v00000227ba0f0170_0, L_00000227ba19f6f0, C4<>;
L_00000227ba1a1dd0 .functor MUXZ 32, L_00000227ba1a27d0, v00000227ba0efa90_0, L_00000227ba19f760, C4<>;
L_00000227ba1a2190 .part v00000227ba16a080_0, 0, 2;
L_00000227ba1a1ab0 .cmp/eq 2, L_00000227ba1a25f0, L_00000227ba1aa060;
L_00000227ba1a2c30 .cmp/eq 2, L_00000227ba1a25f0, L_00000227ba1aa0a8;
L_00000227ba1a2410 .arith/sum 32, v00000227ba0f0170_0, L_00000227ba1aa0f0;
L_00000227ba1a1470 .cmp/eq 2, L_00000227ba1a25f0, L_00000227ba1aa138;
L_00000227ba1a3b30 .functor MUXZ 32, v00000227ba16a080_0, v00000227ba180db0_0, L_00000227ba1a1470, C4<>;
L_00000227ba1a2870 .functor MUXZ 32, L_00000227ba1a3b30, L_00000227ba1a2410, L_00000227ba1a2c30, C4<>;
L_00000227ba1a1970 .functor MUXZ 32, L_00000227ba1a2870, v00000227ba0efa90_0, L_00000227ba1a1ab0, C4<>;
S_00000227b9d06410 .scope module, "U_EXT" "EXT" 6 57, 7 9 0, S_00000227b9d0f830;
 .timescale 0 0;
    .port_info 0 /INPUT 5 "iimm_shamt";
    .port_info 1 /INPUT 12 "iimm";
    .port_info 2 /INPUT 12 "simm";
    .port_info 3 /INPUT 12 "bimm";
    .port_info 4 /INPUT 20 "uimm";
    .port_info 5 /INPUT 20 "jimm";
    .port_info 6 /INPUT 6 "EXTOp";
    .port_info 7 /OUTPUT 32 "immout";
v00000227ba0ed830_0 .net "EXTOp", 5 0, L_00000227ba1a39f0;  alias, 1 drivers
v00000227ba0ee2d0_0 .net "bimm", 11 0, L_00000227ba182b10;  alias, 1 drivers
v00000227ba0efdb0_0 .net "iimm", 11 0, L_00000227ba182110;  alias, 1 drivers
v00000227ba0ef9f0_0 .net "iimm_shamt", 4 0, L_00000227ba182ed0;  alias, 1 drivers
v00000227ba0efa90_0 .var "immout", 31 0;
v00000227ba0ef130_0 .net "jimm", 19 0, L_00000227ba1808b0;  alias, 1 drivers
v00000227ba0ef590_0 .net "simm", 11 0, L_00000227ba1822f0;  alias, 1 drivers
v00000227ba0ef3b0_0 .net "uimm", 19 0, L_00000227ba182c50;  alias, 1 drivers
E_00000227ba0ffe70/0 .event anyedge, v00000227ba0ed830_0, v00000227ba0ef9f0_0, v00000227ba0efdb0_0, v00000227ba0ef590_0;
E_00000227ba0ffe70/1 .event anyedge, v00000227ba0ee2d0_0, v00000227ba0ef3b0_0, v00000227ba0ef130_0;
E_00000227ba0ffe70 .event/or E_00000227ba0ffe70/0, E_00000227ba0ffe70/1;
S_00000227b9d065a0 .scope module, "U_NPC" "NPC_Unit" 6 66, 8 6 0, S_00000227b9d0f830;
 .timescale 0 0;
    .port_info 0 /INPUT 32 "PC";
    .port_info 1 /INPUT 3 "NPCOp";
    .port_info 2 /INPUT 32 "IMM";
    .port_info 3 /INPUT 32 "aluout";
    .port_info 4 /OUTPUT 32 "NPC";
v00000227ba0f02b0_0 .net "IMM", 31 0, v00000227ba0efa90_0;  alias, 1 drivers
v00000227ba0f0210_0 .var "NPC", 31 0;
v00000227ba0efb30_0 .net "NPCOp", 2 0, L_00000227ba1a15b0;  alias, 1 drivers
v00000227ba0f0350_0 .net "PC", 31 0, v00000227ba0f0170_0;  alias, 1 drivers
v00000227ba0f0030_0 .net "aluout", 31 0, v00000227ba16a080_0;  alias, 1 drivers
E_00000227ba1005f0 .event anyedge, v00000227ba0efb30_0, v00000227ba0f0350_0, v00000227ba0efa90_0, v00000227ba0f0030_0;
S_00000227b9ccf180 .scope module, "U_PC" "PC_Unit" 6 47, 9 1 0, S_00000227b9d0f830;
 .timescale 0 0;
    .port_info 0 /INPUT 1 "clk";
    .port_info 1 /INPUT 1 "rst";
    .port_info 2 /INPUT 32 "NPC";
    .port_info 3 /INPUT 1 "PCwr";
    .port_info 4 /OUTPUT 32 "PC";
v00000227ba0f00d0_0 .net "NPC", 31 0, v00000227ba0f0210_0;  alias, 1 drivers
v00000227ba0f0170_0 .var "PC", 31 0;
L_00000227ba1a9cb8 .functor BUFT 1, C4<1>, C4<0>, C4<0>, C4<0>;
v00000227ba0ef4f0_0 .net "PCwr", 0 0, L_00000227ba1a9cb8;  1 drivers
v00000227ba0ef6d0_0 .net "clk", 0 0, v00000227ba1817b0_0;  alias, 1 drivers
v00000227ba0f03f0_0 .net "rst", 0 0, L_00000227ba0eb930;  alias, 1 drivers
E_00000227ba0ffcf0 .event posedge, v00000227ba0f03f0_0, v00000227ba0ec610_0;
S_00000227b9ccf310 .scope module, "U_RF" "RF" 6 74, 10 1 0, S_00000227b9d0f830;
 .timescale 0 0;
    .port_info 0 /INPUT 1 "clk";
    .port_info 1 /INPUT 1 "rstn";
    .port_info 2 /INPUT 1 "RFWr";
    .port_info 3 /INPUT 16 "sw_i";
    .port_info 4 /INPUT 5 "A1";
    .port_info 5 /INPUT 5 "A2";
    .port_info 6 /INPUT 5 "A3";
    .port_info 7 /INPUT 32 "WD";
    .port_info 8 /OUTPUT 32 "RD1";
    .port_info 9 /OUTPUT 32 "RD2";
v00000227ba0f0490_0 .net "A1", 4 0, L_00000227ba181fd0;  alias, 1 drivers
v00000227ba0efe50_0 .net "A2", 4 0, L_00000227ba180f90;  alias, 1 drivers
v00000227ba0ef090_0 .net "A3", 4 0, L_00000227ba182070;  alias, 1 drivers
v00000227ba0eee10_0 .net "RD1", 31 0, L_00000227ba1a2730;  alias, 1 drivers
v00000227ba0efef0_0 .net "RD2", 31 0, L_00000227ba1a27d0;  alias, 1 drivers
v00000227ba0eff90_0 .net "RFWr", 0 0, L_00000227ba19d620;  alias, 1 drivers
v00000227ba0ef450_0 .net "WD", 31 0, L_00000227ba1a1970;  alias, 1 drivers
v00000227ba0efd10_0 .net *"_ivl_0", 31 0, L_00000227ba1a1d30;  1 drivers
v00000227ba0ef630_0 .net *"_ivl_10", 6 0, L_00000227ba1a2690;  1 drivers
L_00000227ba1a9d90 .functor BUFT 1, C4<00>, C4<0>, C4<0>, C4<0>;
v00000227ba0eeeb0_0 .net *"_ivl_13", 1 0, L_00000227ba1a9d90;  1 drivers
L_00000227ba1a9dd8 .functor BUFT 1, C4<00000000000000000000000000000000>, C4<0>, C4<0>, C4<0>;
v00000227ba0efc70_0 .net/2u *"_ivl_14", 31 0, L_00000227ba1a9dd8;  1 drivers
v00000227ba0ef770_0 .net *"_ivl_18", 31 0, L_00000227ba1a2370;  1 drivers
L_00000227ba1a9e20 .functor BUFT 1, C4<000000000000000000000000000>, C4<0>, C4<0>, C4<0>;
v00000227ba0eeff0_0 .net *"_ivl_21", 26 0, L_00000227ba1a9e20;  1 drivers
L_00000227ba1a9e68 .functor BUFT 1, C4<00000000000000000000000000000000>, C4<0>, C4<0>, C4<0>;
v00000227ba0ef810_0 .net/2u *"_ivl_22", 31 0, L_00000227ba1a9e68;  1 drivers
v00000227ba0ef8b0_0 .net *"_ivl_24", 0 0, L_00000227ba1a3270;  1 drivers
v00000227ba0eef50_0 .net *"_ivl_26", 31 0, L_00000227ba1a2cd0;  1 drivers
v00000227ba0ef1d0_0 .net *"_ivl_28", 6 0, L_00000227ba1a1650;  1 drivers
L_00000227ba1a9d00 .functor BUFT 1, C4<000000000000000000000000000>, C4<0>, C4<0>, C4<0>;
v00000227ba0ef270_0 .net *"_ivl_3", 26 0, L_00000227ba1a9d00;  1 drivers
L_00000227ba1a9eb0 .functor BUFT 1, C4<00>, C4<0>, C4<0>, C4<0>;
v00000227ba0ef310_0 .net *"_ivl_31", 1 0, L_00000227ba1a9eb0;  1 drivers
L_00000227ba1a9ef8 .functor BUFT 1, C4<00000000000000000000000000000000>, C4<0>, C4<0>, C4<0>;
v00000227ba0ef950_0 .net/2u *"_ivl_32", 31 0, L_00000227ba1a9ef8;  1 drivers
L_00000227ba1a9d48 .functor BUFT 1, C4<00000000000000000000000000000000>, C4<0>, C4<0>, C4<0>;
v00000227ba0efbd0_0 .net/2u *"_ivl_4", 31 0, L_00000227ba1a9d48;  1 drivers
v00000227ba169680_0 .net *"_ivl_6", 0 0, L_00000227ba1a3090;  1 drivers
v00000227ba16a1c0_0 .net *"_ivl_8", 31 0, L_00000227ba1a1b50;  1 drivers
v00000227ba1690e0_0 .net "clk", 0 0, v00000227ba1817b0_0;  alias, 1 drivers
v00000227ba16b160_0 .var/i "i", 31 0;
v00000227ba16a260 .array "rf", 0 31, 31 0;
v00000227ba169040_0 .net "rstn", 0 0, L_00000227ba19eb20;  1 drivers
L_00000227ba1a9f40 .functor BUFT 1, C4<0000000000000000>, C4<0>, C4<0>, C4<0>;
v00000227ba1692c0_0 .net "sw_i", 15 0, L_00000227ba1a9f40;  1 drivers
E_00000227ba0ffeb0/0 .event negedge, v00000227ba169040_0;
E_00000227ba0ffeb0/1 .event posedge, v00000227ba0ec610_0;
E_00000227ba0ffeb0 .event/or E_00000227ba0ffeb0/0, E_00000227ba0ffeb0/1;
L_00000227ba1a1d30 .concat [ 5 27 0 0], L_00000227ba181fd0, L_00000227ba1a9d00;
L_00000227ba1a3090 .cmp/ne 32, L_00000227ba1a1d30, L_00000227ba1a9d48;
L_00000227ba1a1b50 .array/port v00000227ba16a260, L_00000227ba1a2690;
L_00000227ba1a2690 .concat [ 5 2 0 0], L_00000227ba181fd0, L_00000227ba1a9d90;
L_00000227ba1a2730 .functor MUXZ 32, L_00000227ba1a9dd8, L_00000227ba1a1b50, L_00000227ba1a3090, C4<>;
L_00000227ba1a2370 .concat [ 5 27 0 0], L_00000227ba180f90, L_00000227ba1a9e20;
L_00000227ba1a3270 .cmp/ne 32, L_00000227ba1a2370, L_00000227ba1a9e68;
L_00000227ba1a2cd0 .array/port v00000227ba16a260, L_00000227ba1a1650;
L_00000227ba1a1650 .concat [ 5 2 0 0], L_00000227ba180f90, L_00000227ba1a9eb0;
L_00000227ba1a27d0 .functor MUXZ 32, L_00000227ba1a9ef8, L_00000227ba1a2cd0, L_00000227ba1a3270, C4<>;
S_00000227b9d03970 .scope module, "U_alu" "alu" 6 88, 11 23 0, S_00000227b9d0f830;
 .timescale 0 0;
    .port_info 0 /INPUT 32 "A";
    .port_info 1 /INPUT 32 "B";
    .port_info 2 /INPUT 5 "ALUOp";
    .port_info 3 /OUTPUT 32 "C";
    .port_info 4 /OUTPUT 1 "Zero";
v00000227ba16a4e0_0 .net/s "A", 31 0, L_00000227ba1a1510;  alias, 1 drivers
v00000227ba169720_0 .net "ALUOp", 4 0, v00000227ba16b200_0;  alias, 1 drivers
v00000227ba169ea0_0 .net/s "B", 31 0, L_00000227ba1a1dd0;  alias, 1 drivers
v00000227ba16a080_0 .var/s "C", 31 0;
v00000227ba169ae0_0 .var "Zero", 0 0;
E_00000227ba0fff30 .event anyedge, v00000227ba169720_0, v00000227ba16a4e0_0, v00000227ba169ea0_0, v00000227ba0f0030_0;
S_00000227b9d03b00 .scope module, "u_ctrl" "ctrl" 6 37, 12 1 0, S_00000227b9d0f830;
 .timescale 0 0;
    .port_info 0 /INPUT 7 "Op";
    .port_info 1 /INPUT 7 "Funct7";
    .port_info 2 /INPUT 3 "Funct3";
    .port_info 3 /INPUT 1 "Zero";
    .port_info 4 /OUTPUT 1 "RegWrite";
    .port_info 5 /OUTPUT 1 "MemWrite";
    .port_info 6 /OUTPUT 6 "EXTOp";
    .port_info 7 /OUTPUT 5 "ALUOp";
    .port_info 8 /OUTPUT 3 "NPCOp";
    .port_info 9 /OUTPUT 1 "ALUSrc";
    .port_info 10 /OUTPUT 1 "ALUSrcA";
    .port_info 11 /OUTPUT 3 "DMType";
    .port_info 12 /OUTPUT 2 "WDSel";
L_00000227ba0ead60 .functor NOT 1, L_00000227ba180a90, C4<0>, C4<0>, C4<0>;
L_00000227ba0eb460 .functor AND 1, L_00000227ba0ead60, L_00000227ba180c70, C4<1>, C4<1>;
L_00000227ba0eba80 .functor AND 1, L_00000227ba0eb460, L_00000227ba1810d0, C4<1>, C4<1>;
L_00000227ba0ea9e0 .functor NOT 1, L_00000227ba181350, C4<0>, C4<0>, C4<0>;
L_00000227ba0ebc40 .functor AND 1, L_00000227ba0eba80, L_00000227ba0ea9e0, C4<1>, C4<1>;
L_00000227ba0eaa50 .functor NOT 1, L_00000227ba1813f0, C4<0>, C4<0>, C4<0>;
L_00000227ba0ebcb0 .functor AND 1, L_00000227ba0ebc40, L_00000227ba0eaa50, C4<1>, C4<1>;
L_00000227ba0eaeb0 .functor AND 1, L_00000227ba0ebcb0, L_00000227ba181530, C4<1>, C4<1>;
L_00000227ba0ebf50 .functor AND 1, L_00000227ba0eaeb0, L_00000227ba181490, C4<1>, C4<1>;
L_00000227ba0eaf20 .functor NOT 1, L_00000227ba1854f0, C4<0>, C4<0>, C4<0>;
L_00000227ba0eaac0 .functor AND 1, L_00000227ba0ebf50, L_00000227ba0eaf20, C4<1>, C4<1>;
L_00000227ba0eb4d0 .functor NOT 1, L_00000227ba183a10, C4<0>, C4<0>, C4<0>;
L_00000227ba0ea5f0 .functor AND 1, L_00000227ba0eaac0, L_00000227ba0eb4d0, C4<1>, C4<1>;
L_00000227ba0ebd20 .functor NOT 1, L_00000227ba184b90, C4<0>, C4<0>, C4<0>;
L_00000227ba0eb540 .functor AND 1, L_00000227ba0ea5f0, L_00000227ba0ebd20, C4<1>, C4<1>;
L_00000227ba0ebd90 .functor NOT 1, L_00000227ba183f10, C4<0>, C4<0>, C4<0>;
L_00000227ba0eac80 .functor AND 1, L_00000227ba0eb540, L_00000227ba0ebd90, C4<1>, C4<1>;
L_00000227ba0ebe00 .functor NOT 1, L_00000227ba183970, C4<0>, C4<0>, C4<0>;
L_00000227ba0eab30 .functor AND 1, L_00000227ba0ebf50, L_00000227ba0ebe00, C4<1>, C4<1>;
L_00000227ba0eb230 .functor NOT 1, L_00000227ba183010, C4<0>, C4<0>, C4<0>;
L_00000227ba0ebe70 .functor AND 1, L_00000227ba0eab30, L_00000227ba0eb230, C4<1>, C4<1>;
L_00000227ba0eb690 .functor NOT 1, L_00000227ba185270, C4<0>, C4<0>, C4<0>;
L_00000227ba0ec030 .functor AND 1, L_00000227ba0ebe70, L_00000227ba0eb690, C4<1>, C4<1>;
L_00000227ba0eaba0 .functor AND 1, L_00000227ba0ec030, L_00000227ba185770, C4<1>, C4<1>;
L_00000227ba0eacf0 .functor NOT 1, L_00000227ba183c90, C4<0>, C4<0>, C4<0>;
L_00000227ba0eb700 .functor AND 1, L_00000227ba0ebf50, L_00000227ba0eacf0, C4<1>, C4<1>;
L_00000227ba0ec180 .functor NOT 1, L_00000227ba183830, C4<0>, C4<0>, C4<0>;
L_00000227ba0eb2a0 .functor AND 1, L_00000227ba0eb700, L_00000227ba0ec180, C4<1>, C4<1>;
L_00000227ba0ec490 .functor AND 1, L_00000227ba0eb2a0, L_00000227ba184cd0, C4<1>, C4<1>;
L_00000227ba0ec420 .functor NOT 1, L_00000227ba183d30, C4<0>, C4<0>, C4<0>;
L_00000227ba0ec340 .functor AND 1, L_00000227ba0ebf50, L_00000227ba0ec420, C4<1>, C4<1>;
L_00000227ba0ec500 .functor AND 1, L_00000227ba0ec340, L_00000227ba185310, C4<1>, C4<1>;
L_00000227ba0ec260 .functor NOT 1, L_00000227ba184c30, C4<0>, C4<0>, C4<0>;
L_00000227ba0ec1f0 .functor AND 1, L_00000227ba0ec500, L_00000227ba0ec260, C4<1>, C4<1>;
L_00000227ba0ec2d0 .functor NOT 1, L_00000227ba184af0, C4<0>, C4<0>, C4<0>;
L_00000227ba0ec3b0 .functor AND 1, L_00000227ba0ebf50, L_00000227ba0ec2d0, C4<1>, C4<1>;
L_00000227b9c9b0d0 .functor AND 1, L_00000227ba0ec3b0, L_00000227ba1842d0, C4<1>, C4<1>;
L_00000227b9ccad50 .functor AND 1, L_00000227b9c9b0d0, L_00000227ba183fb0, C4<1>, C4<1>;
L_00000227ba191440 .functor AND 1, L_00000227ba0ebf50, L_00000227ba183b50, C4<1>, C4<1>;
L_00000227ba191520 .functor NOT 1, L_00000227ba183bf0, C4<0>, C4<0>, C4<0>;
L_00000227ba1914b0 .functor AND 1, L_00000227ba191440, L_00000227ba191520, C4<1>, C4<1>;
L_00000227ba191590 .functor NOT 1, L_00000227ba1851d0, C4<0>, C4<0>, C4<0>;
L_00000227ba191600 .functor AND 1, L_00000227ba1914b0, L_00000227ba191590, C4<1>, C4<1>;
L_00000227ba191670 .functor AND 1, L_00000227ba0ebf50, L_00000227ba1840f0, C4<1>, C4<1>;
L_00000227ba1916e0 .functor NOT 1, L_00000227ba183290, C4<0>, C4<0>, C4<0>;
L_00000227ba191750 .functor AND 1, L_00000227ba191670, L_00000227ba1916e0, C4<1>, C4<1>;
L_00000227ba191050 .functor AND 1, L_00000227ba191750, L_00000227ba184730, C4<1>, C4<1>;
L_00000227ba190cd0 .functor NOT 1, L_00000227ba184eb0, C4<0>, C4<0>, C4<0>;
L_00000227ba190fe0 .functor AND 1, L_00000227ba191050, L_00000227ba190cd0, C4<1>, C4<1>;
L_00000227ba1910c0 .functor AND 1, L_00000227ba0ebf50, L_00000227ba183150, C4<1>, C4<1>;
L_00000227ba190b10 .functor NOT 1, L_00000227ba184190, C4<0>, C4<0>, C4<0>;
L_00000227ba18fdf0 .functor AND 1, L_00000227ba1910c0, L_00000227ba190b10, C4<1>, C4<1>;
L_00000227ba1901e0 .functor AND 1, L_00000227ba18fdf0, L_00000227ba183dd0, C4<1>, C4<1>;
L_00000227ba18f990 .functor AND 1, L_00000227ba1901e0, L_00000227ba1853b0, C4<1>, C4<1>;
L_00000227ba191280 .functor AND 1, L_00000227ba0ebf50, L_00000227ba1831f0, C4<1>, C4<1>;
L_00000227ba18f920 .functor AND 1, L_00000227ba191280, L_00000227ba184a50, C4<1>, C4<1>;
L_00000227ba190020 .functor NOT 1, L_00000227ba183510, C4<0>, C4<0>, C4<0>;
L_00000227ba190560 .functor AND 1, L_00000227ba18f920, L_00000227ba190020, C4<1>, C4<1>;
L_00000227ba18ff40 .functor AND 1, L_00000227ba0ebf50, L_00000227ba1847d0, C4<1>, C4<1>;
L_00000227ba1912f0 .functor AND 1, L_00000227ba18ff40, L_00000227ba184370, C4<1>, C4<1>;
L_00000227ba1913d0 .functor AND 1, L_00000227ba1912f0, L_00000227ba183e70, C4<1>, C4<1>;
L_00000227ba191360 .functor NOT 1, L_00000227ba184d70, C4<0>, C4<0>, C4<0>;
L_00000227ba1908e0 .functor NOT 1, L_00000227ba1835b0, C4<0>, C4<0>, C4<0>;
L_00000227ba190b80 .functor AND 1, L_00000227ba191360, L_00000227ba1908e0, C4<1>, C4<1>;
L_00000227ba18fed0 .functor NOT 1, L_00000227ba183ab0, C4<0>, C4<0>, C4<0>;
L_00000227ba190f70 .functor AND 1, L_00000227ba190b80, L_00000227ba18fed0, C4<1>, C4<1>;
L_00000227ba1909c0 .functor NOT 1, L_00000227ba184e10, C4<0>, C4<0>, C4<0>;
L_00000227ba190480 .functor AND 1, L_00000227ba190f70, L_00000227ba1909c0, C4<1>, C4<1>;
L_00000227ba1903a0 .functor NOT 1, L_00000227ba185450, C4<0>, C4<0>, C4<0>;
L_00000227ba190e90 .functor AND 1, L_00000227ba190480, L_00000227ba1903a0, C4<1>, C4<1>;
L_00000227ba191130 .functor AND 1, L_00000227ba190e90, L_00000227ba185590, C4<1>, C4<1>;
L_00000227ba18fbc0 .functor AND 1, L_00000227ba191130, L_00000227ba184f50, C4<1>, C4<1>;
L_00000227ba1905d0 .functor NOT 1, L_00000227ba184410, C4<0>, C4<0>, C4<0>;
L_00000227ba190f00 .functor AND 1, L_00000227ba18fbc0, L_00000227ba1905d0, C4<1>, C4<1>;
L_00000227ba18fe60 .functor NOT 1, L_00000227ba184550, C4<0>, C4<0>, C4<0>;
L_00000227ba190720 .functor AND 1, L_00000227ba190f00, L_00000227ba18fe60, C4<1>, C4<1>;
L_00000227ba1911a0 .functor NOT 1, L_00000227ba1838d0, C4<0>, C4<0>, C4<0>;
L_00000227ba18ffb0 .functor AND 1, L_00000227ba190720, L_00000227ba1911a0, C4<1>, C4<1>;
L_00000227ba18fa70 .functor NOT 1, L_00000227ba184050, C4<0>, C4<0>, C4<0>;
L_00000227ba191210 .functor AND 1, L_00000227ba18fbc0, L_00000227ba18fa70, C4<1>, C4<1>;
L_00000227ba190d40 .functor NOT 1, L_00000227ba184230, C4<0>, C4<0>, C4<0>;
L_00000227ba190410 .functor AND 1, L_00000227ba191210, L_00000227ba190d40, C4<1>, C4<1>;
L_00000227ba18f840 .functor AND 1, L_00000227ba190410, L_00000227ba1845f0, C4<1>, C4<1>;
L_00000227ba18f8b0 .functor NOT 1, L_00000227ba184ff0, C4<0>, C4<0>, C4<0>;
L_00000227ba190250 .functor AND 1, L_00000227ba18fbc0, L_00000227ba18f8b0, C4<1>, C4<1>;
L_00000227ba18fa00 .functor AND 1, L_00000227ba190250, L_00000227ba185090, C4<1>, C4<1>;
L_00000227ba18fd10 .functor NOT 1, L_00000227ba185130, C4<0>, C4<0>, C4<0>;
L_00000227ba1904f0 .functor AND 1, L_00000227ba18fa00, L_00000227ba18fd10, C4<1>, C4<1>;
L_00000227ba190950 .functor AND 1, L_00000227ba18fbc0, L_00000227ba1844b0, C4<1>, C4<1>;
L_00000227ba18fb50 .functor NOT 1, L_00000227ba185630, C4<0>, C4<0>, C4<0>;
L_00000227ba190090 .functor AND 1, L_00000227ba190950, L_00000227ba18fb50, C4<1>, C4<1>;
L_00000227ba190640 .functor NOT 1, L_00000227ba183650, C4<0>, C4<0>, C4<0>;
L_00000227ba190a30 .functor AND 1, L_00000227ba190090, L_00000227ba190640, C4<1>, C4<1>;
L_00000227ba1906b0 .functor AND 1, L_00000227ba18fbc0, L_00000227ba184690, C4<1>, C4<1>;
L_00000227ba18fae0 .functor NOT 1, L_00000227ba1856d0, C4<0>, C4<0>, C4<0>;
L_00000227ba190100 .functor AND 1, L_00000227ba1906b0, L_00000227ba18fae0, C4<1>, C4<1>;
L_00000227ba18fc30 .functor AND 1, L_00000227ba190100, L_00000227ba184870, C4<1>, C4<1>;
L_00000227ba190870 .functor NOT 1, L_00000227ba1830b0, C4<0>, C4<0>, C4<0>;
L_00000227ba18fca0 .functor NOT 1, L_00000227ba183330, C4<0>, C4<0>, C4<0>;
L_00000227ba18fd80 .functor AND 1, L_00000227ba190870, L_00000227ba18fca0, C4<1>, C4<1>;
L_00000227ba190170 .functor AND 1, L_00000227ba18fd80, L_00000227ba184910, C4<1>, C4<1>;
L_00000227ba1902c0 .functor NOT 1, L_00000227ba1833d0, C4<0>, C4<0>, C4<0>;
L_00000227ba190790 .functor AND 1, L_00000227ba190170, L_00000227ba1902c0, C4<1>, C4<1>;
L_00000227ba190bf0 .functor NOT 1, L_00000227ba183470, C4<0>, C4<0>, C4<0>;
L_00000227ba190330 .functor AND 1, L_00000227ba190790, L_00000227ba190bf0, C4<1>, C4<1>;
L_00000227ba190db0 .functor AND 1, L_00000227ba190330, L_00000227ba1836f0, C4<1>, C4<1>;
L_00000227ba190800 .functor AND 1, L_00000227ba190db0, L_00000227ba1849b0, C4<1>, C4<1>;
L_00000227ba190aa0 .functor NOT 1, L_00000227ba183790, C4<0>, C4<0>, C4<0>;
L_00000227ba190c60 .functor AND 1, L_00000227ba190800, L_00000227ba190aa0, C4<1>, C4<1>;
L_00000227ba190e20 .functor NOT 1, L_00000227ba186b70, C4<0>, C4<0>, C4<0>;
L_00000227ba193ba0 .functor AND 1, L_00000227ba190c60, L_00000227ba190e20, C4<1>, C4<1>;
L_00000227ba193c10 .functor NOT 1, L_00000227ba185e50, C4<0>, C4<0>, C4<0>;
L_00000227ba193c80 .functor AND 1, L_00000227ba193ba0, L_00000227ba193c10, C4<1>, C4<1>;
L_00000227ba193d60 .functor NOT 1, L_00000227ba185db0, C4<0>, C4<0>, C4<0>;
L_00000227ba193cf0 .functor AND 1, L_00000227ba190800, L_00000227ba193d60, C4<1>, C4<1>;
L_00000227ba193a50 .functor AND 1, L_00000227ba193cf0, L_00000227ba187930, C4<1>, C4<1>;
L_00000227ba193ac0 .functor NOT 1, L_00000227ba186710, C4<0>, C4<0>, C4<0>;
L_00000227ba193b30 .functor AND 1, L_00000227ba193a50, L_00000227ba193ac0, C4<1>, C4<1>;
L_00000227ba191f30 .functor NOT 1, L_00000227ba187a70, C4<0>, C4<0>, C4<0>;
L_00000227ba193350 .functor AND 1, L_00000227ba190800, L_00000227ba191f30, C4<1>, C4<1>;
L_00000227ba192f60 .functor AND 1, L_00000227ba193350, L_00000227ba1879d0, C4<1>, C4<1>;
L_00000227ba193580 .functor AND 1, L_00000227ba192f60, L_00000227ba186cb0, C4<1>, C4<1>;
L_00000227ba192c50 .functor AND 1, L_00000227ba190800, L_00000227ba187570, C4<1>, C4<1>;
L_00000227ba192cc0 .functor NOT 1, L_00000227ba186670, C4<0>, C4<0>, C4<0>;
L_00000227ba191e50 .functor AND 1, L_00000227ba192c50, L_00000227ba192cc0, C4<1>, C4<1>;
L_00000227ba193660 .functor NOT 1, L_00000227ba186fd0, C4<0>, C4<0>, C4<0>;
L_00000227ba193970 .functor AND 1, L_00000227ba191e50, L_00000227ba193660, C4<1>, C4<1>;
L_00000227ba1929b0 .functor AND 1, L_00000227ba190800, L_00000227ba1871b0, C4<1>, C4<1>;
L_00000227ba1920f0 .functor AND 1, L_00000227ba1929b0, L_00000227ba187d90, C4<1>, C4<1>;
L_00000227ba192b70 .functor NOT 1, L_00000227ba187b10, C4<0>, C4<0>, C4<0>;
L_00000227ba192780 .functor AND 1, L_00000227ba1920f0, L_00000227ba192b70, C4<1>, C4<1>;
L_00000227ba1921d0 .functor AND 1, L_00000227ba190800, L_00000227ba187bb0, C4<1>, C4<1>;
L_00000227ba1935f0 .functor AND 1, L_00000227ba1921d0, L_00000227ba187e30, C4<1>, C4<1>;
L_00000227ba1936d0 .functor AND 1, L_00000227ba1935f0, L_00000227ba185950, C4<1>, C4<1>;
L_00000227ba1933c0 .functor NOT 1, L_00000227ba187250, C4<0>, C4<0>, C4<0>;
L_00000227ba193120 .functor AND 1, L_00000227ba190800, L_00000227ba1933c0, C4<1>, C4<1>;
L_00000227ba193740 .functor NOT 1, L_00000227ba187070, C4<0>, C4<0>, C4<0>;
L_00000227ba1937b0 .functor AND 1, L_00000227ba193120, L_00000227ba193740, C4<1>, C4<1>;
L_00000227ba192a20 .functor AND 1, L_00000227ba1937b0, L_00000227ba187c50, C4<1>, C4<1>;
L_00000227ba192010 .functor AND 1, L_00000227ba190800, L_00000227ba187cf0, C4<1>, C4<1>;
L_00000227ba1939e0 .functor NOT 1, L_00000227ba1872f0, C4<0>, C4<0>, C4<0>;
L_00000227ba191fa0 .functor AND 1, L_00000227ba192010, L_00000227ba1939e0, C4<1>, C4<1>;
L_00000227ba193890 .functor AND 1, L_00000227ba191fa0, L_00000227ba1859f0, C4<1>, C4<1>;
L_00000227ba193820 .functor NOT 1, L_00000227ba1867b0, C4<0>, C4<0>, C4<0>;
L_00000227ba192240 .functor AND 1, L_00000227ba193890, L_00000227ba193820, C4<1>, C4<1>;
L_00000227ba1922b0 .functor AND 1, L_00000227ba190800, L_00000227ba187ed0, C4<1>, C4<1>;
L_00000227ba192550 .functor NOT 1, L_00000227ba186f30, C4<0>, C4<0>, C4<0>;
L_00000227ba192be0 .functor AND 1, L_00000227ba1922b0, L_00000227ba192550, C4<1>, C4<1>;
L_00000227ba192860 .functor AND 1, L_00000227ba192be0, L_00000227ba185810, C4<1>, C4<1>;
L_00000227ba191ec0 .functor AND 1, L_00000227ba192860, L_00000227ba187430, C4<1>, C4<1>;
L_00000227ba193040 .functor OR 1, L_00000227ba192a20, L_00000227ba192240, C4<0>, C4<0>;
L_00000227ba193190 .functor OR 1, L_00000227ba193040, L_00000227ba191ec0, C4<0>, C4<0>;
L_00000227ba192b00 .functor AND 1, L_00000227ba1862b0, L_00000227ba186170, C4<1>, C4<1>;
L_00000227ba193200 .functor NOT 1, L_00000227ba186530, C4<0>, C4<0>, C4<0>;
L_00000227ba1927f0 .functor AND 1, L_00000227ba192b00, L_00000227ba193200, C4<1>, C4<1>;
L_00000227ba193900 .functor NOT 1, L_00000227ba187f70, C4<0>, C4<0>, C4<0>;
L_00000227ba192ef0 .functor AND 1, L_00000227ba1927f0, L_00000227ba193900, C4<1>, C4<1>;
L_00000227ba192080 .functor AND 1, L_00000227ba192ef0, L_00000227ba1858b0, C4<1>, C4<1>;
L_00000227ba193270 .functor AND 1, L_00000227ba192080, L_00000227ba186350, C4<1>, C4<1>;
L_00000227ba192d30 .functor AND 1, L_00000227ba193270, L_00000227ba185a90, C4<1>, C4<1>;
L_00000227ba192160 .functor NOT 1, L_00000227ba185b30, C4<0>, C4<0>, C4<0>;
L_00000227ba192470 .functor AND 1, L_00000227ba192160, L_00000227ba186d50, C4<1>, C4<1>;
L_00000227ba193510 .functor NOT 1, L_00000227ba185bd0, C4<0>, C4<0>, C4<0>;
L_00000227ba192320 .functor AND 1, L_00000227ba192470, L_00000227ba193510, C4<1>, C4<1>;
L_00000227ba192390 .functor NOT 1, L_00000227ba185c70, C4<0>, C4<0>, C4<0>;
L_00000227ba192400 .functor AND 1, L_00000227ba192320, L_00000227ba192390, C4<1>, C4<1>;
L_00000227ba1928d0 .functor NOT 1, L_00000227ba1865d0, C4<0>, C4<0>, C4<0>;
L_00000227ba192da0 .functor AND 1, L_00000227ba192400, L_00000227ba1928d0, C4<1>, C4<1>;
L_00000227ba1924e0 .functor AND 1, L_00000227ba192da0, L_00000227ba186850, C4<1>, C4<1>;
L_00000227ba192940 .functor AND 1, L_00000227ba1924e0, L_00000227ba187390, C4<1>, C4<1>;
L_00000227ba192a90 .functor NOT 1, L_00000227ba186030, C4<0>, C4<0>, C4<0>;
L_00000227ba1925c0 .functor AND 1, L_00000227ba192940, L_00000227ba192a90, C4<1>, C4<1>;
L_00000227ba1930b0 .functor NOT 1, L_00000227ba1874d0, C4<0>, C4<0>, C4<0>;
L_00000227ba192e10 .functor AND 1, L_00000227ba1925c0, L_00000227ba1930b0, C4<1>, C4<1>;
L_00000227ba192630 .functor NOT 1, L_00000227ba1860d0, C4<0>, C4<0>, C4<0>;
L_00000227ba1932e0 .functor AND 1, L_00000227ba192e10, L_00000227ba192630, C4<1>, C4<1>;
L_00000227ba1926a0 .functor NOT 1, L_00000227ba186210, C4<0>, C4<0>, C4<0>;
L_00000227ba192710 .functor AND 1, L_00000227ba192940, L_00000227ba1926a0, C4<1>, C4<1>;
L_00000227ba192e80 .functor NOT 1, L_00000227ba187610, C4<0>, C4<0>, C4<0>;
L_00000227ba192fd0 .functor AND 1, L_00000227ba192710, L_00000227ba192e80, C4<1>, C4<1>;
L_00000227ba193430 .functor AND 1, L_00000227ba192fd0, L_00000227ba187890, C4<1>, C4<1>;
L_00000227ba1934a0 .functor NOT 1, L_00000227ba186a30, C4<0>, C4<0>, C4<0>;
L_00000227ba19dcb0 .functor AND 1, L_00000227ba192940, L_00000227ba1934a0, C4<1>, C4<1>;
L_00000227ba19e110 .functor AND 1, L_00000227ba19dcb0, L_00000227ba185d10, C4<1>, C4<1>;
L_00000227ba19da80 .functor NOT 1, L_00000227ba185ef0, C4<0>, C4<0>, C4<0>;
L_00000227ba19d310 .functor AND 1, L_00000227ba19e110, L_00000227ba19da80, C4<1>, C4<1>;
L_00000227ba19dfc0 .functor AND 1, L_00000227ba187110, L_00000227ba1868f0, C4<1>, C4<1>;
L_00000227ba19e3b0 .functor NOT 1, L_00000227ba186990, C4<0>, C4<0>, C4<0>;
L_00000227ba19d1c0 .functor AND 1, L_00000227ba19dfc0, L_00000227ba19e3b0, C4<1>, C4<1>;
L_00000227ba19da10 .functor NOT 1, L_00000227ba186e90, C4<0>, C4<0>, C4<0>;
L_00000227ba19d150 .functor AND 1, L_00000227ba19d1c0, L_00000227ba19da10, C4<1>, C4<1>;
L_00000227ba19e030 .functor NOT 1, L_00000227ba186ad0, C4<0>, C4<0>, C4<0>;
L_00000227ba19d380 .functor AND 1, L_00000227ba19d150, L_00000227ba19e030, C4<1>, C4<1>;
L_00000227ba19d700 .functor AND 1, L_00000227ba19d380, L_00000227ba1863f0, C4<1>, C4<1>;
L_00000227ba19ceb0 .functor AND 1, L_00000227ba19d700, L_00000227ba185f90, C4<1>, C4<1>;
L_00000227ba19e7a0 .functor NOT 1, L_00000227ba186490, C4<0>, C4<0>, C4<0>;
L_00000227ba19e0a0 .functor AND 1, L_00000227ba19ceb0, L_00000227ba19e7a0, C4<1>, C4<1>;
L_00000227ba19d0e0 .functor NOT 1, L_00000227ba1876b0, C4<0>, C4<0>, C4<0>;
L_00000227ba19d690 .functor AND 1, L_00000227ba19e0a0, L_00000227ba19d0e0, C4<1>, C4<1>;
L_00000227ba19dd90 .functor NOT 1, L_00000227ba186c10, C4<0>, C4<0>, C4<0>;
L_00000227ba19d230 .functor AND 1, L_00000227ba19d690, L_00000227ba19dd90, C4<1>, C4<1>;
L_00000227ba19cd60 .functor NOT 1, L_00000227ba186df0, C4<0>, C4<0>, C4<0>;
L_00000227ba19e880 .functor AND 1, L_00000227ba19ceb0, L_00000227ba19cd60, C4<1>, C4<1>;
L_00000227ba19daf0 .functor NOT 1, L_00000227ba187750, C4<0>, C4<0>, C4<0>;
L_00000227ba19db60 .functor AND 1, L_00000227ba19e880, L_00000227ba19daf0, C4<1>, C4<1>;
L_00000227ba19e180 .functor AND 1, L_00000227ba19db60, L_00000227ba1877f0, C4<1>, C4<1>;
L_00000227ba19d3f0 .functor AND 1, L_00000227ba19ceb0, L_00000227ba1881f0, C4<1>, C4<1>;
L_00000227ba19d770 .functor NOT 1, L_00000227ba188290, C4<0>, C4<0>, C4<0>;
L_00000227ba19dee0 .functor AND 1, L_00000227ba19d3f0, L_00000227ba19d770, C4<1>, C4<1>;
L_00000227ba19e810 .functor NOT 1, L_00000227ba188330, C4<0>, C4<0>, C4<0>;
L_00000227ba19d8c0 .functor AND 1, L_00000227ba19dee0, L_00000227ba19e810, C4<1>, C4<1>;
L_00000227ba19e650 .functor AND 1, L_00000227ba19ceb0, L_00000227ba188650, C4<1>, C4<1>;
L_00000227ba19d5b0 .functor NOT 1, L_00000227ba1886f0, C4<0>, C4<0>, C4<0>;
L_00000227ba19e420 .functor AND 1, L_00000227ba19e650, L_00000227ba19d5b0, C4<1>, C4<1>;
L_00000227ba19e8f0 .functor AND 1, L_00000227ba19e420, L_00000227ba1885b0, C4<1>, C4<1>;
L_00000227ba19cf20 .functor AND 1, L_00000227ba19ceb0, L_00000227ba188010, C4<1>, C4<1>;
L_00000227ba19cf90 .functor AND 1, L_00000227ba19cf20, L_00000227ba1883d0, C4<1>, C4<1>;
L_00000227ba19de70 .functor NOT 1, L_00000227ba1880b0, C4<0>, C4<0>, C4<0>;
L_00000227ba19df50 .functor AND 1, L_00000227ba19cf90, L_00000227ba19de70, C4<1>, C4<1>;
L_00000227ba19d000 .functor AND 1, L_00000227ba19ceb0, L_00000227ba188150, C4<1>, C4<1>;
L_00000227ba19d7e0 .functor AND 1, L_00000227ba19d000, L_00000227ba188470, C4<1>, C4<1>;
L_00000227ba19e1f0 .functor AND 1, L_00000227ba19d7e0, L_00000227ba188510, C4<1>, C4<1>;
L_00000227ba19d460 .functor AND 1, L_00000227ba1a1790, L_00000227ba1a3a90, C4<1>, C4<1>;
L_00000227ba19d850 .functor NOT 1, L_00000227ba1a2d70, C4<0>, C4<0>, C4<0>;
L_00000227ba19d930 .functor AND 1, L_00000227ba19d460, L_00000227ba19d850, C4<1>, C4<1>;
L_00000227ba19de00 .functor AND 1, L_00000227ba19d930, L_00000227ba1a24b0, C4<1>, C4<1>;
L_00000227ba19e6c0 .functor AND 1, L_00000227ba19de00, L_00000227ba1a3810, C4<1>, C4<1>;
L_00000227ba19e260 .functor AND 1, L_00000227ba19e6c0, L_00000227ba1a1f10, C4<1>, C4<1>;
L_00000227ba19dbd0 .functor AND 1, L_00000227ba19e260, L_00000227ba1a3630, C4<1>, C4<1>;
L_00000227ba19cdd0 .functor BUFZ 1, L_00000227ba19dbd0, C4<0>, C4<0>, C4<0>;
L_00000227ba19dc40 .functor NOT 1, L_00000227ba1a31d0, C4<0>, C4<0>, C4<0>;
L_00000227ba19dd20 .functor AND 1, L_00000227ba19dc40, L_00000227ba1a2e10, C4<1>, C4<1>;
L_00000227ba19e730 .functor NOT 1, L_00000227ba1a1c90, C4<0>, C4<0>, C4<0>;
L_00000227ba19d4d0 .functor AND 1, L_00000227ba19dd20, L_00000227ba19e730, C4<1>, C4<1>;
L_00000227ba19d070 .functor AND 1, L_00000227ba19d4d0, L_00000227ba1a22d0, C4<1>, C4<1>;
L_00000227ba19d9a0 .functor AND 1, L_00000227ba19d070, L_00000227ba1a2230, C4<1>, C4<1>;
L_00000227ba19e2d0 .functor AND 1, L_00000227ba19d9a0, L_00000227ba1a2050, C4<1>, C4<1>;
L_00000227ba19ce40 .functor AND 1, L_00000227ba19e2d0, L_00000227ba1a2a50, C4<1>, C4<1>;
L_00000227ba19d2a0 .functor NOT 1, L_00000227ba1a2ff0, C4<0>, C4<0>, C4<0>;
L_00000227ba19e340 .functor AND 1, L_00000227ba19e2d0, L_00000227ba19d2a0, C4<1>, C4<1>;
L_00000227ba19e490 .functor OR 1, L_00000227ba0ebf50, L_00000227ba190800, C4<0>, C4<0>;
L_00000227ba19e570 .functor OR 1, L_00000227ba19e490, L_00000227ba18fbc0, C4<0>, C4<0>;
L_00000227ba19e500 .functor OR 1, L_00000227ba19e570, L_00000227ba19cdd0, C4<0>, C4<0>;
L_00000227ba19e5e0 .functor OR 1, L_00000227ba19e500, L_00000227ba192d30, C4<0>, C4<0>;
L_00000227ba19d540 .functor OR 1, L_00000227ba19e5e0, L_00000227ba19ce40, C4<0>, C4<0>;
L_00000227ba19d620 .functor OR 1, L_00000227ba19d540, L_00000227ba19e340, C4<0>, C4<0>;
L_00000227ba19f140 .functor BUFZ 1, L_00000227ba192940, C4<0>, C4<0>, C4<0>;
L_00000227ba19ef10 .functor BUFZ 1, L_00000227ba193190, C4<0>, C4<0>, C4<0>;
L_00000227ba19f1b0 .functor NOT 1, L_00000227ba193190, C4<0>, C4<0>, C4<0>;
L_00000227ba19edc0 .functor AND 1, L_00000227ba190800, L_00000227ba19f1b0, C4<1>, C4<1>;
L_00000227ba19f610 .functor OR 1, L_00000227ba18fbc0, L_00000227ba19edc0, C4<0>, C4<0>;
L_00000227ba1a0410 .functor OR 1, L_00000227ba19f610, L_00000227ba192d30, C4<0>, C4<0>;
L_00000227ba1a02c0 .functor BUFZ 1, L_00000227ba192940, C4<0>, C4<0>, C4<0>;
L_00000227ba19f5a0 .functor BUFZ 1, L_00000227ba19ceb0, C4<0>, C4<0>, C4<0>;
L_00000227ba19f300 .functor OR 1, L_00000227ba19ce40, L_00000227ba19e340, C4<0>, C4<0>;
L_00000227ba19f840 .functor BUFZ 1, L_00000227ba19cdd0, C4<0>, C4<0>, C4<0>;
L_00000227ba1a0250 .functor AND 1, L_00000227ba19ceb0, v00000227ba169ae0_0, C4<1>, C4<1>;
L_00000227ba19f990 .functor BUFZ 1, L_00000227ba19cdd0, C4<0>, C4<0>, C4<0>;
L_00000227ba19fdf0 .functor BUFZ 1, L_00000227ba192d30, C4<0>, C4<0>, C4<0>;
L_00000227ba1a0100 .functor OR 1, L_00000227ba190800, L_00000227ba18fbc0, C4<0>, C4<0>;
L_00000227ba1a0330 .functor OR 1, L_00000227ba1a0100, L_00000227ba192940, C4<0>, C4<0>;
L_00000227ba19f7d0 .functor OR 1, L_00000227ba1a0330, L_00000227ba192d30, C4<0>, C4<0>;
L_00000227ba19ee30 .functor OR 1, L_00000227ba19f7d0, L_00000227ba19ce40, C4<0>, C4<0>;
L_00000227ba19f760 .functor OR 1, L_00000227ba19ee30, L_00000227ba19e340, C4<0>, C4<0>;
L_00000227ba19f6f0 .functor BUFZ 1, L_00000227ba19e340, C4<0>, C4<0>, C4<0>;
L_00000227ba19ece0 .functor OR 1, L_00000227ba18fbc0, L_00000227ba19ce40, C4<0>, C4<0>;
L_00000227ba19f220 .functor OR 1, L_00000227ba19cdd0, L_00000227ba192d30, C4<0>, C4<0>;
L_00000227ba19f680 .functor OR 1, L_00000227ba19f220, L_00000227ba19ce40, C4<0>, C4<0>;
L_00000227ba19eea0 .functor OR 1, L_00000227ba18f840, L_00000227ba18fc30, C4<0>, C4<0>;
L_00000227ba19f4c0 .functor OR 1, L_00000227ba19eea0, L_00000227ba193430, C4<0>, C4<0>;
L_00000227ba19fe60 .functor OR 1, L_00000227ba1904f0, L_00000227ba19d310, C4<0>, C4<0>;
L_00000227ba1a0020 .functor OR 1, L_00000227ba190a30, L_00000227ba18fc30, C4<0>, C4<0>;
v00000227ba16b200_0 .var "ALUOp", 4 0;
v00000227ba16b2a0_0 .net "ALUSrc", 0 0, L_00000227ba19f760;  alias, 1 drivers
v00000227ba169540_0 .net "ALUSrcA", 0 0, L_00000227ba19f6f0;  alias, 1 drivers
v00000227ba16ada0_0 .net "DMType", 2 0, L_00000227ba1a2550;  alias, 1 drivers
v00000227ba169180_0 .net "EXTOp", 5 0, L_00000227ba1a39f0;  alias, 1 drivers
v00000227ba16a9e0_0 .net "Funct3", 2 0, L_00000227ba182f70;  alias, 1 drivers
v00000227ba16b340_0 .net "Funct7", 6 0, L_00000227ba182a70;  alias, 1 drivers
v00000227ba169b80_0 .net "MemWrite", 0 0, L_00000227ba19f140;  alias, 1 drivers
v00000227ba169d60_0 .net "NPCOp", 2 0, L_00000227ba1a15b0;  alias, 1 drivers
v00000227ba169360_0 .net "Op", 6 0, L_00000227ba181170;  alias, 1 drivers
v00000227ba169220_0 .net "RegWrite", 0 0, L_00000227ba19d620;  alias, 1 drivers
v00000227ba16a300_0 .net "WDSel", 1 0, L_00000227ba1a25f0;  alias, 1 drivers
v00000227ba169400_0 .net "Zero", 0 0, v00000227ba169ae0_0;  alias, 1 drivers
v00000227ba16b520_0 .net *"_ivl_1", 0 0, L_00000227ba180a90;  1 drivers
v00000227ba16ad00_0 .net *"_ivl_10", 0 0, L_00000227ba0eba80;  1 drivers
v00000227ba1694a0_0 .net *"_ivl_101", 0 0, L_00000227ba185310;  1 drivers
v00000227ba16a800_0 .net *"_ivl_102", 0 0, L_00000227ba0ec500;  1 drivers
v00000227ba169c20_0 .net *"_ivl_105", 0 0, L_00000227ba184c30;  1 drivers
v00000227ba16b0c0_0 .net *"_ivl_106", 0 0, L_00000227ba0ec260;  1 drivers
v00000227ba16b700_0 .net *"_ivl_111", 0 0, L_00000227ba184af0;  1 drivers
v00000227ba169860_0 .net *"_ivl_112", 0 0, L_00000227ba0ec2d0;  1 drivers
v00000227ba16b3e0_0 .net *"_ivl_114", 0 0, L_00000227ba0ec3b0;  1 drivers
v00000227ba16a3a0_0 .net *"_ivl_117", 0 0, L_00000227ba1842d0;  1 drivers
v00000227ba1695e0_0 .net *"_ivl_118", 0 0, L_00000227b9c9b0d0;  1 drivers
v00000227ba16a120_0 .net *"_ivl_121", 0 0, L_00000227ba183fb0;  1 drivers
v00000227ba168fa0_0 .net *"_ivl_125", 0 0, L_00000227ba183b50;  1 drivers
v00000227ba16b480_0 .net *"_ivl_126", 0 0, L_00000227ba191440;  1 drivers
v00000227ba169a40_0 .net *"_ivl_129", 0 0, L_00000227ba183bf0;  1 drivers
v00000227ba1697c0_0 .net *"_ivl_13", 0 0, L_00000227ba181350;  1 drivers
v00000227ba16a940_0 .net *"_ivl_130", 0 0, L_00000227ba191520;  1 drivers
v00000227ba16b5c0_0 .net *"_ivl_132", 0 0, L_00000227ba1914b0;  1 drivers
v00000227ba16b660_0 .net *"_ivl_135", 0 0, L_00000227ba1851d0;  1 drivers
v00000227ba16a580_0 .net *"_ivl_136", 0 0, L_00000227ba191590;  1 drivers
v00000227ba16a440_0 .net *"_ivl_14", 0 0, L_00000227ba0ea9e0;  1 drivers
v00000227ba16a620_0 .net *"_ivl_141", 0 0, L_00000227ba1840f0;  1 drivers
v00000227ba169f40_0 .net *"_ivl_142", 0 0, L_00000227ba191670;  1 drivers
v00000227ba16ab20_0 .net *"_ivl_145", 0 0, L_00000227ba183290;  1 drivers
v00000227ba169900_0 .net *"_ivl_146", 0 0, L_00000227ba1916e0;  1 drivers
v00000227ba16a6c0_0 .net *"_ivl_148", 0 0, L_00000227ba191750;  1 drivers
v00000227ba1699a0_0 .net *"_ivl_151", 0 0, L_00000227ba184730;  1 drivers
v00000227ba16a760_0 .net *"_ivl_152", 0 0, L_00000227ba191050;  1 drivers
v00000227ba16a8a0_0 .net *"_ivl_155", 0 0, L_00000227ba184eb0;  1 drivers
v00000227ba169cc0_0 .net *"_ivl_156", 0 0, L_00000227ba190cd0;  1 drivers
v00000227ba169e00_0 .net *"_ivl_16", 0 0, L_00000227ba0ebc40;  1 drivers
v00000227ba169fe0_0 .net *"_ivl_161", 0 0, L_00000227ba183150;  1 drivers
v00000227ba16aa80_0 .net *"_ivl_162", 0 0, L_00000227ba1910c0;  1 drivers
v00000227ba16af80_0 .net *"_ivl_165", 0 0, L_00000227ba184190;  1 drivers
v00000227ba16ac60_0 .net *"_ivl_166", 0 0, L_00000227ba190b10;  1 drivers
v00000227ba16abc0_0 .net *"_ivl_168", 0 0, L_00000227ba18fdf0;  1 drivers
v00000227ba16ae40_0 .net *"_ivl_171", 0 0, L_00000227ba183dd0;  1 drivers
v00000227ba16b020_0 .net *"_ivl_172", 0 0, L_00000227ba1901e0;  1 drivers
v00000227ba16aee0_0 .net *"_ivl_175", 0 0, L_00000227ba1853b0;  1 drivers
v00000227ba16bde0_0 .net *"_ivl_179", 0 0, L_00000227ba1831f0;  1 drivers
v00000227ba16c600_0 .net *"_ivl_180", 0 0, L_00000227ba191280;  1 drivers
v00000227ba16c420_0 .net *"_ivl_183", 0 0, L_00000227ba184a50;  1 drivers
v00000227ba16cc40_0 .net *"_ivl_184", 0 0, L_00000227ba18f920;  1 drivers
v00000227ba16be80_0 .net *"_ivl_187", 0 0, L_00000227ba183510;  1 drivers
v00000227ba16c060_0 .net *"_ivl_188", 0 0, L_00000227ba190020;  1 drivers
v00000227ba16cce0_0 .net *"_ivl_19", 0 0, L_00000227ba1813f0;  1 drivers
v00000227ba16bfc0_0 .net *"_ivl_193", 0 0, L_00000227ba1847d0;  1 drivers
v00000227ba16ce20_0 .net *"_ivl_194", 0 0, L_00000227ba18ff40;  1 drivers
v00000227ba16cba0_0 .net *"_ivl_197", 0 0, L_00000227ba184370;  1 drivers
v00000227ba16bf20_0 .net *"_ivl_198", 0 0, L_00000227ba1912f0;  1 drivers
v00000227ba16c880_0 .net *"_ivl_2", 0 0, L_00000227ba0ead60;  1 drivers
v00000227ba16c7e0_0 .net *"_ivl_20", 0 0, L_00000227ba0eaa50;  1 drivers
v00000227ba16c100_0 .net *"_ivl_201", 0 0, L_00000227ba183e70;  1 drivers
v00000227ba16c4c0_0 .net *"_ivl_205", 0 0, L_00000227ba184d70;  1 drivers
v00000227ba16bac0_0 .net *"_ivl_206", 0 0, L_00000227ba191360;  1 drivers
v00000227ba16c560_0 .net *"_ivl_209", 0 0, L_00000227ba1835b0;  1 drivers
v00000227ba16c1a0_0 .net *"_ivl_210", 0 0, L_00000227ba1908e0;  1 drivers
v00000227ba16cd80_0 .net *"_ivl_212", 0 0, L_00000227ba190b80;  1 drivers
v00000227ba16c6a0_0 .net *"_ivl_215", 0 0, L_00000227ba183ab0;  1 drivers
v00000227ba16ba20_0 .net *"_ivl_216", 0 0, L_00000227ba18fed0;  1 drivers
v00000227ba16c240_0 .net *"_ivl_218", 0 0, L_00000227ba190f70;  1 drivers
v00000227ba16cb00_0 .net *"_ivl_22", 0 0, L_00000227ba0ebcb0;  1 drivers
v00000227ba16c2e0_0 .net *"_ivl_221", 0 0, L_00000227ba184e10;  1 drivers
v00000227ba16c9c0_0 .net *"_ivl_222", 0 0, L_00000227ba1909c0;  1 drivers
v00000227ba16b7a0_0 .net *"_ivl_224", 0 0, L_00000227ba190480;  1 drivers
v00000227ba16c740_0 .net *"_ivl_227", 0 0, L_00000227ba185450;  1 drivers
v00000227ba16c380_0 .net *"_ivl_228", 0 0, L_00000227ba1903a0;  1 drivers
v00000227ba16c920_0 .net *"_ivl_230", 0 0, L_00000227ba190e90;  1 drivers
v00000227ba16b840_0 .net *"_ivl_233", 0 0, L_00000227ba185590;  1 drivers
v00000227ba16b8e0_0 .net *"_ivl_234", 0 0, L_00000227ba191130;  1 drivers
v00000227ba16ca60_0 .net *"_ivl_237", 0 0, L_00000227ba184f50;  1 drivers
v00000227ba16b980_0 .net *"_ivl_241", 0 0, L_00000227ba184410;  1 drivers
v00000227ba16bca0_0 .net *"_ivl_242", 0 0, L_00000227ba1905d0;  1 drivers
v00000227ba16bb60_0 .net *"_ivl_244", 0 0, L_00000227ba190f00;  1 drivers
v00000227ba16bd40_0 .net *"_ivl_247", 0 0, L_00000227ba184550;  1 drivers
v00000227ba16bc00_0 .net *"_ivl_248", 0 0, L_00000227ba18fe60;  1 drivers
v00000227ba16e810_0 .net *"_ivl_25", 0 0, L_00000227ba181530;  1 drivers
v00000227ba16f350_0 .net *"_ivl_250", 0 0, L_00000227ba190720;  1 drivers
v00000227ba16df50_0 .net *"_ivl_253", 0 0, L_00000227ba1838d0;  1 drivers
v00000227ba16f3f0_0 .net *"_ivl_254", 0 0, L_00000227ba1911a0;  1 drivers
v00000227ba16de10_0 .net *"_ivl_259", 0 0, L_00000227ba184050;  1 drivers
v00000227ba16f670_0 .net *"_ivl_26", 0 0, L_00000227ba0eaeb0;  1 drivers
v00000227ba16f2b0_0 .net *"_ivl_260", 0 0, L_00000227ba18fa70;  1 drivers
v00000227ba16dcd0_0 .net *"_ivl_262", 0 0, L_00000227ba191210;  1 drivers
v00000227ba16ed10_0 .net *"_ivl_265", 0 0, L_00000227ba184230;  1 drivers
v00000227ba16ec70_0 .net *"_ivl_266", 0 0, L_00000227ba190d40;  1 drivers
v00000227ba16dff0_0 .net *"_ivl_268", 0 0, L_00000227ba190410;  1 drivers
v00000227ba16e590_0 .net *"_ivl_271", 0 0, L_00000227ba1845f0;  1 drivers
v00000227ba16d5f0_0 .net *"_ivl_275", 0 0, L_00000227ba184ff0;  1 drivers
v00000227ba16e6d0_0 .net *"_ivl_276", 0 0, L_00000227ba18f8b0;  1 drivers
v00000227ba16ea90_0 .net *"_ivl_278", 0 0, L_00000227ba190250;  1 drivers
v00000227ba16d730_0 .net *"_ivl_281", 0 0, L_00000227ba185090;  1 drivers
v00000227ba16d0f0_0 .net *"_ivl_282", 0 0, L_00000227ba18fa00;  1 drivers
v00000227ba16edb0_0 .net *"_ivl_285", 0 0, L_00000227ba185130;  1 drivers
v00000227ba16e8b0_0 .net *"_ivl_286", 0 0, L_00000227ba18fd10;  1 drivers
v00000227ba16e770_0 .net *"_ivl_29", 0 0, L_00000227ba181490;  1 drivers
v00000227ba16d9b0_0 .net *"_ivl_291", 0 0, L_00000227ba1844b0;  1 drivers
v00000227ba16d050_0 .net *"_ivl_292", 0 0, L_00000227ba190950;  1 drivers
v00000227ba16d7d0_0 .net *"_ivl_295", 0 0, L_00000227ba185630;  1 drivers
v00000227ba16deb0_0 .net *"_ivl_296", 0 0, L_00000227ba18fb50;  1 drivers
v00000227ba16ee50_0 .net *"_ivl_298", 0 0, L_00000227ba190090;  1 drivers
v00000227ba16e9f0_0 .net *"_ivl_301", 0 0, L_00000227ba183650;  1 drivers
v00000227ba16e950_0 .net *"_ivl_302", 0 0, L_00000227ba190640;  1 drivers
v00000227ba16f710_0 .net *"_ivl_307", 0 0, L_00000227ba184690;  1 drivers
v00000227ba16f5d0_0 .net *"_ivl_308", 0 0, L_00000227ba1906b0;  1 drivers
v00000227ba16f030_0 .net *"_ivl_311", 0 0, L_00000227ba1856d0;  1 drivers
v00000227ba16f170_0 .net *"_ivl_312", 0 0, L_00000227ba18fae0;  1 drivers
v00000227ba16e1d0_0 .net *"_ivl_314", 0 0, L_00000227ba190100;  1 drivers
v00000227ba16d190_0 .net *"_ivl_317", 0 0, L_00000227ba184870;  1 drivers
v00000227ba16f490_0 .net *"_ivl_321", 0 0, L_00000227ba1830b0;  1 drivers
v00000227ba16d690_0 .net *"_ivl_322", 0 0, L_00000227ba190870;  1 drivers
v00000227ba16da50_0 .net *"_ivl_325", 0 0, L_00000227ba183330;  1 drivers
v00000227ba16eb30_0 .net *"_ivl_326", 0 0, L_00000227ba18fca0;  1 drivers
v00000227ba16d230_0 .net *"_ivl_328", 0 0, L_00000227ba18fd80;  1 drivers
v00000227ba16e090_0 .net *"_ivl_33", 0 0, L_00000227ba1854f0;  1 drivers
v00000227ba16e4f0_0 .net *"_ivl_331", 0 0, L_00000227ba184910;  1 drivers
v00000227ba16f530_0 .net *"_ivl_332", 0 0, L_00000227ba190170;  1 drivers
v00000227ba16ebd0_0 .net *"_ivl_335", 0 0, L_00000227ba1833d0;  1 drivers
v00000227ba16d410_0 .net *"_ivl_336", 0 0, L_00000227ba1902c0;  1 drivers
v00000227ba16cfb0_0 .net *"_ivl_338", 0 0, L_00000227ba190790;  1 drivers
v00000227ba16eef0_0 .net *"_ivl_34", 0 0, L_00000227ba0eaf20;  1 drivers
v00000227ba16d2d0_0 .net *"_ivl_341", 0 0, L_00000227ba183470;  1 drivers
v00000227ba16ef90_0 .net *"_ivl_342", 0 0, L_00000227ba190bf0;  1 drivers
v00000227ba16d910_0 .net *"_ivl_344", 0 0, L_00000227ba190330;  1 drivers
v00000227ba16dd70_0 .net *"_ivl_347", 0 0, L_00000227ba1836f0;  1 drivers
v00000227ba16d870_0 .net *"_ivl_348", 0 0, L_00000227ba190db0;  1 drivers
v00000227ba16f0d0_0 .net *"_ivl_351", 0 0, L_00000227ba1849b0;  1 drivers
v00000227ba16e270_0 .net *"_ivl_355", 0 0, L_00000227ba183790;  1 drivers
v00000227ba16d4b0_0 .net *"_ivl_356", 0 0, L_00000227ba190aa0;  1 drivers
v00000227ba16d370_0 .net *"_ivl_358", 0 0, L_00000227ba190c60;  1 drivers
v00000227ba16d550_0 .net *"_ivl_36", 0 0, L_00000227ba0eaac0;  1 drivers
v00000227ba16e630_0 .net *"_ivl_361", 0 0, L_00000227ba186b70;  1 drivers
v00000227ba16f210_0 .net *"_ivl_362", 0 0, L_00000227ba190e20;  1 drivers
v00000227ba16daf0_0 .net *"_ivl_364", 0 0, L_00000227ba193ba0;  1 drivers
v00000227ba16e310_0 .net *"_ivl_367", 0 0, L_00000227ba185e50;  1 drivers
v00000227ba16db90_0 .net *"_ivl_368", 0 0, L_00000227ba193c10;  1 drivers
v00000227ba16e130_0 .net *"_ivl_373", 0 0, L_00000227ba185db0;  1 drivers
v00000227ba16dc30_0 .net *"_ivl_374", 0 0, L_00000227ba193d60;  1 drivers
v00000227ba16e3b0_0 .net *"_ivl_376", 0 0, L_00000227ba193cf0;  1 drivers
v00000227ba16e450_0 .net *"_ivl_379", 0 0, L_00000227ba187930;  1 drivers
v00000227ba16fc10_0 .net *"_ivl_380", 0 0, L_00000227ba193a50;  1 drivers
v00000227ba170250_0 .net *"_ivl_383", 0 0, L_00000227ba186710;  1 drivers
v00000227ba170430_0 .net *"_ivl_384", 0 0, L_00000227ba193ac0;  1 drivers
v00000227ba170a70_0 .net *"_ivl_389", 0 0, L_00000227ba187a70;  1 drivers
v00000227ba170890_0 .net *"_ivl_39", 0 0, L_00000227ba183a10;  1 drivers
v00000227ba16fdf0_0 .net *"_ivl_390", 0 0, L_00000227ba191f30;  1 drivers
v00000227ba170610_0 .net *"_ivl_392", 0 0, L_00000227ba193350;  1 drivers
v00000227ba16f7b0_0 .net *"_ivl_395", 0 0, L_00000227ba1879d0;  1 drivers
v00000227ba1706b0_0 .net *"_ivl_396", 0 0, L_00000227ba192f60;  1 drivers
v00000227ba170cf0_0 .net *"_ivl_399", 0 0, L_00000227ba186cb0;  1 drivers
v00000227ba170110_0 .net *"_ivl_40", 0 0, L_00000227ba0eb4d0;  1 drivers
v00000227ba170d90_0 .net *"_ivl_403", 0 0, L_00000227ba187570;  1 drivers
v00000227ba170070_0 .net *"_ivl_404", 0 0, L_00000227ba192c50;  1 drivers
v00000227ba16f850_0 .net *"_ivl_407", 0 0, L_00000227ba186670;  1 drivers
v00000227ba170e30_0 .net *"_ivl_408", 0 0, L_00000227ba192cc0;  1 drivers
v00000227ba1701b0_0 .net *"_ivl_410", 0 0, L_00000227ba191e50;  1 drivers
v00000227ba1709d0_0 .net *"_ivl_413", 0 0, L_00000227ba186fd0;  1 drivers
v00000227ba170930_0 .net *"_ivl_414", 0 0, L_00000227ba193660;  1 drivers
v00000227ba1702f0_0 .net *"_ivl_419", 0 0, L_00000227ba1871b0;  1 drivers
v00000227ba170570_0 .net *"_ivl_42", 0 0, L_00000227ba0ea5f0;  1 drivers
v00000227ba16fcb0_0 .net *"_ivl_420", 0 0, L_00000227ba1929b0;  1 drivers
v00000227ba170750_0 .net *"_ivl_423", 0 0, L_00000227ba187d90;  1 drivers
v00000227ba170b10_0 .net *"_ivl_424", 0 0, L_00000227ba1920f0;  1 drivers
v00000227ba16fd50_0 .net *"_ivl_427", 0 0, L_00000227ba187b10;  1 drivers
v00000227ba16f990_0 .net *"_ivl_428", 0 0, L_00000227ba192b70;  1 drivers
v00000227ba170bb0_0 .net *"_ivl_433", 0 0, L_00000227ba187bb0;  1 drivers
v00000227ba1707f0_0 .net *"_ivl_434", 0 0, L_00000227ba1921d0;  1 drivers
v00000227ba170c50_0 .net *"_ivl_437", 0 0, L_00000227ba187e30;  1 drivers
v00000227ba16fe90_0 .net *"_ivl_438", 0 0, L_00000227ba1935f0;  1 drivers
v00000227ba16fa30_0 .net *"_ivl_441", 0 0, L_00000227ba185950;  1 drivers
v00000227ba16ff30_0 .net *"_ivl_445", 0 0, L_00000227ba187250;  1 drivers
v00000227ba170390_0 .net *"_ivl_446", 0 0, L_00000227ba1933c0;  1 drivers
v00000227ba16f8f0_0 .net *"_ivl_448", 0 0, L_00000227ba193120;  1 drivers
v00000227ba16fad0_0 .net *"_ivl_45", 0 0, L_00000227ba184b90;  1 drivers
v00000227ba16fb70_0 .net *"_ivl_451", 0 0, L_00000227ba187070;  1 drivers
v00000227ba16ffd0_0 .net *"_ivl_452", 0 0, L_00000227ba193740;  1 drivers
v00000227ba1704d0_0 .net *"_ivl_454", 0 0, L_00000227ba1937b0;  1 drivers
v00000227ba1729f0_0 .net *"_ivl_457", 0 0, L_00000227ba187c50;  1 drivers
v00000227ba172e50_0 .net *"_ivl_46", 0 0, L_00000227ba0ebd20;  1 drivers
v00000227ba173990_0 .net *"_ivl_461", 0 0, L_00000227ba187cf0;  1 drivers
v00000227ba171d70_0 .net *"_ivl_462", 0 0, L_00000227ba192010;  1 drivers
v00000227ba1735d0_0 .net *"_ivl_465", 0 0, L_00000227ba1872f0;  1 drivers
v00000227ba171870_0 .net *"_ivl_466", 0 0, L_00000227ba1939e0;  1 drivers
v00000227ba173a30_0 .net *"_ivl_468", 0 0, L_00000227ba191fa0;  1 drivers
v00000227ba173d50_0 .net *"_ivl_471", 0 0, L_00000227ba1859f0;  1 drivers
v00000227ba171a50_0 .net *"_ivl_472", 0 0, L_00000227ba193890;  1 drivers
v00000227ba172590_0 .net *"_ivl_475", 0 0, L_00000227ba1867b0;  1 drivers
v00000227ba173e90_0 .net *"_ivl_476", 0 0, L_00000227ba193820;  1 drivers
v00000227ba173ad0_0 .net *"_ivl_48", 0 0, L_00000227ba0eb540;  1 drivers
v00000227ba172a90_0 .net *"_ivl_481", 0 0, L_00000227ba187ed0;  1 drivers
v00000227ba171910_0 .net *"_ivl_482", 0 0, L_00000227ba1922b0;  1 drivers
v00000227ba173670_0 .net *"_ivl_485", 0 0, L_00000227ba186f30;  1 drivers
v00000227ba173210_0 .net *"_ivl_486", 0 0, L_00000227ba192550;  1 drivers
v00000227ba173b70_0 .net *"_ivl_488", 0 0, L_00000227ba192be0;  1 drivers
v00000227ba173cb0_0 .net *"_ivl_491", 0 0, L_00000227ba185810;  1 drivers
v00000227ba172310_0 .net *"_ivl_492", 0 0, L_00000227ba192860;  1 drivers
v00000227ba1738f0_0 .net *"_ivl_495", 0 0, L_00000227ba187430;  1 drivers
v00000227ba173f30_0 .net *"_ivl_498", 0 0, L_00000227ba193040;  1 drivers
v00000227ba172090_0 .net *"_ivl_5", 0 0, L_00000227ba180c70;  1 drivers
v00000227ba173c10_0 .net *"_ivl_503", 0 0, L_00000227ba1862b0;  1 drivers
v00000227ba172b30_0 .net *"_ivl_505", 0 0, L_00000227ba186170;  1 drivers
v00000227ba171cd0_0 .net *"_ivl_506", 0 0, L_00000227ba192b00;  1 drivers
v00000227ba172950_0 .net *"_ivl_509", 0 0, L_00000227ba186530;  1 drivers
v00000227ba1717d0_0 .net *"_ivl_51", 0 0, L_00000227ba183f10;  1 drivers
v00000227ba173df0_0 .net *"_ivl_510", 0 0, L_00000227ba193200;  1 drivers
v00000227ba172270_0 .net *"_ivl_512", 0 0, L_00000227ba1927f0;  1 drivers
v00000227ba171e10_0 .net *"_ivl_515", 0 0, L_00000227ba187f70;  1 drivers
v00000227ba173170_0 .net *"_ivl_516", 0 0, L_00000227ba193900;  1 drivers
v00000227ba1719b0_0 .net *"_ivl_518", 0 0, L_00000227ba192ef0;  1 drivers
v00000227ba171af0_0 .net *"_ivl_52", 0 0, L_00000227ba0ebd90;  1 drivers
v00000227ba172d10_0 .net *"_ivl_521", 0 0, L_00000227ba1858b0;  1 drivers
v00000227ba172c70_0 .net *"_ivl_522", 0 0, L_00000227ba192080;  1 drivers
v00000227ba172db0_0 .net *"_ivl_525", 0 0, L_00000227ba186350;  1 drivers
v00000227ba1726d0_0 .net *"_ivl_526", 0 0, L_00000227ba193270;  1 drivers
v00000227ba173350_0 .net *"_ivl_529", 0 0, L_00000227ba185a90;  1 drivers
v00000227ba171b90_0 .net *"_ivl_533", 0 0, L_00000227ba185b30;  1 drivers
v00000227ba172bd0_0 .net *"_ivl_534", 0 0, L_00000227ba192160;  1 drivers
v00000227ba171c30_0 .net *"_ivl_537", 0 0, L_00000227ba186d50;  1 drivers
v00000227ba172ef0_0 .net *"_ivl_538", 0 0, L_00000227ba192470;  1 drivers
v00000227ba172f90_0 .net *"_ivl_541", 0 0, L_00000227ba185bd0;  1 drivers
v00000227ba171eb0_0 .net *"_ivl_542", 0 0, L_00000227ba193510;  1 drivers
v00000227ba171f50_0 .net *"_ivl_544", 0 0, L_00000227ba192320;  1 drivers
v00000227ba171ff0_0 .net *"_ivl_547", 0 0, L_00000227ba185c70;  1 drivers
v00000227ba1723b0_0 .net *"_ivl_548", 0 0, L_00000227ba192390;  1 drivers
v00000227ba1737b0_0 .net *"_ivl_550", 0 0, L_00000227ba192400;  1 drivers
v00000227ba173490_0 .net *"_ivl_553", 0 0, L_00000227ba1865d0;  1 drivers
v00000227ba172130_0 .net *"_ivl_554", 0 0, L_00000227ba1928d0;  1 drivers
v00000227ba1721d0_0 .net *"_ivl_556", 0 0, L_00000227ba192da0;  1 drivers
v00000227ba172450_0 .net *"_ivl_559", 0 0, L_00000227ba186850;  1 drivers
v00000227ba173030_0 .net *"_ivl_560", 0 0, L_00000227ba1924e0;  1 drivers
v00000227ba1733f0_0 .net *"_ivl_563", 0 0, L_00000227ba187390;  1 drivers
v00000227ba173530_0 .net *"_ivl_567", 0 0, L_00000227ba186030;  1 drivers
v00000227ba1730d0_0 .net *"_ivl_568", 0 0, L_00000227ba192a90;  1 drivers
v00000227ba1724f0_0 .net *"_ivl_57", 0 0, L_00000227ba183970;  1 drivers
v00000227ba172810_0 .net *"_ivl_570", 0 0, L_00000227ba1925c0;  1 drivers
v00000227ba1732b0_0 .net *"_ivl_573", 0 0, L_00000227ba1874d0;  1 drivers
v00000227ba172630_0 .net *"_ivl_574", 0 0, L_00000227ba1930b0;  1 drivers
v00000227ba172770_0 .net *"_ivl_576", 0 0, L_00000227ba192e10;  1 drivers
v00000227ba1728b0_0 .net *"_ivl_579", 0 0, L_00000227ba1860d0;  1 drivers
v00000227ba173710_0 .net *"_ivl_58", 0 0, L_00000227ba0ebe00;  1 drivers
v00000227ba173850_0 .net *"_ivl_580", 0 0, L_00000227ba192630;  1 drivers
v00000227ba174e30_0 .net *"_ivl_585", 0 0, L_00000227ba186210;  1 drivers
v00000227ba174250_0 .net *"_ivl_586", 0 0, L_00000227ba1926a0;  1 drivers
v00000227ba174890_0 .net *"_ivl_588", 0 0, L_00000227ba192710;  1 drivers
v00000227ba175330_0 .net *"_ivl_591", 0 0, L_00000227ba187610;  1 drivers
v00000227ba174610_0 .net *"_ivl_592", 0 0, L_00000227ba192e80;  1 drivers
v00000227ba1751f0_0 .net *"_ivl_594", 0 0, L_00000227ba192fd0;  1 drivers
v00000227ba175470_0 .net *"_ivl_597", 0 0, L_00000227ba187890;  1 drivers
v00000227ba174ed0_0 .net *"_ivl_6", 0 0, L_00000227ba0eb460;  1 drivers
v00000227ba1746b0_0 .net *"_ivl_60", 0 0, L_00000227ba0eab30;  1 drivers
v00000227ba174f70_0 .net *"_ivl_601", 0 0, L_00000227ba186a30;  1 drivers
v00000227ba1753d0_0 .net *"_ivl_602", 0 0, L_00000227ba1934a0;  1 drivers
v00000227ba175290_0 .net *"_ivl_604", 0 0, L_00000227ba19dcb0;  1 drivers
v00000227ba174a70_0 .net *"_ivl_607", 0 0, L_00000227ba185d10;  1 drivers
v00000227ba173fd0_0 .net *"_ivl_608", 0 0, L_00000227ba19e110;  1 drivers
v00000227ba1741b0_0 .net *"_ivl_611", 0 0, L_00000227ba185ef0;  1 drivers
v00000227ba174c50_0 .net *"_ivl_612", 0 0, L_00000227ba19da80;  1 drivers
v00000227ba1742f0_0 .net *"_ivl_617", 0 0, L_00000227ba187110;  1 drivers
v00000227ba174cf0_0 .net *"_ivl_619", 0 0, L_00000227ba1868f0;  1 drivers
v00000227ba175510_0 .net *"_ivl_620", 0 0, L_00000227ba19dfc0;  1 drivers
v00000227ba175010_0 .net *"_ivl_623", 0 0, L_00000227ba186990;  1 drivers
v00000227ba174d90_0 .net *"_ivl_624", 0 0, L_00000227ba19e3b0;  1 drivers
v00000227ba175650_0 .net *"_ivl_626", 0 0, L_00000227ba19d1c0;  1 drivers
v00000227ba174390_0 .net *"_ivl_629", 0 0, L_00000227ba186e90;  1 drivers
v00000227ba174430_0 .net *"_ivl_63", 0 0, L_00000227ba183010;  1 drivers
v00000227ba174930_0 .net *"_ivl_630", 0 0, L_00000227ba19da10;  1 drivers
v00000227ba174570_0 .net *"_ivl_632", 0 0, L_00000227ba19d150;  1 drivers
v00000227ba174070_0 .net *"_ivl_635", 0 0, L_00000227ba186ad0;  1 drivers
v00000227ba1747f0_0 .net *"_ivl_636", 0 0, L_00000227ba19e030;  1 drivers
v00000227ba1744d0_0 .net *"_ivl_638", 0 0, L_00000227ba19d380;  1 drivers
v00000227ba1755b0_0 .net *"_ivl_64", 0 0, L_00000227ba0eb230;  1 drivers
v00000227ba174110_0 .net *"_ivl_641", 0 0, L_00000227ba1863f0;  1 drivers
v00000227ba174750_0 .net *"_ivl_642", 0 0, L_00000227ba19d700;  1 drivers
v00000227ba1749d0_0 .net *"_ivl_645", 0 0, L_00000227ba185f90;  1 drivers
v00000227ba1750b0_0 .net *"_ivl_649", 0 0, L_00000227ba186490;  1 drivers
v00000227ba174b10_0 .net *"_ivl_650", 0 0, L_00000227ba19e7a0;  1 drivers
v00000227ba175150_0 .net *"_ivl_652", 0 0, L_00000227ba19e0a0;  1 drivers
v00000227ba174bb0_0 .net *"_ivl_655", 0 0, L_00000227ba1876b0;  1 drivers
v00000227ba178190_0 .net *"_ivl_656", 0 0, L_00000227ba19d0e0;  1 drivers
v00000227ba176ed0_0 .net *"_ivl_658", 0 0, L_00000227ba19d690;  1 drivers
v00000227ba176890_0 .net *"_ivl_66", 0 0, L_00000227ba0ebe70;  1 drivers
v00000227ba177010_0 .net *"_ivl_661", 0 0, L_00000227ba186c10;  1 drivers
v00000227ba1776f0_0 .net *"_ivl_662", 0 0, L_00000227ba19dd90;  1 drivers
v00000227ba1784b0_0 .net *"_ivl_667", 0 0, L_00000227ba186df0;  1 drivers
v00000227ba178230_0 .net *"_ivl_668", 0 0, L_00000227ba19cd60;  1 drivers
v00000227ba177fb0_0 .net *"_ivl_670", 0 0, L_00000227ba19e880;  1 drivers
v00000227ba178f50_0 .net *"_ivl_673", 0 0, L_00000227ba187750;  1 drivers
v00000227ba178e10_0 .net *"_ivl_674", 0 0, L_00000227ba19daf0;  1 drivers
v00000227ba178550_0 .net *"_ivl_676", 0 0, L_00000227ba19db60;  1 drivers
v00000227ba177a10_0 .net *"_ivl_679", 0 0, L_00000227ba1877f0;  1 drivers
v00000227ba177ab0_0 .net *"_ivl_683", 0 0, L_00000227ba1881f0;  1 drivers
v00000227ba176930_0 .net *"_ivl_684", 0 0, L_00000227ba19d3f0;  1 drivers
v00000227ba178c30_0 .net *"_ivl_687", 0 0, L_00000227ba188290;  1 drivers
v00000227ba176f70_0 .net *"_ivl_688", 0 0, L_00000227ba19d770;  1 drivers
v00000227ba177290_0 .net *"_ivl_69", 0 0, L_00000227ba185270;  1 drivers
v00000227ba1782d0_0 .net *"_ivl_690", 0 0, L_00000227ba19dee0;  1 drivers
v00000227ba1769d0_0 .net *"_ivl_693", 0 0, L_00000227ba188330;  1 drivers
v00000227ba177790_0 .net *"_ivl_694", 0 0, L_00000227ba19e810;  1 drivers
v00000227ba177d30_0 .net *"_ivl_699", 0 0, L_00000227ba188650;  1 drivers
v00000227ba178b90_0 .net *"_ivl_70", 0 0, L_00000227ba0eb690;  1 drivers
v00000227ba177f10_0 .net *"_ivl_700", 0 0, L_00000227ba19e650;  1 drivers
v00000227ba176c50_0 .net *"_ivl_703", 0 0, L_00000227ba1886f0;  1 drivers
v00000227ba178d70_0 .net *"_ivl_704", 0 0, L_00000227ba19d5b0;  1 drivers
v00000227ba1785f0_0 .net *"_ivl_706", 0 0, L_00000227ba19e420;  1 drivers
v00000227ba176a70_0 .net *"_ivl_709", 0 0, L_00000227ba1885b0;  1 drivers
v00000227ba178050_0 .net *"_ivl_713", 0 0, L_00000227ba188010;  1 drivers
v00000227ba177150_0 .net *"_ivl_714", 0 0, L_00000227ba19cf20;  1 drivers
v00000227ba177510_0 .net *"_ivl_717", 0 0, L_00000227ba1883d0;  1 drivers
v00000227ba176e30_0 .net *"_ivl_718", 0 0, L_00000227ba19cf90;  1 drivers
v00000227ba178410_0 .net *"_ivl_72", 0 0, L_00000227ba0ec030;  1 drivers
v00000227ba177b50_0 .net *"_ivl_721", 0 0, L_00000227ba1880b0;  1 drivers
v00000227ba177c90_0 .net *"_ivl_722", 0 0, L_00000227ba19de70;  1 drivers
v00000227ba178eb0_0 .net *"_ivl_727", 0 0, L_00000227ba188150;  1 drivers
v00000227ba177650_0 .net *"_ivl_728", 0 0, L_00000227ba19d000;  1 drivers
v00000227ba1780f0_0 .net *"_ivl_731", 0 0, L_00000227ba188470;  1 drivers
v00000227ba177830_0 .net *"_ivl_732", 0 0, L_00000227ba19d7e0;  1 drivers
v00000227ba1767f0_0 .net *"_ivl_735", 0 0, L_00000227ba188510;  1 drivers
v00000227ba177bf0_0 .net *"_ivl_739", 0 0, L_00000227ba1a1790;  1 drivers
v00000227ba178370_0 .net *"_ivl_741", 0 0, L_00000227ba1a3a90;  1 drivers
v00000227ba1778d0_0 .net *"_ivl_742", 0 0, L_00000227ba19d460;  1 drivers
v00000227ba178690_0 .net *"_ivl_745", 0 0, L_00000227ba1a2d70;  1 drivers
v00000227ba177330_0 .net *"_ivl_746", 0 0, L_00000227ba19d850;  1 drivers
v00000227ba177dd0_0 .net *"_ivl_748", 0 0, L_00000227ba19d930;  1 drivers
v00000227ba176d90_0 .net *"_ivl_75", 0 0, L_00000227ba185770;  1 drivers
v00000227ba1775b0_0 .net *"_ivl_751", 0 0, L_00000227ba1a24b0;  1 drivers
v00000227ba1771f0_0 .net *"_ivl_752", 0 0, L_00000227ba19de00;  1 drivers
v00000227ba177970_0 .net *"_ivl_755", 0 0, L_00000227ba1a3810;  1 drivers
v00000227ba1773d0_0 .net *"_ivl_756", 0 0, L_00000227ba19e6c0;  1 drivers
v00000227ba176b10_0 .net *"_ivl_759", 0 0, L_00000227ba1a1f10;  1 drivers
v00000227ba177e70_0 .net *"_ivl_760", 0 0, L_00000227ba19e260;  1 drivers
v00000227ba176bb0_0 .net *"_ivl_763", 0 0, L_00000227ba1a3630;  1 drivers
v00000227ba178730_0 .net *"_ivl_769", 0 0, L_00000227ba1a31d0;  1 drivers
v00000227ba178cd0_0 .net *"_ivl_770", 0 0, L_00000227ba19dc40;  1 drivers
v00000227ba1787d0_0 .net *"_ivl_773", 0 0, L_00000227ba1a2e10;  1 drivers
v00000227ba178870_0 .net *"_ivl_774", 0 0, L_00000227ba19dd20;  1 drivers
v00000227ba176cf0_0 .net *"_ivl_777", 0 0, L_00000227ba1a1c90;  1 drivers
v00000227ba1789b0_0 .net *"_ivl_778", 0 0, L_00000227ba19e730;  1 drivers
v00000227ba1770b0_0 .net *"_ivl_780", 0 0, L_00000227ba19d4d0;  1 drivers
v00000227ba177470_0 .net *"_ivl_783", 0 0, L_00000227ba1a22d0;  1 drivers
v00000227ba178910_0 .net *"_ivl_784", 0 0, L_00000227ba19d070;  1 drivers
v00000227ba178a50_0 .net *"_ivl_787", 0 0, L_00000227ba1a2230;  1 drivers
v00000227ba178af0_0 .net *"_ivl_788", 0 0, L_00000227ba19d9a0;  1 drivers
v00000227ba17b110_0 .net *"_ivl_79", 0 0, L_00000227ba183c90;  1 drivers
v00000227ba179310_0 .net *"_ivl_791", 0 0, L_00000227ba1a2050;  1 drivers
v00000227ba179810_0 .net *"_ivl_795", 0 0, L_00000227ba1a2a50;  1 drivers
v00000227ba17a8f0_0 .net *"_ivl_799", 0 0, L_00000227ba1a2ff0;  1 drivers
v00000227ba179950_0 .net *"_ivl_80", 0 0, L_00000227ba0eacf0;  1 drivers
v00000227ba17b1b0_0 .net *"_ivl_800", 0 0, L_00000227ba19d2a0;  1 drivers
v00000227ba17acb0_0 .net *"_ivl_804", 0 0, L_00000227ba19e490;  1 drivers
v00000227ba17af30_0 .net *"_ivl_806", 0 0, L_00000227ba19e570;  1 drivers
v00000227ba179db0_0 .net *"_ivl_808", 0 0, L_00000227ba19e500;  1 drivers
v00000227ba179d10_0 .net *"_ivl_810", 0 0, L_00000227ba19e5e0;  1 drivers
v00000227ba17a490_0 .net *"_ivl_812", 0 0, L_00000227ba19d540;  1 drivers
v00000227ba17a0d0_0 .net *"_ivl_82", 0 0, L_00000227ba0eb700;  1 drivers
v00000227ba1794f0_0 .net *"_ivl_821", 0 0, L_00000227ba19ef10;  1 drivers
v00000227ba17b070_0 .net *"_ivl_824", 0 0, L_00000227ba19f1b0;  1 drivers
v00000227ba179a90_0 .net *"_ivl_826", 0 0, L_00000227ba19edc0;  1 drivers
v00000227ba1793b0_0 .net *"_ivl_828", 0 0, L_00000227ba19f610;  1 drivers
v00000227ba17a3f0_0 .net *"_ivl_830", 0 0, L_00000227ba1a0410;  1 drivers
v00000227ba179e50_0 .net *"_ivl_835", 0 0, L_00000227ba1a02c0;  1 drivers
v00000227ba179450_0 .net *"_ivl_839", 0 0, L_00000227ba19f5a0;  1 drivers
v00000227ba17aad0_0 .net *"_ivl_842", 0 0, L_00000227ba19f300;  1 drivers
v00000227ba17ac10_0 .net *"_ivl_848", 0 0, L_00000227ba19f840;  1 drivers
v00000227ba17b250_0 .net *"_ivl_85", 0 0, L_00000227ba183830;  1 drivers
v00000227ba17a530_0 .net *"_ivl_851", 0 0, L_00000227ba1a0250;  1 drivers
v00000227ba17a170_0 .net *"_ivl_856", 0 0, L_00000227ba19f990;  1 drivers
v00000227ba17a5d0_0 .net *"_ivl_86", 0 0, L_00000227ba0ec180;  1 drivers
v00000227ba1798b0_0 .net *"_ivl_861", 0 0, L_00000227ba19fdf0;  1 drivers
v00000227ba17a210_0 .net *"_ivl_862", 0 0, L_00000227ba1a0100;  1 drivers
v00000227ba179b30_0 .net *"_ivl_864", 0 0, L_00000227ba1a0330;  1 drivers
v00000227ba17a670_0 .net *"_ivl_866", 0 0, L_00000227ba19f7d0;  1 drivers
v00000227ba17b2f0_0 .net *"_ivl_868", 0 0, L_00000227ba19ee30;  1 drivers
v00000227ba179590_0 .net *"_ivl_876", 0 0, L_00000227ba19ece0;  1 drivers
v00000227ba17a2b0_0 .net *"_ivl_88", 0 0, L_00000227ba0eb2a0;  1 drivers
v00000227ba17a710_0 .net *"_ivl_881", 0 0, L_00000227ba19f220;  1 drivers
v00000227ba17b390_0 .net *"_ivl_883", 0 0, L_00000227ba19f680;  1 drivers
v00000227ba179630_0 .net *"_ivl_887", 0 0, L_00000227ba19eea0;  1 drivers
v00000227ba17adf0_0 .net *"_ivl_889", 0 0, L_00000227ba19f4c0;  1 drivers
v00000227ba179090_0 .net *"_ivl_893", 0 0, L_00000227ba19fe60;  1 drivers
v00000227ba17b430_0 .net *"_ivl_898", 0 0, L_00000227ba1a0020;  1 drivers
v00000227ba17b570_0 .net *"_ivl_9", 0 0, L_00000227ba1810d0;  1 drivers
v00000227ba179270_0 .net *"_ivl_91", 0 0, L_00000227ba184cd0;  1 drivers
v00000227ba179ef0_0 .net *"_ivl_95", 0 0, L_00000227ba183d30;  1 drivers
v00000227ba17b6b0_0 .net *"_ivl_96", 0 0, L_00000227ba0ec420;  1 drivers
v00000227ba17b4d0_0 .net *"_ivl_98", 0 0, L_00000227ba0ec340;  1 drivers
v00000227ba17a350_0 .net "btype", 0 0, L_00000227ba19ceb0;  1 drivers
v00000227ba1796d0_0 .net "i_add", 0 0, L_00000227ba0eac80;  1 drivers
v00000227ba17a7b0_0 .net "i_addi", 0 0, L_00000227ba193c80;  1 drivers
v00000227ba17ae90_0 .net "i_and", 0 0, L_00000227ba1913d0;  1 drivers
v00000227ba17ad50_0 .net "i_andi", 0 0, L_00000227ba1936d0;  1 drivers
v00000227ba179f90_0 .net "i_auipc", 0 0, L_00000227ba19e340;  1 drivers
v00000227ba17b610_0 .net "i_beq", 0 0, L_00000227ba19d230;  1 drivers
v00000227ba17a850_0 .net "i_bge", 0 0, L_00000227ba19e8f0;  1 drivers
v00000227ba179770_0 .net "i_bgeu", 0 0, L_00000227ba19e1f0;  1 drivers
v00000227ba179bd0_0 .net "i_blt", 0 0, L_00000227ba19d8c0;  1 drivers
v00000227ba17a030_0 .net "i_bltu", 0 0, L_00000227ba19df50;  1 drivers
v00000227ba17a990_0 .net "i_bne", 0 0, L_00000227ba19e180;  1 drivers
v00000227ba17b750_0 .net "i_jal", 0 0, L_00000227ba19cdd0;  1 drivers
v00000227ba17afd0_0 .net "i_jalr", 0 0, L_00000227ba192d30;  1 drivers
v00000227ba1799f0_0 .net "i_lb", 0 0, L_00000227ba18ffb0;  1 drivers
v00000227ba178ff0_0 .net "i_lbu", 0 0, L_00000227ba190a30;  1 drivers
v00000227ba179130_0 .net "i_lh", 0 0, L_00000227ba18f840;  1 drivers
v00000227ba179c70_0 .net "i_lhu", 0 0, L_00000227ba18fc30;  1 drivers
v00000227ba17aa30_0 .net "i_lui", 0 0, L_00000227ba19ce40;  1 drivers
v00000227ba17ab70_0 .net "i_lw", 0 0, L_00000227ba1904f0;  1 drivers
v00000227ba1791d0_0 .net "i_or", 0 0, L_00000227ba190560;  1 drivers
v00000227ba17bd90_0 .net "i_ori", 0 0, L_00000227ba192780;  1 drivers
v00000227ba17c6f0_0 .net "i_sb", 0 0, L_00000227ba1932e0;  1 drivers
v00000227ba17de10_0 .net "i_sh", 0 0, L_00000227ba193430;  1 drivers
v00000227ba17c1f0_0 .net "i_sll", 0 0, L_00000227ba0ec490;  1 drivers
v00000227ba17da50_0 .net "i_slli", 0 0, L_00000227ba192a20;  1 drivers
v00000227ba17bcf0_0 .net "i_slt", 0 0, L_00000227ba0ec1f0;  1 drivers
v00000227ba17c330_0 .net "i_slti", 0 0, L_00000227ba193b30;  1 drivers
v00000227ba17deb0_0 .net "i_sltiu", 0 0, L_00000227ba193580;  1 drivers
v00000227ba17d9b0_0 .net "i_sltu", 0 0, L_00000227b9ccad50;  1 drivers
v00000227ba17c830_0 .net "i_sra", 0 0, L_00000227ba18f990;  1 drivers
v00000227ba17cfb0_0 .net "i_srai", 0 0, L_00000227ba191ec0;  1 drivers
v00000227ba17d7d0_0 .net "i_srl", 0 0, L_00000227ba190fe0;  1 drivers
v00000227ba17ca10_0 .net "i_srli", 0 0, L_00000227ba192240;  1 drivers
v00000227ba17dc30_0 .net "i_sub", 0 0, L_00000227ba0eaba0;  1 drivers
v00000227ba17d230_0 .net "i_sw", 0 0, L_00000227ba19d310;  1 drivers
v00000227ba17d690_0 .net "i_xor", 0 0, L_00000227ba191600;  1 drivers
v00000227ba17c290_0 .net "i_xori", 0 0, L_00000227ba193970;  1 drivers
v00000227ba17d2d0_0 .net "itype_l", 0 0, L_00000227ba18fbc0;  1 drivers
v00000227ba17be30_0 .net "itype_r", 0 0, L_00000227ba190800;  1 drivers
v00000227ba17d4b0_0 .net "itype_shamt", 0 0, L_00000227ba193190;  1 drivers
v00000227ba17d730_0 .net "jtype", 0 0, L_00000227ba19dbd0;  1 drivers
v00000227ba17df50_0 .net "rtype", 0 0, L_00000227ba0ebf50;  1 drivers
v00000227ba17ce70_0 .net "stype", 0 0, L_00000227ba192940;  1 drivers
v00000227ba17b7f0_0 .net "utype", 0 0, L_00000227ba19e2d0;  1 drivers
E_00000227ba0fff70/0 .event anyedge, v00000227ba1796d0_0, v00000227ba17a7b0_0, v00000227ba17d2d0_0, v00000227ba17ce70_0;
E_00000227ba0fff70/1 .event anyedge, v00000227ba17afd0_0, v00000227ba17dc30_0, v00000227ba17c1f0_0, v00000227ba17da50_0;
E_00000227ba0fff70/2 .event anyedge, v00000227ba17d7d0_0, v00000227ba17ca10_0, v00000227ba17c830_0, v00000227ba17cfb0_0;
E_00000227ba0fff70/3 .event anyedge, v00000227ba17ae90_0, v00000227ba17ad50_0, v00000227ba1791d0_0, v00000227ba17bd90_0;
E_00000227ba0fff70/4 .event anyedge, v00000227ba17d690_0, v00000227ba17c290_0, v00000227ba17bcf0_0, v00000227ba17c330_0;
E_00000227ba0fff70/5 .event anyedge, v00000227ba17d9b0_0, v00000227ba17deb0_0, v00000227ba179f90_0, v00000227ba17b610_0;
E_00000227ba0fff70/6 .event anyedge, v00000227ba17a990_0, v00000227ba179bd0_0, v00000227ba17a850_0, v00000227ba17a030_0;
E_00000227ba0fff70/7 .event anyedge, v00000227ba179770_0;
E_00000227ba0fff70 .event/or E_00000227ba0fff70/0, E_00000227ba0fff70/1, E_00000227ba0fff70/2, E_00000227ba0fff70/3, E_00000227ba0fff70/4, E_00000227ba0fff70/5, E_00000227ba0fff70/6, E_00000227ba0fff70/7;
L_00000227ba180a90 .part L_00000227ba181170, 6, 1;
L_00000227ba180c70 .part L_00000227ba181170, 5, 1;
L_00000227ba1810d0 .part L_00000227ba181170, 4, 1;
L_00000227ba181350 .part L_00000227ba181170, 3, 1;
L_00000227ba1813f0 .part L_00000227ba181170, 2, 1;
L_00000227ba181530 .part L_00000227ba181170, 1, 1;
L_00000227ba181490 .part L_00000227ba181170, 0, 1;
L_00000227ba1854f0 .part L_00000227ba182f70, 2, 1;
L_00000227ba183a10 .part L_00000227ba182f70, 1, 1;
L_00000227ba184b90 .part L_00000227ba182f70, 0, 1;
L_00000227ba183f10 .part L_00000227ba182a70, 5, 1;
L_00000227ba183970 .part L_00000227ba182f70, 2, 1;
L_00000227ba183010 .part L_00000227ba182f70, 1, 1;
L_00000227ba185270 .part L_00000227ba182f70, 0, 1;
L_00000227ba185770 .part L_00000227ba182a70, 5, 1;
L_00000227ba183c90 .part L_00000227ba182f70, 2, 1;
L_00000227ba183830 .part L_00000227ba182f70, 1, 1;
L_00000227ba184cd0 .part L_00000227ba182f70, 0, 1;
L_00000227ba183d30 .part L_00000227ba182f70, 2, 1;
L_00000227ba185310 .part L_00000227ba182f70, 1, 1;
L_00000227ba184c30 .part L_00000227ba182f70, 0, 1;
L_00000227ba184af0 .part L_00000227ba182f70, 2, 1;
L_00000227ba1842d0 .part L_00000227ba182f70, 1, 1;
L_00000227ba183fb0 .part L_00000227ba182f70, 0, 1;
L_00000227ba183b50 .part L_00000227ba182f70, 2, 1;
L_00000227ba183bf0 .part L_00000227ba182f70, 1, 1;
L_00000227ba1851d0 .part L_00000227ba182f70, 0, 1;
L_00000227ba1840f0 .part L_00000227ba182f70, 2, 1;
L_00000227ba183290 .part L_00000227ba182f70, 1, 1;
L_00000227ba184730 .part L_00000227ba182f70, 0, 1;
L_00000227ba184eb0 .part L_00000227ba182a70, 5, 1;
L_00000227ba183150 .part L_00000227ba182f70, 2, 1;
L_00000227ba184190 .part L_00000227ba182f70, 1, 1;
L_00000227ba183dd0 .part L_00000227ba182f70, 0, 1;
L_00000227ba1853b0 .part L_00000227ba182a70, 5, 1;
L_00000227ba1831f0 .part L_00000227ba182f70, 2, 1;
L_00000227ba184a50 .part L_00000227ba182f70, 1, 1;
L_00000227ba183510 .part L_00000227ba182f70, 0, 1;
L_00000227ba1847d0 .part L_00000227ba182f70, 2, 1;
L_00000227ba184370 .part L_00000227ba182f70, 1, 1;
L_00000227ba183e70 .part L_00000227ba182f70, 0, 1;
L_00000227ba184d70 .part L_00000227ba181170, 6, 1;
L_00000227ba1835b0 .part L_00000227ba181170, 5, 1;
L_00000227ba183ab0 .part L_00000227ba181170, 4, 1;
L_00000227ba184e10 .part L_00000227ba181170, 3, 1;
L_00000227ba185450 .part L_00000227ba181170, 2, 1;
L_00000227ba185590 .part L_00000227ba181170, 1, 1;
L_00000227ba184f50 .part L_00000227ba181170, 0, 1;
L_00000227ba184410 .part L_00000227ba182f70, 2, 1;
L_00000227ba184550 .part L_00000227ba182f70, 1, 1;
L_00000227ba1838d0 .part L_00000227ba182f70, 0, 1;
L_00000227ba184050 .part L_00000227ba182f70, 2, 1;
L_00000227ba184230 .part L_00000227ba182f70, 1, 1;
L_00000227ba1845f0 .part L_00000227ba182f70, 0, 1;
L_00000227ba184ff0 .part L_00000227ba182f70, 2, 1;
L_00000227ba185090 .part L_00000227ba182f70, 1, 1;
L_00000227ba185130 .part L_00000227ba182f70, 0, 1;
L_00000227ba1844b0 .part L_00000227ba182f70, 2, 1;
L_00000227ba185630 .part L_00000227ba182f70, 1, 1;
L_00000227ba183650 .part L_00000227ba182f70, 0, 1;
L_00000227ba184690 .part L_00000227ba182f70, 2, 1;
L_00000227ba1856d0 .part L_00000227ba182f70, 1, 1;
L_00000227ba184870 .part L_00000227ba182f70, 0, 1;
L_00000227ba1830b0 .part L_00000227ba181170, 6, 1;
L_00000227ba183330 .part L_00000227ba181170, 5, 1;
L_00000227ba184910 .part L_00000227ba181170, 4, 1;
L_00000227ba1833d0 .part L_00000227ba181170, 3, 1;
L_00000227ba183470 .part L_00000227ba181170, 2, 1;
L_00000227ba1836f0 .part L_00000227ba181170, 1, 1;
L_00000227ba1849b0 .part L_00000227ba181170, 0, 1;
L_00000227ba183790 .part L_00000227ba182f70, 2, 1;
L_00000227ba186b70 .part L_00000227ba182f70, 1, 1;
L_00000227ba185e50 .part L_00000227ba182f70, 0, 1;
L_00000227ba185db0 .part L_00000227ba182f70, 2, 1;
L_00000227ba187930 .part L_00000227ba182f70, 1, 1;
L_00000227ba186710 .part L_00000227ba182f70, 0, 1;
L_00000227ba187a70 .part L_00000227ba182f70, 2, 1;
L_00000227ba1879d0 .part L_00000227ba182f70, 1, 1;
L_00000227ba186cb0 .part L_00000227ba182f70, 0, 1;
L_00000227ba187570 .part L_00000227ba182f70, 2, 1;
L_00000227ba186670 .part L_00000227ba182f70, 1, 1;
L_00000227ba186fd0 .part L_00000227ba182f70, 0, 1;
L_00000227ba1871b0 .part L_00000227ba182f70, 2, 1;
L_00000227ba187d90 .part L_00000227ba182f70, 1, 1;
L_00000227ba187b10 .part L_00000227ba182f70, 0, 1;
L_00000227ba187bb0 .part L_00000227ba182f70, 2, 1;
L_00000227ba187e30 .part L_00000227ba182f70, 1, 1;
L_00000227ba185950 .part L_00000227ba182f70, 0, 1;
L_00000227ba187250 .part L_00000227ba182f70, 2, 1;
L_00000227ba187070 .part L_00000227ba182f70, 1, 1;
L_00000227ba187c50 .part L_00000227ba182f70, 0, 1;
L_00000227ba187cf0 .part L_00000227ba182f70, 2, 1;
L_00000227ba1872f0 .part L_00000227ba182f70, 1, 1;
L_00000227ba1859f0 .part L_00000227ba182f70, 0, 1;
L_00000227ba1867b0 .part L_00000227ba182a70, 5, 1;
L_00000227ba187ed0 .part L_00000227ba182f70, 2, 1;
L_00000227ba186f30 .part L_00000227ba182f70, 1, 1;
L_00000227ba185810 .part L_00000227ba182f70, 0, 1;
L_00000227ba187430 .part L_00000227ba182a70, 5, 1;
L_00000227ba1862b0 .part L_00000227ba181170, 6, 1;
L_00000227ba186170 .part L_00000227ba181170, 5, 1;
L_00000227ba186530 .part L_00000227ba181170, 4, 1;
L_00000227ba187f70 .part L_00000227ba181170, 3, 1;
L_00000227ba1858b0 .part L_00000227ba181170, 2, 1;
L_00000227ba186350 .part L_00000227ba181170, 1, 1;
L_00000227ba185a90 .part L_00000227ba181170, 0, 1;
L_00000227ba185b30 .part L_00000227ba181170, 6, 1;
L_00000227ba186d50 .part L_00000227ba181170, 5, 1;
L_00000227ba185bd0 .part L_00000227ba181170, 4, 1;
L_00000227ba185c70 .part L_00000227ba181170, 3, 1;
L_00000227ba1865d0 .part L_00000227ba181170, 2, 1;
L_00000227ba186850 .part L_00000227ba181170, 1, 1;
L_00000227ba187390 .part L_00000227ba181170, 0, 1;
L_00000227ba186030 .part L_00000227ba182f70, 2, 1;
L_00000227ba1874d0 .part L_00000227ba182f70, 1, 1;
L_00000227ba1860d0 .part L_00000227ba182f70, 0, 1;
L_00000227ba186210 .part L_00000227ba182f70, 2, 1;
L_00000227ba187610 .part L_00000227ba182f70, 1, 1;
L_00000227ba187890 .part L_00000227ba182f70, 0, 1;
L_00000227ba186a30 .part L_00000227ba182f70, 2, 1;
L_00000227ba185d10 .part L_00000227ba182f70, 1, 1;
L_00000227ba185ef0 .part L_00000227ba182f70, 0, 1;
L_00000227ba187110 .part L_00000227ba181170, 6, 1;
L_00000227ba1868f0 .part L_00000227ba181170, 5, 1;
L_00000227ba186990 .part L_00000227ba181170, 4, 1;
L_00000227ba186e90 .part L_00000227ba181170, 3, 1;
L_00000227ba186ad0 .part L_00000227ba181170, 2, 1;
L_00000227ba1863f0 .part L_00000227ba181170, 1, 1;
L_00000227ba185f90 .part L_00000227ba181170, 0, 1;
L_00000227ba186490 .part L_00000227ba182f70, 2, 1;
L_00000227ba1876b0 .part L_00000227ba182f70, 1, 1;
L_00000227ba186c10 .part L_00000227ba182f70, 0, 1;
L_00000227ba186df0 .part L_00000227ba182f70, 2, 1;
L_00000227ba187750 .part L_00000227ba182f70, 1, 1;
L_00000227ba1877f0 .part L_00000227ba182f70, 0, 1;
L_00000227ba1881f0 .part L_00000227ba182f70, 2, 1;
L_00000227ba188290 .part L_00000227ba182f70, 1, 1;
L_00000227ba188330 .part L_00000227ba182f70, 0, 1;
L_00000227ba188650 .part L_00000227ba182f70, 2, 1;
L_00000227ba1886f0 .part L_00000227ba182f70, 1, 1;
L_00000227ba1885b0 .part L_00000227ba182f70, 0, 1;
L_00000227ba188010 .part L_00000227ba182f70, 2, 1;
L_00000227ba1883d0 .part L_00000227ba182f70, 1, 1;
L_00000227ba1880b0 .part L_00000227ba182f70, 0, 1;
L_00000227ba188150 .part L_00000227ba182f70, 2, 1;
L_00000227ba188470 .part L_00000227ba182f70, 1, 1;
L_00000227ba188510 .part L_00000227ba182f70, 0, 1;
L_00000227ba1a1790 .part L_00000227ba181170, 6, 1;
L_00000227ba1a3a90 .part L_00000227ba181170, 5, 1;
L_00000227ba1a2d70 .part L_00000227ba181170, 4, 1;
L_00000227ba1a24b0 .part L_00000227ba181170, 3, 1;
L_00000227ba1a3810 .part L_00000227ba181170, 2, 1;
L_00000227ba1a1f10 .part L_00000227ba181170, 1, 1;
L_00000227ba1a3630 .part L_00000227ba181170, 0, 1;
L_00000227ba1a31d0 .part L_00000227ba181170, 6, 1;
L_00000227ba1a2e10 .part L_00000227ba181170, 4, 1;
L_00000227ba1a1c90 .part L_00000227ba181170, 3, 1;
L_00000227ba1a22d0 .part L_00000227ba181170, 2, 1;
L_00000227ba1a2230 .part L_00000227ba181170, 1, 1;
L_00000227ba1a2050 .part L_00000227ba181170, 0, 1;
L_00000227ba1a2a50 .part L_00000227ba181170, 5, 1;
L_00000227ba1a2ff0 .part L_00000227ba181170, 5, 1;
LS_00000227ba1a39f0_0_0 .concat8 [ 1 1 1 1], L_00000227ba19f840, L_00000227ba19f300, L_00000227ba19f5a0, L_00000227ba1a02c0;
LS_00000227ba1a39f0_0_4 .concat8 [ 1 1 0 0], L_00000227ba1a0410, L_00000227ba19ef10;
L_00000227ba1a39f0 .concat8 [ 4 2 0 0], LS_00000227ba1a39f0_0_0, LS_00000227ba1a39f0_0_4;
L_00000227ba1a15b0 .concat8 [ 1 1 1 0], L_00000227ba1a0250, L_00000227ba19f990, L_00000227ba19fdf0;
L_00000227ba1a25f0 .concat8 [ 1 1 0 0], L_00000227ba19ece0, L_00000227ba19f680;
L_00000227ba1a2550 .concat8 [ 1 1 1 0], L_00000227ba19f4c0, L_00000227ba19fe60, L_00000227ba1a0020;
    .scope S_00000227b9d03b00;
T_0 ;
    %wait E_00000227ba0fff70;
    %load/vec4 v00000227ba1796d0_0;
    %load/vec4 v00000227ba17a7b0_0;
    %or;
    %load/vec4 v00000227ba17d2d0_0;
    %or;
    %load/vec4 v00000227ba17ce70_0;
    %or;
    %load/vec4 v00000227ba17afd0_0;
    %or;
    %flag_set/vec4 8;
    %jmp/0xz  T_0.0, 8;
    %pushi/vec4 3, 0, 5;
    %store/vec4 v00000227ba16b200_0, 0, 5;
    %jmp T_0.1;
T_0.0 ;
    %load/vec4 v00000227ba17dc30_0;
    %flag_set/vec4 8;
    %jmp/0xz  T_0.2, 8;
    %pushi/vec4 6, 0, 5;
    %store/vec4 v00000227ba16b200_0, 0, 5;
    %jmp T_0.3;
T_0.2 ;
    %load/vec4 v00000227ba17c1f0_0;
    %load/vec4 v00000227ba17da50_0;
    %or;
    %flag_set/vec4 8;
    %jmp/0xz  T_0.4, 8;
    %pushi/vec4 1, 0, 5;
    %store/vec4 v00000227ba16b200_0, 0, 5;
    %jmp T_0.5;
T_0.4 ;
    %load/vec4 v00000227ba17d7d0_0;
    %load/vec4 v00000227ba17ca10_0;
    %or;
    %flag_set/vec4 8;
    %jmp/0xz  T_0.6, 8;
    %pushi/vec4 2, 0, 5;
    %store/vec4 v00000227ba16b200_0, 0, 5;
    %jmp T_0.7;
T_0.6 ;
    %load/vec4 v00000227ba17c830_0;
    %load/vec4 v00000227ba17cfb0_0;
    %or;
    %flag_set/vec4 8;
    %jmp/0xz  T_0.8, 8;
    %pushi/vec4 5, 0, 5;
    %store/vec4 v00000227ba16b200_0, 0, 5;
    %jmp T_0.9;
T_0.8 ;
    %load/vec4 v00000227ba17ae90_0;
    %load/vec4 v00000227ba17ad50_0;
    %or;
    %flag_set/vec4 8;
    %jmp/0xz  T_0.10, 8;
    %pushi/vec4 15, 0, 5;
    %store/vec4 v00000227ba16b200_0, 0, 5;
    %jmp T_0.11;
T_0.10 ;
    %load/vec4 v00000227ba1791d0_0;
    %load/vec4 v00000227ba17bd90_0;
    %or;
    %flag_set/vec4 8;
    %jmp/0xz  T_0.12, 8;
    %pushi/vec4 11, 0, 5;
    %store/vec4 v00000227ba16b200_0, 0, 5;
    %jmp T_0.13;
T_0.12 ;
    %load/vec4 v00000227ba17d690_0;
    %load/vec4 v00000227ba17c290_0;
    %or;
    %flag_set/vec4 8;
    %jmp/0xz  T_0.14, 8;
    %pushi/vec4 9, 0, 5;
    %store/vec4 v00000227ba16b200_0, 0, 5;
    %jmp T_0.15;
T_0.14 ;
    %load/vec4 v00000227ba17bcf0_0;
    %load/vec4 v00000227ba17c330_0;
    %or;
    %flag_set/vec4 8;
    %jmp/0xz  T_0.16, 8;
    %pushi/vec4 7, 0, 5;
    %store/vec4 v00000227ba16b200_0, 0, 5;
    %jmp T_0.17;
T_0.16 ;
    %load/vec4 v00000227ba17d9b0_0;
    %load/vec4 v00000227ba17deb0_0;
    %or;
    %flag_set/vec4 8;
    %jmp/0xz  T_0.18, 8;
    %pushi/vec4 10, 0, 5;
    %store/vec4 v00000227ba16b200_0, 0, 5;
    %jmp T_0.19;
T_0.18 ;
    %load/vec4 v00000227ba179f90_0;
    %flag_set/vec4 8;
    %jmp/0xz  T_0.20, 8;
    %pushi/vec4 3, 0, 5;
    %store/vec4 v00000227ba16b200_0, 0, 5;
    %jmp T_0.21;
T_0.20 ;
    %load/vec4 v00000227ba17b610_0;
    %flag_set/vec4 8;
    %jmp/0xz  T_0.22, 8;
    %pushi/vec4 4, 0, 5;
    %store/vec4 v00000227ba16b200_0, 0, 5;
    %jmp T_0.23;
T_0.22 ;
    %load/vec4 v00000227ba17a990_0;
    %flag_set/vec4 8;
    %jmp/0xz  T_0.24, 8;
    %pushi/vec4 8, 0, 5;
    %store/vec4 v00000227ba16b200_0, 0, 5;
    %jmp T_0.25;
T_0.24 ;
    %load/vec4 v00000227ba179bd0_0;
    %flag_set/vec4 8;
    %jmp/0xz  T_0.26, 8;
    %pushi/vec4 12, 0, 5;
    %store/vec4 v00000227ba16b200_0, 0, 5;
    %jmp T_0.27;
T_0.26 ;
    %load/vec4 v00000227ba17a850_0;
    %flag_set/vec4 8;
    %jmp/0xz  T_0.28, 8;
    %pushi/vec4 16, 0, 5;
    %store/vec4 v00000227ba16b200_0, 0, 5;
    %jmp T_0.29;
T_0.28 ;
    %load/vec4 v00000227ba17a030_0;
    %flag_set/vec4 8;
    %jmp/0xz  T_0.30, 8;
    %pushi/vec4 20, 0, 5;
    %store/vec4 v00000227ba16b200_0, 0, 5;
    %jmp T_0.31;
T_0.30 ;
    %load/vec4 v00000227ba179770_0;
    %flag_set/vec4 8;
    %jmp/0xz  T_0.32, 8;
    %pushi/vec4 24, 0, 5;
    %store/vec4 v00000227ba16b200_0, 0, 5;
    %jmp T_0.33;
T_0.32 ;
    %pushi/vec4 0, 0, 5;
    %store/vec4 v00000227ba16b200_0, 0, 5;
T_0.33 ;
T_0.31 ;
T_0.29 ;
T_0.27 ;
T_0.25 ;
T_0.23 ;
T_0.21 ;
T_0.19 ;
T_0.17 ;
T_0.15 ;
T_0.13 ;
T_0.11 ;
T_0.9 ;
T_0.7 ;
T_0.5 ;
T_0.3 ;
T_0.1 ;
    %jmp T_0;
    .thread T_0, $push;
    .scope S_00000227b9ccf180;
T_1 ;
    %wait E_00000227ba0ffcf0;
    %load/vec4 v00000227ba0f03f0_0;
    %flag_set/vec4 8;
    %jmp/0xz  T_1.0, 8;
    %pushi/vec4 0, 0, 32;
    %assign/vec4 v00000227ba0f0170_0, 0;
    %jmp T_1.1;
T_1.0 ;
    %load/vec4 v00000227ba0ef4f0_0;
    %flag_set/vec4 8;
    %jmp/0xz  T_1.2, 8;
    %load/vec4 v00000227ba0f00d0_0;
    %assign/vec4 v00000227ba0f0170_0, 0;
T_1.2 ;
T_1.1 ;
    %jmp T_1;
    .thread T_1;
    .scope S_00000227b9d06410;
T_2 ;
    %wait E_00000227ba0ffe70;
    %load/vec4 v00000227ba0ed830_0;
    %dup/vec4;
    %pushi/vec4 32, 0, 6;
    %cmp/u;
    %jmp/1 T_2.0, 6;
    %dup/vec4;
    %pushi/vec4 16, 0, 6;
    %cmp/u;
    %jmp/1 T_2.1, 6;
    %dup/vec4;
    %pushi/vec4 8, 0, 6;
    %cmp/u;
    %jmp/1 T_2.2, 6;
    %dup/vec4;
    %pushi/vec4 4, 0, 6;
    %cmp/u;
    %jmp/1 T_2.3, 6;
    %dup/vec4;
    %pushi/vec4 2, 0, 6;
    %cmp/u;
    %jmp/1 T_2.4, 6;
    %dup/vec4;
    %pushi/vec4 1, 0, 6;
    %cmp/u;
    %jmp/1 T_2.5, 6;
    %pushi/vec4 0, 0, 32;
    %assign/vec4 v00000227ba0efa90_0, 0;
    %jmp T_2.7;
T_2.0 ;
    %pushi/vec4 0, 0, 27;
    %load/vec4 v00000227ba0ef9f0_0;
    %concat/vec4; draw_concat_vec4
    %assign/vec4 v00000227ba0efa90_0, 0;
    %jmp T_2.7;
T_2.1 ;
    %load/vec4 v00000227ba0efdb0_0;
    %parti/s 1, 11, 5;
    %replicate 20;
    %load/vec4 v00000227ba0efdb0_0;
    %concat/vec4; draw_concat_vec4
    %assign/vec4 v00000227ba0efa90_0, 0;
    %jmp T_2.7;
T_2.2 ;
    %load/vec4 v00000227ba0ef590_0;
    %parti/s 1, 11, 5;
    %replicate 20;
    %load/vec4 v00000227ba0ef590_0;
    %concat/vec4; draw_concat_vec4
    %assign/vec4 v00000227ba0efa90_0, 0;
    %jmp T_2.7;
T_2.3 ;
    %load/vec4 v00000227ba0ee2d0_0;
    %parti/s 1, 11, 5;
    %replicate 19;
    %load/vec4 v00000227ba0ee2d0_0;
    %concat/vec4; draw_concat_vec4
    %concati/vec4 0, 0, 1;
    %assign/vec4 v00000227ba0efa90_0, 0;
    %jmp T_2.7;
T_2.4 ;
    %load/vec4 v00000227ba0ef3b0_0;
    %concati/vec4 0, 0, 12;
    %assign/vec4 v00000227ba0efa90_0, 0;
    %jmp T_2.7;
T_2.5 ;
    %load/vec4 v00000227ba0ef130_0;
    %parti/s 1, 19, 6;
    %replicate 11;
    %load/vec4 v00000227ba0ef130_0;
    %concat/vec4; draw_concat_vec4
    %concati/vec4 0, 0, 1;
    %assign/vec4 v00000227ba0efa90_0, 0;
    %jmp T_2.7;
T_2.7 ;
    %pop/vec4 1;
    %jmp T_2;
    .thread T_2, $push;
    .scope S_00000227b9d065a0;
T_3 ;
    %wait E_00000227ba1005f0;
    %load/vec4 v00000227ba0efb30_0;
    %dup/vec4;
    %pushi/vec4 0, 0, 3;
    %cmp/u;
    %jmp/1 T_3.0, 6;
    %dup/vec4;
    %pushi/vec4 1, 0, 3;
    %cmp/u;
    %jmp/1 T_3.1, 6;
    %dup/vec4;
    %pushi/vec4 2, 0, 3;
    %cmp/u;
    %jmp/1 T_3.2, 6;
    %dup/vec4;
    %pushi/vec4 4, 0, 3;
    %cmp/u;
    %jmp/1 T_3.3, 6;
    %load/vec4 v00000227ba0f0350_0;
    %addi 4, 0, 32;
    %store/vec4 v00000227ba0f0210_0, 0, 32;
    %jmp T_3.5;
T_3.0 ;
    %load/vec4 v00000227ba0f0350_0;
    %addi 4, 0, 32;
    %store/vec4 v00000227ba0f0210_0, 0, 32;
    %jmp T_3.5;
T_3.1 ;
    %load/vec4 v00000227ba0f0350_0;
    %load/vec4 v00000227ba0f02b0_0;
    %add;
    %store/vec4 v00000227ba0f0210_0, 0, 32;
    %jmp T_3.5;
T_3.2 ;
    %load/vec4 v00000227ba0f0350_0;
    %load/vec4 v00000227ba0f02b0_0;
    %add;
    %store/vec4 v00000227ba0f0210_0, 0, 32;
    %jmp T_3.5;
T_3.3 ;
    %load/vec4 v00000227ba0f0030_0;
    %pushi/vec4 4294967294, 0, 32;
    %and;
    %store/vec4 v00000227ba0f0210_0, 0, 32;
    %jmp T_3.5;
T_3.5 ;
    %pop/vec4 1;
    %jmp T_3;
    .thread T_3, $push;
    .scope S_00000227b9ccf310;
T_4 ;
    %wait E_00000227ba0ffeb0;
    %load/vec4 v00000227ba169040_0;
    %nor/r;
    %flag_set/vec4 8;
    %jmp/0xz  T_4.0, 8;
    %pushi/vec4 0, 0, 32;
    %store/vec4 v00000227ba16b160_0, 0, 32;
T_4.2 ;
    %load/vec4 v00000227ba16b160_0;
    %cmpi/s 32, 0, 32;
    %jmp/0xz T_4.3, 5;
    %load/vec4 v00000227ba16b160_0;
    %ix/getv/s 3, v00000227ba16b160_0;
    %ix/load 4, 0, 0; Constant delay
    %assign/vec4/a/d v00000227ba16a260, 0, 4;
    %load/vec4 v00000227ba16b160_0;
    %addi 1, 0, 32;
    %store/vec4 v00000227ba16b160_0, 0, 32;
    %jmp T_4.2;
T_4.3 ;
    %jmp T_4.1;
T_4.0 ;
    %load/vec4 v00000227ba0eff90_0;
    %flag_set/vec4 10;
    %flag_get/vec4 10;
    %jmp/0 T_4.7, 10;
    %load/vec4 v00000227ba1692c0_0;
    %parti/s 1, 1, 2;
    %nor/r;
    %and;
T_4.7;
    %flag_set/vec4 9;
    %flag_get/vec4 9;
    %jmp/0 T_4.6, 9;
    %load/vec4 v00000227ba0ef090_0;
    %pushi/vec4 0, 0, 5;
    %cmp/ne;
    %flag_get/vec4 4;
    %and;
T_4.6;
    %flag_set/vec4 8;
    %jmp/0xz  T_4.4, 8;
    %load/vec4 v00000227ba0ef450_0;
    %load/vec4 v00000227ba0ef090_0;
    %pad/u 7;
    %ix/vec4 3;
    %ix/load 4, 0, 0; Constant delay
    %assign/vec4/a/d v00000227ba16a260, 0, 4;
T_4.4 ;
T_4.1 ;
    %jmp T_4;
    .thread T_4;
    .scope S_00000227b9d03970;
T_5 ;
    %wait E_00000227ba0fff30;
    %pushi/vec4 0, 0, 32;
    %store/vec4 v00000227ba16a080_0, 0, 32;
    %load/vec4 v00000227ba169720_0;
    %dup/vec4;
    %pushi/vec4 1, 0, 5;
    %cmp/u;
    %jmp/1 T_5.0, 6;
    %dup/vec4;
    %pushi/vec4 2, 0, 5;
    %cmp/u;
    %jmp/1 T_5.1, 6;
    %dup/vec4;
    %pushi/vec4 5, 0, 5;
    %cmp/u;
    %jmp/1 T_5.2, 6;
    %dup/vec4;
    %pushi/vec4 3, 0, 5;
    %cmp/u;
    %jmp/1 T_5.3, 6;
    %dup/vec4;
    %pushi/vec4 6, 0, 5;
    %cmp/u;
    %jmp/1 T_5.4, 6;
    %dup/vec4;
    %pushi/vec4 15, 0, 5;
    %cmp/u;
    %jmp/1 T_5.5, 6;
    %dup/vec4;
    %pushi/vec4 11, 0, 5;
    %cmp/u;
    %jmp/1 T_5.6, 6;
    %dup/vec4;
    %pushi/vec4 9, 0, 5;
    %cmp/u;
    %jmp/1 T_5.7, 6;
    %dup/vec4;
    %pushi/vec4 7, 0, 5;
    %cmp/u;
    %jmp/1 T_5.8, 6;
    %dup/vec4;
    %pushi/vec4 10, 0, 5;
    %cmp/u;
    %jmp/1 T_5.9, 6;
    %dup/vec4;
    %pushi/vec4 4, 0, 5;
    %cmp/u;
    %jmp/1 T_5.10, 6;
    %dup/vec4;
    %pushi/vec4 8, 0, 5;
    %cmp/u;
    %jmp/1 T_5.11, 6;
    %dup/vec4;
    %pushi/vec4 12, 0, 5;
    %cmp/u;
    %jmp/1 T_5.12, 6;
    %dup/vec4;
    %pushi/vec4 16, 0, 5;
    %cmp/u;
    %jmp/1 T_5.13, 6;
    %dup/vec4;
    %pushi/vec4 20, 0, 5;
    %cmp/u;
    %jmp/1 T_5.14, 6;
    %dup/vec4;
    %pushi/vec4 24, 0, 5;
    %cmp/u;
    %jmp/1 T_5.15, 6;
    %pushi/vec4 0, 0, 32;
    %store/vec4 v00000227ba16a080_0, 0, 32;
    %jmp T_5.17;
T_5.0 ;
    %load/vec4 v00000227ba16a4e0_0;
    %load/vec4 v00000227ba169ea0_0;
    %parti/s 5, 0, 2;
    %ix/vec4 4;
    %shiftl 4;
    %store/vec4 v00000227ba16a080_0, 0, 32;
    %jmp T_5.17;
T_5.1 ;
    %load/vec4 v00000227ba16a4e0_0;
    %load/vec4 v00000227ba169ea0_0;
    %parti/s 5, 0, 2;
    %ix/vec4 4;
    %shiftr 4;
    %store/vec4 v00000227ba16a080_0, 0, 32;
    %jmp T_5.17;
T_5.2 ;
    %load/vec4 v00000227ba16a4e0_0;
    %load/vec4 v00000227ba169ea0_0;
    %parti/s 5, 0, 2;
    %ix/vec4 4;
    %shiftr/s 4;
    %store/vec4 v00000227ba16a080_0, 0, 32;
    %jmp T_5.17;
T_5.3 ;
    %load/vec4 v00000227ba16a4e0_0;
    %load/vec4 v00000227ba169ea0_0;
    %add;
    %store/vec4 v00000227ba16a080_0, 0, 32;
    %jmp T_5.17;
T_5.4 ;
    %load/vec4 v00000227ba16a4e0_0;
    %load/vec4 v00000227ba169ea0_0;
    %sub;
    %store/vec4 v00000227ba16a080_0, 0, 32;
    %jmp T_5.17;
T_5.5 ;
    %load/vec4 v00000227ba16a4e0_0;
    %load/vec4 v00000227ba169ea0_0;
    %and;
    %store/vec4 v00000227ba16a080_0, 0, 32;
    %jmp T_5.17;
T_5.6 ;
    %load/vec4 v00000227ba16a4e0_0;
    %load/vec4 v00000227ba169ea0_0;
    %or;
    %store/vec4 v00000227ba16a080_0, 0, 32;
    %jmp T_5.17;
T_5.7 ;
    %load/vec4 v00000227ba16a4e0_0;
    %load/vec4 v00000227ba169ea0_0;
    %xor;
    %store/vec4 v00000227ba16a080_0, 0, 32;
    %jmp T_5.17;
T_5.8 ;
    %load/vec4 v00000227ba16a4e0_0;
    %load/vec4 v00000227ba169ea0_0;
    %cmp/s;
    %flag_mov 8, 5;
    %jmp/0 T_5.18, 8;
    %pushi/vec4 1, 0, 32;
    %jmp/1 T_5.19, 8;
T_5.18 ; End of true expr.
    %pushi/vec4 0, 0, 32;
    %jmp/0 T_5.19, 8;
 ; End of false expr.
    %blend;
T_5.19;
    %store/vec4 v00000227ba16a080_0, 0, 32;
    %jmp T_5.17;
T_5.9 ;
    %load/vec4 v00000227ba16a4e0_0;
    %load/vec4 v00000227ba169ea0_0;
    %cmp/u;
    %flag_mov 8, 5;
    %jmp/0 T_5.20, 8;
    %pushi/vec4 1, 0, 32;
    %jmp/1 T_5.21, 8;
T_5.20 ; End of true expr.
    %pushi/vec4 0, 0, 32;
    %jmp/0 T_5.21, 8;
 ; End of false expr.
    %blend;
T_5.21;
    %store/vec4 v00000227ba16a080_0, 0, 32;
    %jmp T_5.17;
T_5.10 ;
    %pushi/vec4 0, 0, 31;
    %load/vec4 v00000227ba16a4e0_0;
    %load/vec4 v00000227ba169ea0_0;
    %cmp/ne;
    %flag_get/vec4 4;
    %concat/vec4; draw_concat_vec4
    %store/vec4 v00000227ba16a080_0, 0, 32;
    %jmp T_5.17;
T_5.11 ;
    %pushi/vec4 0, 0, 31;
    %load/vec4 v00000227ba16a4e0_0;
    %load/vec4 v00000227ba169ea0_0;
    %cmp/e;
    %flag_get/vec4 4;
    %concat/vec4; draw_concat_vec4
    %store/vec4 v00000227ba16a080_0, 0, 32;
    %jmp T_5.17;
T_5.12 ;
    %pushi/vec4 0, 0, 31;
    %load/vec4 v00000227ba169ea0_0;
    %load/vec4 v00000227ba16a4e0_0;
    %cmp/s;
    %flag_get/vec4 4;
    %flag_get/vec4 5;
    %or;
    %concat/vec4; draw_concat_vec4
    %store/vec4 v00000227ba16a080_0, 0, 32;
    %jmp T_5.17;
T_5.13 ;
    %pushi/vec4 0, 0, 31;
    %load/vec4 v00000227ba16a4e0_0;
    %load/vec4 v00000227ba169ea0_0;
    %cmp/s;
    %flag_get/vec4 5;
    %concat/vec4; draw_concat_vec4
    %store/vec4 v00000227ba16a080_0, 0, 32;
    %jmp T_5.17;
T_5.14 ;
    %pushi/vec4 0, 0, 31;
    %load/vec4 v00000227ba169ea0_0;
    %load/vec4 v00000227ba16a4e0_0;
    %cmp/u;
    %flag_get/vec4 4;
    %flag_get/vec4 5;
    %or;
    %concat/vec4; draw_concat_vec4
    %store/vec4 v00000227ba16a080_0, 0, 32;
    %jmp T_5.17;
T_5.15 ;
    %pushi/vec4 0, 0, 31;
    %load/vec4 v00000227ba16a4e0_0;
    %load/vec4 v00000227ba169ea0_0;
    %cmp/u;
    %flag_get/vec4 5;
    %concat/vec4; draw_concat_vec4
    %store/vec4 v00000227ba16a080_0, 0, 32;
    %jmp T_5.17;
T_5.17 ;
    %pop/vec4 1;
    %load/vec4 v00000227ba16a080_0;
    %cmpi/e 0, 0, 32;
    %flag_mov 8, 4;
    %jmp/0 T_5.22, 8;
    %pushi/vec4 1, 0, 2;
    %jmp/1 T_5.23, 8;
T_5.22 ; End of true expr.
    %pushi/vec4 0, 0, 2;
    %jmp/0 T_5.23, 8;
 ; End of false expr.
    %blend;
T_5.23;
    %pad/s 1;
    %store/vec4 v00000227ba169ae0_0, 0, 1;
    %jmp T_5;
    .thread T_5, $push;
    .scope S_00000227b9d0f830;
T_6 ;
    %wait E_00000227ba100230;
    %load/vec4 v00000227ba17c0b0_0;
    %parti/s 2, 0, 2;
    %dup/vec4;
    %pushi/vec4 0, 0, 2;
    %cmp/u;
    %jmp/1 T_6.0, 6;
    %dup/vec4;
    %pushi/vec4 1, 0, 2;
    %cmp/u;
    %jmp/1 T_6.1, 6;
    %load/vec4 v00000227ba17b930_0;
    %store/vec4 v00000227ba180db0_0, 0, 32;
    %jmp T_6.3;
T_6.0 ;
    %load/vec4 v00000227ba181670_0;
    %dup/vec4;
    %pushi/vec4 0, 0, 2;
    %cmp/u;
    %jmp/1 T_6.4, 6;
    %dup/vec4;
    %pushi/vec4 1, 0, 2;
    %cmp/u;
    %jmp/1 T_6.5, 6;
    %dup/vec4;
    %pushi/vec4 2, 0, 2;
    %cmp/u;
    %jmp/1 T_6.6, 6;
    %load/vec4 v00000227ba17c0b0_0;
    %parti/s 1, 2, 3;
    %flag_set/vec4 8;
    %jmp/0 T_6.9, 8;
    %pushi/vec4 0, 0, 24;
    %load/vec4 v00000227ba17b930_0;
    %parti/s 8, 24, 6;
    %concat/vec4; draw_concat_vec4
    %jmp/1 T_6.10, 8;
T_6.9 ; End of true expr.
    %load/vec4 v00000227ba17b930_0;
    %parti/s 1, 31, 6;
    %replicate 24;
    %load/vec4 v00000227ba17b930_0;
    %parti/s 8, 24, 6;
    %concat/vec4; draw_concat_vec4
    %jmp/0 T_6.10, 8;
 ; End of false expr.
    %blend;
T_6.10;
    %store/vec4 v00000227ba180db0_0, 0, 32;
    %jmp T_6.8;
T_6.4 ;
    %load/vec4 v00000227ba17c0b0_0;
    %parti/s 1, 2, 3;
    %flag_set/vec4 8;
    %jmp/0 T_6.11, 8;
    %pushi/vec4 0, 0, 24;
    %load/vec4 v00000227ba17b930_0;
    %parti/s 8, 0, 2;
    %concat/vec4; draw_concat_vec4
    %jmp/1 T_6.12, 8;
T_6.11 ; End of true expr.
    %load/vec4 v00000227ba17b930_0;
    %parti/s 1, 7, 4;
    %replicate 24;
    %load/vec4 v00000227ba17b930_0;
    %parti/s 8, 0, 2;
    %concat/vec4; draw_concat_vec4
    %jmp/0 T_6.12, 8;
 ; End of false expr.
    %blend;
T_6.12;
    %store/vec4 v00000227ba180db0_0, 0, 32;
    %jmp T_6.8;
T_6.5 ;
    %load/vec4 v00000227ba17c0b0_0;
    %parti/s 1, 2, 3;
    %flag_set/vec4 8;
    %jmp/0 T_6.13, 8;
    %pushi/vec4 0, 0, 24;
    %load/vec4 v00000227ba17b930_0;
    %parti/s 8, 8, 5;
    %concat/vec4; draw_concat_vec4
    %jmp/1 T_6.14, 8;
T_6.13 ; End of true expr.
    %load/vec4 v00000227ba17b930_0;
    %parti/s 1, 15, 5;
    %replicate 24;
    %load/vec4 v00000227ba17b930_0;
    %parti/s 8, 8, 5;
    %concat/vec4; draw_concat_vec4
    %jmp/0 T_6.14, 8;
 ; End of false expr.
    %blend;
T_6.14;
    %store/vec4 v00000227ba180db0_0, 0, 32;
    %jmp T_6.8;
T_6.6 ;
    %load/vec4 v00000227ba17c0b0_0;
    %parti/s 1, 2, 3;
    %flag_set/vec4 8;
    %jmp/0 T_6.15, 8;
    %pushi/vec4 0, 0, 24;
    %load/vec4 v00000227ba17b930_0;
    %parti/s 8, 16, 6;
    %concat/vec4; draw_concat_vec4
    %jmp/1 T_6.16, 8;
T_6.15 ; End of true expr.
    %load/vec4 v00000227ba17b930_0;
    %parti/s 1, 23, 6;
    %replicate 24;
    %load/vec4 v00000227ba17b930_0;
    %parti/s 8, 16, 6;
    %concat/vec4; draw_concat_vec4
    %jmp/0 T_6.16, 8;
 ; End of false expr.
    %blend;
T_6.16;
    %store/vec4 v00000227ba180db0_0, 0, 32;
    %jmp T_6.8;
T_6.8 ;
    %pop/vec4 1;
    %jmp T_6.3;
T_6.1 ;
    %load/vec4 v00000227ba181670_0;
    %parti/s 1, 1, 2;
    %flag_set/vec4 8;
    %jmp/0 T_6.17, 8;
    %load/vec4 v00000227ba17c0b0_0;
    %parti/s 1, 2, 3;
    %flag_set/vec4 9;
    %jmp/0 T_6.19, 9;
    %pushi/vec4 0, 0, 16;
    %load/vec4 v00000227ba17b930_0;
    %parti/s 16, 16, 6;
    %concat/vec4; draw_concat_vec4
    %jmp/1 T_6.20, 9;
T_6.19 ; End of true expr.
    %load/vec4 v00000227ba17b930_0;
    %parti/s 1, 31, 6;
    %replicate 16;
    %load/vec4 v00000227ba17b930_0;
    %parti/s 16, 16, 6;
    %concat/vec4; draw_concat_vec4
    %jmp/0 T_6.20, 9;
 ; End of false expr.
    %blend;
T_6.20;
    %jmp/1 T_6.18, 8;
T_6.17 ; End of true expr.
    %load/vec4 v00000227ba17c0b0_0;
    %parti/s 1, 2, 3;
    %flag_set/vec4 9;
    %jmp/0 T_6.21, 9;
    %pushi/vec4 0, 0, 16;
    %load/vec4 v00000227ba17b930_0;
    %parti/s 16, 0, 2;
    %concat/vec4; draw_concat_vec4
    %jmp/1 T_6.22, 9;
T_6.21 ; End of true expr.
    %load/vec4 v00000227ba17b930_0;
    %parti/s 1, 15, 5;
    %replicate 16;
    %load/vec4 v00000227ba17b930_0;
    %parti/s 16, 0, 2;
    %concat/vec4; draw_concat_vec4
    %jmp/0 T_6.22, 9;
 ; End of false expr.
    %blend;
T_6.22;
    %jmp/0 T_6.18, 8;
 ; End of false expr.
    %blend;
T_6.18;
    %store/vec4 v00000227ba180db0_0, 0, 32;
    %jmp T_6.3;
T_6.3 ;
    %pop/vec4 1;
    %jmp T_6;
    .thread T_6, $push;
    .scope S_00000227b9c72e30;
T_7 ;
    %pushi/vec4 0, 0, 32;
    %store/vec4 v00000227ba0ecbb0_0, 0, 32;
T_7.0 ;
    %load/vec4 v00000227ba0ecbb0_0;
    %cmpi/s 128, 0, 32;
    %jmp/0xz T_7.1, 5;
    %pushi/vec4 0, 0, 32;
    %ix/getv/s 4, v00000227ba0ecbb0_0;
    %store/vec4a v00000227ba0eccf0, 4, 0;
    %load/vec4 v00000227ba0ecbb0_0;
    %addi 1, 0, 32;
    %store/vec4 v00000227ba0ecbb0_0, 0, 32;
    %jmp T_7.0;
T_7.1 ;
    %end;
    .thread T_7;
    .scope S_00000227b9c72e30;
T_8 ;
    %wait E_00000227ba0ff570;
    %load/vec4 v00000227ba0ed330_0;
    %flag_set/vec4 8;
    %jmp/0xz  T_8.0, 8;
    %load/vec4 v00000227ba0eec30_0;
    %load/vec4 v00000227ba0ed3d0_0;
    %pad/u 9;
    %ix/vec4 3;
    %ix/load 4, 0, 0; Constant delay
    %assign/vec4/a/d v00000227ba0eccf0, 0, 4;
T_8.0 ;
    %jmp T_8;
    .thread T_8;
    .scope S_00000227b9c72e30;
T_9 ;
    %wait E_00000227ba0fed70;
    %load/vec4 v00000227ba0ed3d0_0;
    %pad/u 9;
    %ix/vec4 4;
    %load/vec4a v00000227ba0eccf0, 4;
    %store/vec4 v00000227ba0ee230_0, 0, 32;
    %jmp T_9;
    .thread T_9, $push;
    .scope S_00000227ba10ca60;
T_10 ;
    %pushi/vec4 0, 0, 32;
    %store/vec4 v00000227ba182250_0, 0, 32;
    %end;
    .thread T_10;
    .scope S_00000227ba10ca60;
T_11 ;
    %vpi_call 2 18 "$readmemh", "Test_8_Instr.dat", v00000227ba0ec6b0 {0 0 0};
    %vpi_func 2 20 "$fopen" 32, "results.txt" {0 0 0};
    %store/vec4 v00000227ba182bb0_0, 0, 32;
    %pushi/vec4 1, 0, 1;
    %store/vec4 v00000227ba1817b0_0, 0, 1;
    %pushi/vec4 1, 0, 1;
    %store/vec4 v00000227ba182750_0, 0, 1;
    %delay 5, 0;
    %pushi/vec4 0, 0, 1;
    %store/vec4 v00000227ba182750_0, 0, 1;
    %delay 20, 0;
    %pushi/vec4 1, 0, 1;
    %store/vec4 v00000227ba182750_0, 0, 1;
    %delay 1000, 0;
    %pushi/vec4 7, 0, 5;
    %store/vec4 v00000227ba180950_0, 0, 5;
    %end;
    .thread T_11;
    .scope S_00000227ba10ca60;
T_12 ;
    %delay 50, 0;
    %load/vec4 v00000227ba1817b0_0;
    %inv;
    %store/vec4 v00000227ba1817b0_0, 0, 1;
    %load/vec4 v00000227ba1817b0_0;
    %cmpi/e 1, 0, 1;
    %jmp/0xz  T_12.0, 4;
    %load/vec4 v00000227ba182250_0;
    %cmpi/e 1000, 0, 32;
    %jmp/1 T_12.4, 4;
    %flag_mov 8, 4;
    %load/vec4 v00000227ba17cab0_0;
    %cmpi/e 4294967295, 4294967295, 32;
    %flag_or 6, 8;
    %flag_mov 4, 6;
T_12.4;
    %jmp/0xz  T_12.2, 4;
    %vpi_call 2 36 "$fclose", v00000227ba182bb0_0 {0 0 0};
    %vpi_call 2 37 "$stop" {0 0 0};
    %jmp T_12.3;
T_12.2 ;
    %load/vec4 v00000227ba182d90_0;
    %cmpi/e 72, 0, 32;
    %jmp/0xz  T_12.5, 4;
    %load/vec4 v00000227ba182250_0;
    %addi 1, 0, 32;
    %store/vec4 v00000227ba182250_0, 0, 32;
    %vpi_call 2 42 "$fdisplay", v00000227ba182bb0_0, "pc:\011 %h", v00000227ba182d90_0 {0 0 0};
    %vpi_call 2 43 "$fdisplay", v00000227ba182bb0_0, "instr:\011\011 %h", v00000227ba1829d0_0 {0 0 0};
    %vpi_call 2 44 "$fdisplay", v00000227ba182bb0_0, "rf00-03:\011 %h %h %h %h", 32'sb00000000000000000000000000000000, &A<v00000227ba16a260, 1>, &A<v00000227ba16a260, 2>, &A<v00000227ba16a260, 3> {0 0 0};
    %vpi_call 2 45 "$fdisplay", v00000227ba182bb0_0, "rf04-07:\011 %h %h %h %h", &A<v00000227ba16a260, 4>, &A<v00000227ba16a260, 5>, &A<v00000227ba16a260, 6>, &A<v00000227ba16a260, 7> {0 0 0};
    %vpi_call 2 46 "$fdisplay", v00000227ba182bb0_0, "rf08-11:\011 %h %h %h %h", &A<v00000227ba16a260, 8>, &A<v00000227ba16a260, 9>, &A<v00000227ba16a260, 10>, &A<v00000227ba16a260, 11> {0 0 0};
    %vpi_call 2 47 "$fdisplay", v00000227ba182bb0_0, "rf12-15:\011 %h %h %h %h", &A<v00000227ba16a260, 12>, &A<v00000227ba16a260, 13>, &A<v00000227ba16a260, 14>, &A<v00000227ba16a260, 15> {0 0 0};
    %vpi_call 2 48 "$fdisplay", v00000227ba182bb0_0, "rf16-19:\011 %h %h %h %h", &A<v00000227ba16a260, 16>, &A<v00000227ba16a260, 17>, &A<v00000227ba16a260, 18>, &A<v00000227ba16a260, 19> {0 0 0};
    %vpi_call 2 49 "$fdisplay", v00000227ba182bb0_0, "rf20-23:\011 %h %h %h %h", &A<v00000227ba16a260, 20>, &A<v00000227ba16a260, 21>, &A<v00000227ba16a260, 22>, &A<v00000227ba16a260, 23> {0 0 0};
    %vpi_call 2 50 "$fdisplay", v00000227ba182bb0_0, "rf24-27:\011 %h %h %h %h", &A<v00000227ba16a260, 24>, &A<v00000227ba16a260, 25>, &A<v00000227ba16a260, 26>, &A<v00000227ba16a260, 27> {0 0 0};
    %vpi_call 2 51 "$fdisplay", v00000227ba182bb0_0, "rf28-31:\011 %h %h %h %h", &A<v00000227ba16a260, 28>, &A<v00000227ba16a260, 29>, &A<v00000227ba16a260, 30>, &A<v00000227ba16a260, 31> {0 0 0};
    %vpi_call 2 53 "$fclose", v00000227ba182bb0_0 {0 0 0};
    %vpi_call 2 54 "$stop" {0 0 0};
    %jmp T_12.6;
T_12.5 ;
    %load/vec4 v00000227ba182250_0;
    %addi 1, 0, 32;
    %store/vec4 v00000227ba182250_0, 0, 32;
    %vpi_call 2 58 "$display", "pc: %h", v00000227ba17c510_0 {0 0 0};
    %vpi_call 2 59 "$display", "instr: %h", v00000227ba182430_0 {0 0 0};
T_12.6 ;
T_12.3 ;
T_12.0 ;
    %jmp T_12;
    .thread T_12;
# The file index is used to find the file name in the following table.
:file_names 13;
    "N/A";
    "<interactive>";
    "sccomp_tb.v";
    "./sccomp.v";
    "./dm.v";
    "./im.v";
    "./SCPU.v";
    "./EXT.v";
    "./NPC_Unit.v";
    "./PC_Unit.v";
    "./RF.v";
    "./alu.v";
    "./ctrl.v";
